Var1	Var2	value
1	V1	1
2	V1	0.613636363636364
3	V1	0.511363636363636
4	V1	0.556818181818182
5	V1	0.545454545454545
6	V1	0.602272727272727
7	V1	0.581395348837209
8	V1	0.647727272727273
9	V1	0.616279069767442
10	V1	0.625
11	V1	0.602272727272727
12	V1	0.579545454545455
13	V1	0.63953488372093
14	V1	0.568181818181818
15	V1	0.613636363636364
16	V1	0.579545454545455
17	V1	0.522727272727273
18	V1	0.616279069767442
19	V1	0.590909090909091
20	V1	0.556818181818182
21	V1	0.568181818181818
22	V1	0.556818181818182
23	V1	0.602272727272727
24	V1	0.613636363636364
25	V1	0.613636363636364
26	V1	0.693181818181818
27	V1	0.693181818181818
28	V1	0.568181818181818
29	V1	0.556818181818182
30	V1	0.556818181818182
31	V1	0.602272727272727
32	V1	0.545454545454545
33	V1	0.556818181818182
34	V1	0.556818181818182
35	V1	0.564102564102564
36	V1	0.58974358974359
37	V1	0.558139534883721
38	V1	0.625
39	V1	0.682926829268293
40	V1	0.6625
41	V1	0.58974358974359
42	V1	0.474358974358974
43	V1	0.585365853658537
44	V1	0.527777777777778
45	V1	0.613636363636364
46	V1	0.522727272727273
47	V1	0.590909090909091
48	V1	0.534883720930233
49	V1	0.602272727272727
50	V1	0.545454545454545
51	V1	0.477272727272727
52	V1	0.604651162790698
53	V1	0.681818181818182
54	V1	0.662790697674419
55	V1	0.670454545454545
56	V1	0.568181818181818
57	V1	0.704545454545455
58	V1	0.579545454545455
59	V1	0.590909090909091
60	V1	0.522727272727273
61	V1	0.568181818181818
62	V1	0.613636363636364
63	V1	0.636363636363636
64	V1	0.625
65	V1	0.625
66	V1	0.602272727272727
67	V1	0.568181818181818
68	V1	0.545454545454545
69	V1	0.625
70	V1	0.465909090909091
71	V1	0.522727272727273
72	V1	0.602272727272727
73	V1	0.590909090909091
74	V1	0.647727272727273
75	V1	0.674418604651163
76	V1	0.545454545454545
77	V1	0.613636363636364
78	V1	0.613636363636364
79	V1	0.568181818181818
80	V1	0.579545454545455
81	V1	0.613636363636364
82	V1	0.511627906976744
83	V1	0.534090909090909
84	V1	0.556818181818182
85	V1	0.579545454545455
86	V1	0.568181818181818
87	V1	0.613636363636364
88	V1	0.636363636363636
89	V1	0.636363636363636
90	V1	0.625
91	V1	0.670454545454545
92	V1	0.534090909090909
93	V1	0.693181818181818
94	V1	0.602272727272727
95	V1	0.613636363636364
96	V1	0.738636363636364
97	V1	0.625
98	V1	0.651162790697674
99	V1	0.546511627906977
100	V1	0.715909090909091
101	V1	0.511363636363636
102	V1	0.590909090909091
103	V1	0.590909090909091
104	V1	0.545454545454545
105	V1	0.625
106	V1	0.590909090909091
107	V1	0.5
108	V1	0.636363636363636
109	V1	0.659090909090909
110	V1	0.545454545454545
111	V1	0.636363636363636
112	V1	0.545454545454545
113	V1	0.556818181818182
114	V1	0.556818181818182
115	V1	0.522727272727273
116	V1	0.579545454545455
117	V1	0.556818181818182
118	V1	0.625
119	V1	0.681818181818182
120	V1	0.534883720930233
121	V1	0.590909090909091
122	V1	0.613636363636364
123	V1	0.568181818181818
124	V1	0.613636363636364
125	V1	0.636363636363636
126	V1	0.488636363636364
127	V1	0.613636363636364
128	V1	0.613636363636364
129	V1	0.613636363636364
130	V1	0.568181818181818
131	V1	0.613636363636364
132	V1	0.647727272727273
133	V1	0.579545454545455
134	V1	0.613636363636364
135	V1	0.579545454545455
136	V1	0.636363636363636
137	V1	0.602272727272727
138	V1	0.627906976744186
139	V1	0.613636363636364
140	V1	0.681818181818182
141	V1	0.579545454545455
142	V1	0.590909090909091
143	V1	0.647727272727273
144	V1	0.590909090909091
145	V1	0.590909090909091
146	V1	0.545454545454545
147	V1	0.636363636363636
148	V1	0.568181818181818
149	V1	0.545454545454545
1	V2	0.613636363636364
2	V2	1
3	V2	0.534090909090909
4	V2	0.647727272727273
5	V2	0.568181818181818
6	V2	0.602272727272727
7	V2	0.63953488372093
8	V2	0.556818181818182
9	V2	0.686046511627907
10	V2	0.534090909090909
11	V2	0.625
12	V2	0.556818181818182
13	V2	0.558139534883721
14	V2	0.590909090909091
15	V2	0.590909090909091
16	V2	0.602272727272727
17	V2	0.545454545454545
18	V2	0.581395348837209
19	V2	0.613636363636364
20	V2	0.625
21	V2	0.545454545454545
22	V2	0.579545454545455
23	V2	0.625
24	V2	0.613636363636364
25	V2	0.613636363636364
26	V2	0.670454545454545
27	V2	0.579545454545455
28	V2	0.613636363636364
29	V2	0.556818181818182
30	V2	0.625
31	V2	0.602272727272727
32	V2	0.522727272727273
33	V2	0.556818181818182
34	V2	0.625
35	V2	0.564102564102564
36	V2	0.628205128205128
37	V2	0.616279069767442
38	V2	0.602272727272727
39	V2	0.634146341463415
40	V2	0.5625
41	V2	0.628205128205128
42	V2	0.564102564102564
43	V2	0.560975609756098
44	V2	0.611111111111111
45	V2	0.636363636363636
46	V2	0.545454545454545
47	V2	0.613636363636364
48	V2	0.558139534883721
49	V2	0.534090909090909
50	V2	0.545454545454545
51	V2	0.5
52	V2	0.546511627906977
53	V2	0.568181818181818
54	V2	0.558139534883721
55	V2	0.625
56	V2	0.636363636363636
57	V2	0.545454545454545
58	V2	0.534090909090909
59	V2	0.522727272727273
60	V2	0.5
61	V2	0.545454545454545
62	V2	0.636363636363636
63	V2	0.477272727272727
64	V2	0.693181818181818
65	V2	0.556818181818182
66	V2	0.625
67	V2	0.727272727272727
68	V2	0.590909090909091
69	V2	0.534090909090909
70	V2	0.534090909090909
71	V2	0.613636363636364
72	V2	0.647727272727273
73	V2	0.5
74	V2	0.511363636363636
75	V2	0.523255813953488
76	V2	0.613636363636364
77	V2	0.590909090909091
78	V2	0.5
79	V2	0.568181818181818
80	V2	0.602272727272727
81	V2	0.590909090909091
82	V2	0.581395348837209
83	V2	0.488636363636364
84	V2	0.511363636363636
85	V2	0.534090909090909
86	V2	0.613636363636364
87	V2	0.590909090909091
88	V2	0.590909090909091
89	V2	0.613636363636364
90	V2	0.534090909090909
91	V2	0.625
92	V2	0.556818181818182
93	V2	0.670454545454545
94	V2	0.602272727272727
95	V2	0.5
96	V2	0.602272727272727
97	V2	0.579545454545455
98	V2	0.546511627906977
99	V2	0.534883720930233
100	V2	0.602272727272727
101	V2	0.534090909090909
102	V2	0.613636363636364
103	V2	0.477272727272727
104	V2	0.5
105	V2	0.625
106	V2	0.613636363636364
107	V2	0.5
108	V2	0.636363636363636
109	V2	0.636363636363636
110	V2	0.590909090909091
111	V2	0.522727272727273
112	V2	0.590909090909091
113	V2	0.579545454545455
114	V2	0.625
115	V2	0.636363636363636
116	V2	0.556818181818182
117	V2	0.534090909090909
118	V2	0.579545454545455
119	V2	0.613636363636364
120	V2	0.627906976744186
121	V2	0.590909090909091
122	V2	0.613636363636364
123	V2	0.5
124	V2	0.590909090909091
125	V2	0.636363636363636
126	V2	0.534090909090909
127	V2	0.568181818181818
128	V2	0.613636363636364
129	V2	0.636363636363636
130	V2	0.545454545454545
131	V2	0.636363636363636
132	V2	0.602272727272727
133	V2	0.488636363636364
134	V2	0.613636363636364
135	V2	0.625
136	V2	0.613636363636364
137	V2	0.625
138	V2	0.662790697674419
139	V2	0.5
140	V2	0.568181818181818
141	V2	0.443181818181818
142	V2	0.545454545454545
143	V2	0.534090909090909
144	V2	0.568181818181818
145	V2	0.522727272727273
146	V2	0.545454545454545
147	V2	0.636363636363636
148	V2	0.613636363636364
149	V2	0.568181818181818
1	V3	0.511363636363636
2	V3	0.534090909090909
3	V3	1
4	V3	0.590909090909091
5	V3	0.715909090909091
6	V3	0.636363636363636
7	V3	0.63953488372093
8	V3	0.613636363636364
9	V3	0.534883720930233
10	V3	0.636363636363636
11	V3	0.545454545454545
12	V3	0.681818181818182
13	V3	0.63953488372093
14	V3	0.579545454545455
15	V3	0.511363636363636
16	V3	0.545454545454545
17	V3	0.693181818181818
18	V3	0.651162790697674
19	V3	0.488636363636364
20	V3	0.636363636363636
21	V3	0.579545454545455
22	V3	0.590909090909091
23	V3	0.590909090909091
24	V3	0.556818181818182
25	V3	0.579545454545455
26	V3	0.659090909090909
27	V3	0.590909090909091
28	V3	0.625
29	V3	0.590909090909091
30	V3	0.613636363636364
31	V3	0.568181818181818
32	V3	0.625
33	V3	0.613636363636364
34	V3	0.568181818181818
35	V3	0.602564102564103
36	V3	0.564102564102564
37	V3	0.616279069767442
38	V3	0.613636363636364
39	V3	0.548780487804878
40	V3	0.5875
41	V3	0.576923076923077
42	V3	0.615384615384615
43	V3	0.621951219512195
44	V3	0.541666666666667
45	V3	0.602272727272727
46	V3	0.602272727272727
47	V3	0.579545454545455
48	V3	0.63953488372093
49	V3	0.636363636363636
50	V3	0.715909090909091
51	V3	0.670454545454545
52	V3	0.593023255813954
53	V3	0.579545454545455
54	V3	0.593023255813954
55	V3	0.613636363636364
56	V3	0.534090909090909
57	V3	0.556818181818182
58	V3	0.636363636363636
59	V3	0.670454545454545
60	V3	0.625
61	V3	0.625
62	V3	0.693181818181818
63	V3	0.534090909090909
64	V3	0.590909090909091
65	V3	0.636363636363636
66	V3	0.545454545454545
67	V3	0.647727272727273
68	V3	0.670454545454545
69	V3	0.568181818181818
70	V3	0.590909090909091
71	V3	0.602272727272727
72	V3	0.636363636363636
73	V3	0.625
74	V3	0.545454545454545
75	V3	0.604651162790698
76	V3	0.602272727272727
77	V3	0.579545454545455
78	V3	0.602272727272727
79	V3	0.556818181818182
80	V3	0.5
81	V3	0.693181818181818
82	V3	0.616279069767442
83	V3	0.636363636363636
84	V3	0.659090909090909
85	V3	0.636363636363636
86	V3	0.602272727272727
87	V3	0.579545454545455
88	V3	0.556818181818182
89	V3	0.647727272727273
90	V3	0.613636363636364
91	V3	0.568181818181818
92	V3	0.636363636363636
93	V3	0.545454545454545
94	V3	0.545454545454545
95	V3	0.602272727272727
96	V3	0.545454545454545
97	V3	0.636363636363636
98	V3	0.616279069767442
99	V3	0.63953488372093
100	V3	0.590909090909091
101	V3	0.704545454545455
102	V3	0.556818181818182
103	V3	0.556818181818182
104	V3	0.534090909090909
105	V3	0.590909090909091
106	V3	0.693181818181818
107	V3	0.625
108	V3	0.670454545454545
109	V3	0.488636363636364
110	V3	0.693181818181818
111	V3	0.534090909090909
112	V3	0.625
113	V3	0.659090909090909
114	V3	0.522727272727273
115	V3	0.670454545454545
116	V3	0.75
117	V3	0.659090909090909
118	V3	0.568181818181818
119	V3	0.625
120	V3	0.523255813953488
121	V3	0.625
122	V3	0.625
123	V3	0.556818181818182
124	V3	0.625
125	V3	0.602272727272727
126	V3	0.522727272727273
127	V3	0.647727272727273
128	V3	0.670454545454545
129	V3	0.625
130	V3	0.579545454545455
131	V3	0.670454545454545
132	V3	0.636363636363636
133	V3	0.568181818181818
134	V3	0.579545454545455
135	V3	0.590909090909091
136	V3	0.602272727272727
137	V3	0.545454545454545
138	V3	0.63953488372093
139	V3	0.625
140	V3	0.602272727272727
141	V3	0.568181818181818
142	V3	0.647727272727273
143	V3	0.613636363636364
144	V3	0.534090909090909
145	V3	0.647727272727273
146	V3	0.625
147	V3	0.670454545454545
148	V3	0.602272727272727
149	V3	0.625
1	V4	0.556818181818182
2	V4	0.647727272727273
3	V4	0.590909090909091
4	V4	1
5	V4	0.715909090909091
6	V4	0.613636363636364
7	V4	0.63953488372093
8	V4	0.636363636363636
9	V4	0.616279069767442
10	V4	0.545454545454545
11	V4	0.659090909090909
12	V4	0.613636363636364
13	V4	0.546511627906977
14	V4	0.625
15	V4	0.647727272727273
16	V4	0.681818181818182
17	V4	0.602272727272727
18	V4	0.651162790697674
19	V4	0.556818181818182
20	V4	0.727272727272727
21	V4	0.556818181818182
22	V4	0.659090909090909
23	V4	0.613636363636364
24	V4	0.647727272727273
25	V4	0.579545454545455
26	V4	0.659090909090909
27	V4	0.681818181818182
28	V4	0.625
29	V4	0.636363636363636
30	V4	0.659090909090909
31	V4	0.636363636363636
32	V4	0.602272727272727
33	V4	0.681818181818182
34	V4	0.613636363636364
35	V4	0.576923076923077
36	V4	0.666666666666667
37	V4	0.476744186046512
38	V4	0.704545454545455
39	V4	0.609756097560976
40	V4	0.575
41	V4	0.653846153846154
42	V4	0.705128205128205
43	V4	0.634146341463415
44	V4	0.722222222222222
45	V4	0.602272727272727
46	V4	0.625
47	V4	0.625
48	V4	0.627906976744186
49	V4	0.636363636363636
50	V4	0.579545454545455
51	V4	0.602272727272727
52	V4	0.63953488372093
53	V4	0.647727272727273
54	V4	0.523255813953488
55	V4	0.636363636363636
56	V4	0.579545454545455
57	V4	0.579545454545455
58	V4	0.613636363636364
59	V4	0.511363636363636
60	V4	0.579545454545455
61	V4	0.579545454545455
62	V4	0.602272727272727
63	V4	0.670454545454545
64	V4	0.568181818181818
65	V4	0.636363636363636
66	V4	0.545454545454545
67	V4	0.602272727272727
68	V4	0.579545454545455
69	V4	0.568181818181818
70	V4	0.613636363636364
71	V4	0.579545454545455
72	V4	0.522727272727273
73	V4	0.602272727272727
74	V4	0.590909090909091
75	V4	0.627906976744186
76	V4	0.647727272727273
77	V4	0.579545454545455
78	V4	0.556818181818182
79	V4	0.602272727272727
80	V4	0.590909090909091
81	V4	0.602272727272727
82	V4	0.627906976744186
83	V4	0.613636363636364
84	V4	0.590909090909091
85	V4	0.681818181818182
86	V4	0.579545454545455
87	V4	0.534090909090909
88	V4	0.579545454545455
89	V4	0.647727272727273
90	V4	0.659090909090909
91	V4	0.590909090909091
92	V4	0.613636363636364
93	V4	0.636363636363636
94	V4	0.590909090909091
95	V4	0.602272727272727
96	V4	0.659090909090909
97	V4	0.613636363636364
98	V4	0.569767441860465
99	V4	0.569767441860465
100	V4	0.636363636363636
101	V4	0.613636363636364
102	V4	0.625
103	V4	0.556818181818182
104	V4	0.625
105	V4	0.568181818181818
106	V4	0.647727272727273
107	V4	0.647727272727273
108	V4	0.625
109	V4	0.647727272727273
110	V4	0.579545454545455
111	V4	0.602272727272727
112	V4	0.670454545454545
113	V4	0.613636363636364
114	V4	0.727272727272727
115	V4	0.602272727272727
116	V4	0.636363636363636
117	V4	0.613636363636364
118	V4	0.636363636363636
119	V4	0.556818181818182
120	V4	0.674418604651163
121	V4	0.579545454545455
122	V4	0.693181818181818
123	V4	0.602272727272727
124	V4	0.670454545454545
125	V4	0.693181818181818
126	V4	0.522727272727273
127	V4	0.647727272727273
128	V4	0.693181818181818
129	V4	0.715909090909091
130	V4	0.602272727272727
131	V4	0.625
132	V4	0.659090909090909
133	V4	0.590909090909091
134	V4	0.625
135	V4	0.659090909090909
136	V4	0.625
137	V4	0.636363636363636
138	V4	0.593023255813954
139	V4	0.625
140	V4	0.670454545454545
141	V4	0.613636363636364
142	V4	0.670454545454545
143	V4	0.613636363636364
144	V4	0.579545454545455
145	V4	0.602272727272727
146	V4	0.602272727272727
147	V4	0.625
148	V4	0.602272727272727
149	V4	0.670454545454545
1	V5	0.545454545454545
2	V5	0.568181818181818
3	V5	0.715909090909091
4	V5	0.715909090909091
5	V5	1
6	V5	0.647727272727273
7	V5	0.674418604651163
8	V5	0.715909090909091
9	V5	0.593023255813954
10	V5	0.602272727272727
11	V5	0.715909090909091
12	V5	0.602272727272727
13	V5	0.627906976744186
14	V5	0.613636363636364
15	V5	0.590909090909091
16	V5	0.625
17	V5	0.704545454545455
18	V5	0.686046511627907
19	V5	0.613636363636364
20	V5	0.693181818181818
21	V5	0.613636363636364
22	V5	0.693181818181818
23	V5	0.602272727272727
24	V5	0.636363636363636
25	V5	0.613636363636364
26	V5	0.670454545454545
27	V5	0.602272727272727
28	V5	0.636363636363636
29	V5	0.693181818181818
30	V5	0.693181818181818
31	V5	0.647727272727273
32	V5	0.590909090909091
33	V5	0.670454545454545
34	V5	0.602272727272727
35	V5	0.641025641025641
36	V5	0.692307692307692
37	V5	0.604651162790698
38	V5	0.715909090909091
39	V5	0.634146341463415
40	V5	0.65
41	V5	0.628205128205128
42	V5	0.692307692307692
43	V5	0.75609756097561
44	V5	0.611111111111111
45	V5	0.681818181818182
46	V5	0.659090909090909
47	V5	0.659090909090909
48	V5	0.686046511627907
49	V5	0.647727272727273
50	V5	0.75
51	V5	0.704545454545455
52	V5	0.709302325581395
53	V5	0.659090909090909
54	V5	0.581395348837209
55	V5	0.693181818181818
56	V5	0.545454545454545
57	V5	0.659090909090909
58	V5	0.670454545454545
59	V5	0.590909090909091
60	V5	0.659090909090909
61	V5	0.613636363636364
62	V5	0.568181818181818
63	V5	0.590909090909091
64	V5	0.602272727272727
65	V5	0.670454545454545
66	V5	0.556818181818182
67	V5	0.681818181818182
68	V5	0.681818181818182
69	V5	0.556818181818182
70	V5	0.579545454545455
71	V5	0.659090909090909
72	V5	0.579545454545455
73	V5	0.636363636363636
74	V5	0.579545454545455
75	V5	0.616279069767442
76	V5	0.681818181818182
77	V5	0.681818181818182
78	V5	0.659090909090909
79	V5	0.613636363636364
80	V5	0.625
81	V5	0.704545454545455
82	V5	0.697674418604651
83	V5	0.556818181818182
84	V5	0.647727272727273
85	V5	0.693181818181818
86	V5	0.590909090909091
87	V5	0.613636363636364
88	V5	0.613636363636364
89	V5	0.727272727272727
90	V5	0.670454545454545
91	V5	0.602272727272727
92	V5	0.602272727272727
93	V5	0.625
94	V5	0.579545454545455
95	V5	0.636363636363636
96	V5	0.647727272727273
97	V5	0.647727272727273
98	V5	0.604651162790698
99	V5	0.581395348837209
100	V5	0.602272727272727
101	V5	0.693181818181818
102	V5	0.659090909090909
103	V5	0.659090909090909
104	V5	0.613636363636364
105	V5	0.602272727272727
106	V5	0.75
107	V5	0.681818181818182
108	V5	0.681818181818182
109	V5	0.568181818181818
110	V5	0.636363636363636
111	V5	0.681818181818182
112	V5	0.659090909090909
113	V5	0.625
114	V5	0.579545454545455
115	V5	0.636363636363636
116	V5	0.738636363636364
117	V5	0.715909090909091
118	V5	0.625
119	V5	0.659090909090909
120	V5	0.674418604651163
121	V5	0.636363636363636
122	V5	0.704545454545455
123	V5	0.613636363636364
124	V5	0.704545454545455
125	V5	0.659090909090909
126	V5	0.625
127	V5	0.704545454545455
128	V5	0.727272727272727
129	V5	0.681818181818182
130	V5	0.704545454545455
131	V5	0.681818181818182
132	V5	0.738636363636364
133	V5	0.602272727272727
134	V5	0.590909090909091
135	V5	0.693181818181818
136	V5	0.590909090909091
137	V5	0.625
138	V5	0.674418604651163
139	V5	0.636363636363636
140	V5	0.613636363636364
141	V5	0.670454545454545
142	V5	0.772727272727273
143	V5	0.647727272727273
144	V5	0.590909090909091
145	V5	0.659090909090909
146	V5	0.659090909090909
147	V5	0.681818181818182
148	V5	0.659090909090909
149	V5	0.704545454545455
1	V6	0.602272727272727
2	V6	0.602272727272727
3	V6	0.636363636363636
4	V6	0.613636363636364
5	V6	0.647727272727273
6	V6	1
7	V6	0.63953488372093
8	V6	0.704545454545455
9	V6	0.546511627906977
10	V6	0.659090909090909
11	V6	0.659090909090909
12	V6	0.659090909090909
13	V6	0.63953488372093
14	V6	0.625
15	V6	0.602272727272727
16	V6	0.590909090909091
17	V6	0.625
18	V6	0.604651162790698
19	V6	0.556818181818182
20	V6	0.590909090909091
21	V6	0.579545454545455
22	V6	0.568181818181818
23	V6	0.590909090909091
24	V6	0.647727272727273
25	V6	0.715909090909091
26	V6	0.636363636363636
27	V6	0.636363636363636
28	V6	0.647727272727273
29	V6	0.5
30	V6	0.636363636363636
31	V6	0.522727272727273
32	V6	0.602272727272727
33	V6	0.590909090909091
34	V6	0.590909090909091
35	V6	0.628205128205128
36	V6	0.653846153846154
37	V6	0.546511627906977
38	V6	0.659090909090909
39	V6	0.573170731707317
40	V6	0.55
41	V6	0.576923076923077
42	V6	0.58974358974359
43	V6	0.609756097560976
44	V6	0.513888888888889
45	V6	0.579545454545455
46	V6	0.511363636363636
47	V6	0.625
48	V6	0.616279069767442
49	V6	0.613636363636364
50	V6	0.579545454545455
51	V6	0.625
52	V6	0.558139534883721
53	V6	0.670454545454545
54	V6	0.593023255813954
55	V6	0.613636363636364
56	V6	0.556818181818182
57	V6	0.602272727272727
58	V6	0.545454545454545
59	V6	0.579545454545455
60	V6	0.534090909090909
61	V6	0.556818181818182
62	V6	0.511363636363636
63	V6	0.534090909090909
64	V6	0.590909090909091
65	V6	0.613636363636364
66	V6	0.636363636363636
67	V6	0.693181818181818
68	V6	0.670454545454545
69	V6	0.568181818181818
70	V6	0.545454545454545
71	V6	0.647727272727273
72	V6	0.545454545454545
73	V6	0.511363636363636
74	V6	0.568181818181818
75	V6	0.627906976744186
76	V6	0.693181818181818
77	V6	0.647727272727273
78	V6	0.647727272727273
79	V6	0.602272727272727
80	V6	0.545454545454545
81	V6	0.602272727272727
82	V6	0.581395348837209
83	V6	0.659090909090909
84	V6	0.590909090909091
85	V6	0.636363636363636
86	V6	0.534090909090909
87	V6	0.602272727272727
88	V6	0.602272727272727
89	V6	0.511363636363636
90	V6	0.590909090909091
91	V6	0.613636363636364
92	V6	0.681818181818182
93	V6	0.704545454545455
94	V6	0.590909090909091
95	V6	0.647727272727273
96	V6	0.568181818181818
97	V6	0.659090909090909
98	V6	0.581395348837209
99	V6	0.63953488372093
100	V6	0.522727272727273
101	V6	0.613636363636364
102	V6	0.579545454545455
103	V6	0.556818181818182
104	V6	0.534090909090909
105	V6	0.636363636363636
106	V6	0.625
107	V6	0.579545454545455
108	V6	0.670454545454545
109	V6	0.625
110	V6	0.625
111	V6	0.647727272727273
112	V6	0.602272727272727
113	V6	0.568181818181818
114	V6	0.636363636363636
115	V6	0.602272727272727
116	V6	0.636363636363636
117	V6	0.522727272727273
118	V6	0.545454545454545
119	V6	0.625
120	V6	0.63953488372093
121	V6	0.715909090909091
122	V6	0.602272727272727
123	V6	0.534090909090909
124	V6	0.647727272727273
125	V6	0.625
126	V6	0.636363636363636
127	V6	0.579545454545455
128	V6	0.715909090909091
129	V6	0.693181818181818
130	V6	0.534090909090909
131	V6	0.602272727272727
132	V6	0.522727272727273
133	V6	0.659090909090909
134	V6	0.534090909090909
135	V6	0.636363636363636
136	V6	0.647727272727273
137	V6	0.545454545454545
138	V6	0.558139534883721
139	V6	0.579545454545455
140	V6	0.534090909090909
141	V6	0.636363636363636
142	V6	0.647727272727273
143	V6	0.522727272727273
144	V6	0.602272727272727
145	V6	0.647727272727273
146	V6	0.625
147	V6	0.670454545454545
148	V6	0.625
149	V6	0.602272727272727
1	V7	0.647727272727273
2	V7	0.556818181818182
3	V7	0.613636363636364
4	V7	0.636363636363636
5	V7	0.715909090909091
6	V7	0.704545454545455
7	V7	0.709302325581395
8	V7	1
9	V7	0.593023255813954
10	V7	0.704545454545455
11	V7	0.704545454545455
12	V7	0.681818181818182
13	V7	0.627906976744186
14	V7	0.647727272727273
15	V7	0.670454545454545
16	V7	0.613636363636364
17	V7	0.670454545454545
18	V7	0.697674418604651
19	V7	0.625
20	V7	0.704545454545455
21	V7	0.693181818181818
22	V7	0.704545454545455
23	V7	0.681818181818182
24	V7	0.579545454545455
25	V7	0.625
26	V7	0.704545454545455
27	V7	0.704545454545455
28	V7	0.784090909090909
29	V7	0.636363636363636
30	V7	0.659090909090909
31	V7	0.681818181818182
32	V7	0.625
33	V7	0.681818181818182
34	V7	0.681818181818182
35	V7	0.705128205128205
36	V7	0.67948717948718
37	V7	0.662790697674419
38	V7	0.795454545454545
39	V7	0.682926829268293
40	V7	0.6625
41	V7	0.717948717948718
42	V7	0.653846153846154
43	V7	0.719512195121951
44	V7	0.625
45	V7	0.670454545454545
46	V7	0.579545454545455
47	V7	0.738636363636364
48	V7	0.651162790697674
49	V7	0.636363636363636
50	V7	0.647727272727273
51	V7	0.647727272727273
52	V7	0.662790697674419
53	V7	0.693181818181818
54	V7	0.651162790697674
55	V7	0.659090909090909
56	V7	0.670454545454545
57	V7	0.647727272727273
58	V7	0.636363636363636
59	V7	0.625
60	V7	0.670454545454545
61	V7	0.715909090909091
62	V7	0.602272727272727
63	V7	0.579545454545455
64	V7	0.704545454545455
65	V7	0.659090909090909
66	V7	0.659090909090909
67	V7	0.670454545454545
68	V7	0.625
69	V7	0.659090909090909
70	V7	0.590909090909091
71	V7	0.647727272727273
72	V7	0.659090909090909
73	V7	0.647727272727273
74	V7	0.613636363636364
75	V7	0.686046511627907
76	V7	0.647727272727273
77	V7	0.738636363636364
78	V7	0.670454545454545
79	V7	0.625
80	V7	0.681818181818182
81	V7	0.625
82	V7	0.627906976744186
83	V7	0.659090909090909
84	V7	0.704545454545455
85	V7	0.704545454545455
86	V7	0.625
87	V7	0.625
88	V7	0.693181818181818
89	V7	0.556818181818182
90	V7	0.681818181818182
91	V7	0.727272727272727
92	V7	0.613636363636364
93	V7	0.75
94	V7	0.636363636363636
95	V7	0.693181818181818
96	V7	0.704545454545455
97	V7	0.727272727272727
98	V7	0.709302325581395
99	V7	0.674418604651163
100	V7	0.681818181818182
101	V7	0.636363636363636
102	V7	0.647727272727273
103	V7	0.670454545454545
104	V7	0.602272727272727
105	V7	0.659090909090909
106	V7	0.670454545454545
107	V7	0.602272727272727
108	V7	0.670454545454545
109	V7	0.647727272727273
110	V7	0.715909090909091
111	V7	0.670454545454545
112	V7	0.693181818181818
113	V7	0.659090909090909
114	V7	0.568181818181818
115	V7	0.579545454545455
116	V7	0.727272727272727
117	V7	0.613636363636364
118	V7	0.636363636363636
119	V7	0.693181818181818
120	V7	0.581395348837209
121	V7	0.647727272727273
122	V7	0.670454545454545
123	V7	0.602272727272727
124	V7	0.670454545454545
125	V7	0.625
126	V7	0.636363636363636
127	V7	0.738636363636364
128	V7	0.693181818181818
129	V7	0.693181818181818
130	V7	0.647727272727273
131	V7	0.625
132	V7	0.636363636363636
133	V7	0.659090909090909
134	V7	0.602272727272727
135	V7	0.75
136	V7	0.670454545454545
137	V7	0.590909090909091
138	V7	0.63953488372093
139	V7	0.647727272727273
140	V7	0.625
141	V7	0.659090909090909
142	V7	0.715909090909091
143	V7	0.727272727272727
144	V7	0.647727272727273
145	V7	0.693181818181818
146	V7	0.670454545454545
147	V7	0.670454545454545
148	V7	0.693181818181818
149	V7	0.579545454545455
1	V8	0.590909090909091
2	V8	0.636363636363636
3	V8	0.647727272727273
4	V8	0.647727272727273
5	V8	0.681818181818182
6	V8	0.625
7	V8	0.988372093023256
8	V8	0.715909090909091
9	V8	0.523255813953488
10	V8	0.693181818181818
11	V8	0.670454545454545
12	V8	0.670454545454545
13	V8	0.558139534883721
14	V8	0.636363636363636
15	V8	0.568181818181818
16	V8	0.625
17	V8	0.636363636363636
18	V8	0.651162790697674
19	V8	0.613636363636364
20	V8	0.670454545454545
21	V8	0.613636363636364
22	V8	0.647727272727273
23	V8	0.625
24	V8	0.568181818181818
25	V8	0.659090909090909
26	V8	0.670454545454545
27	V8	0.647727272727273
28	V8	0.681818181818182
29	V8	0.602272727272727
30	V8	0.579545454545455
31	V8	0.647727272727273
32	V8	0.613636363636364
33	V8	0.556818181818182
34	V8	0.625
35	V8	0.564102564102564
36	V8	0.602564102564103
37	V8	0.523255813953488
38	V8	0.625
39	V8	0.609756097560976
40	V8	0.65
41	V8	0.653846153846154
42	V8	0.512820512820513
43	V8	0.658536585365854
44	V8	0.638888888888889
45	V8	0.636363636363636
46	V8	0.590909090909091
47	V8	0.568181818181818
48	V8	0.593023255813954
49	V8	0.625
50	V8	0.613636363636364
51	V8	0.613636363636364
52	V8	0.604651162790698
53	V8	0.636363636363636
54	V8	0.534883720930233
55	V8	0.647727272727273
56	V8	0.681818181818182
57	V8	0.613636363636364
58	V8	0.647727272727273
59	V8	0.636363636363636
60	V8	0.590909090909091
61	V8	0.568181818181818
62	V8	0.659090909090909
63	V8	0.568181818181818
64	V8	0.761363636363636
65	V8	0.670454545454545
66	V8	0.602272727272727
67	V8	0.613636363636364
68	V8	0.568181818181818
69	V8	0.579545454545455
70	V8	0.647727272727273
71	V8	0.636363636363636
72	V8	0.602272727272727
73	V8	0.568181818181818
74	V8	0.556818181818182
75	V8	0.63953488372093
76	V8	0.613636363636364
77	V8	0.636363636363636
78	V8	0.522727272727273
79	V8	0.636363636363636
80	V8	0.602272727272727
81	V8	0.704545454545455
82	V8	0.581395348837209
83	V8	0.602272727272727
84	V8	0.693181818181818
85	V8	0.715909090909091
86	V8	0.636363636363636
87	V8	0.590909090909091
88	V8	0.636363636363636
89	V8	0.636363636363636
90	V8	0.670454545454545
91	V8	0.647727272727273
92	V8	0.602272727272727
93	V8	0.670454545454545
94	V8	0.602272727272727
95	V8	0.545454545454545
96	V8	0.647727272727273
97	V8	0.693181818181818
98	V8	0.63953488372093
99	V8	0.581395348837209
100	V8	0.625
101	V8	0.670454545454545
102	V8	0.613636363636364
103	V8	0.659090909090909
104	V8	0.590909090909091
105	V8	0.625
106	V8	0.613636363636364
107	V8	0.545454545454545
108	V8	0.659090909090909
109	V8	0.613636363636364
110	V8	0.636363636363636
111	V8	0.590909090909091
112	V8	0.636363636363636
113	V8	0.625
114	V8	0.534090909090909
115	V8	0.636363636363636
116	V8	0.670454545454545
117	V8	0.647727272727273
118	V8	0.602272727272727
119	V8	0.636363636363636
120	V8	0.604651162790698
121	V8	0.613636363636364
122	V8	0.636363636363636
123	V8	0.545454545454545
124	V8	0.659090909090909
125	V8	0.659090909090909
126	V8	0.556818181818182
127	V8	0.636363636363636
128	V8	0.636363636363636
129	V8	0.75
130	V8	0.681818181818182
131	V8	0.613636363636364
132	V8	0.579545454545455
133	V8	0.579545454545455
134	V8	0.704545454545455
135	V8	0.647727272727273
136	V8	0.659090909090909
137	V8	0.625
138	V8	0.63953488372093
139	V8	0.568181818181818
140	V8	0.590909090909091
141	V8	0.579545454545455
142	V8	0.636363636363636
143	V8	0.602272727272727
144	V8	0.590909090909091
145	V8	0.636363636363636
146	V8	0.545454545454545
147	V8	0.659090909090909
148	V8	0.636363636363636
149	V8	0.636363636363636
1	V9	0.613636363636364
2	V9	0.681818181818182
3	V9	0.534090909090909
4	V9	0.625
5	V9	0.590909090909091
6	V9	0.534090909090909
7	V9	0.534883720930233
8	V9	0.579545454545455
9	V9	1
10	V9	0.556818181818182
11	V9	0.670454545454545
12	V9	0.534090909090909
13	V9	0.627906976744186
14	V9	0.590909090909091
15	V9	0.545454545454545
16	V9	0.579545454545455
17	V9	0.659090909090909
18	V9	0.593023255813954
19	V9	0.590909090909091
20	V9	0.625
21	V9	0.522727272727273
22	V9	0.647727272727273
23	V9	0.511363636363636
24	V9	0.659090909090909
25	V9	0.568181818181818
26	V9	0.625
27	V9	0.625
28	V9	0.590909090909091
29	V9	0.579545454545455
30	V9	0.647727272727273
31	V9	0.693181818181818
32	V9	0.545454545454545
33	V9	0.647727272727273
34	V9	0.556818181818182
35	V9	0.628205128205128
36	V9	0.615384615384615
37	V9	0.581395348837209
38	V9	0.625
39	V9	0.573170731707317
40	V9	0.5625
41	V9	0.730769230769231
42	V9	0.641025641025641
43	V9	0.634146341463415
44	V9	0.625
45	V9	0.613636363636364
46	V9	0.613636363636364
47	V9	0.613636363636364
48	V9	0.581395348837209
49	V9	0.556818181818182
50	V9	0.545454545454545
51	V9	0.5
52	V9	0.558139534883721
53	V9	0.545454545454545
54	V9	0.604651162790698
55	V9	0.602272727272727
56	V9	0.636363636363636
57	V9	0.590909090909091
58	V9	0.488636363636364
59	V9	0.522727272727273
60	V9	0.590909090909091
61	V9	0.590909090909091
62	V9	0.613636363636364
63	V9	0.522727272727273
64	V9	0.647727272727273
65	V9	0.579545454545455
66	V9	0.647727272727273
67	V9	0.613636363636364
68	V9	0.568181818181818
69	V9	0.511363636363636
70	V9	0.465909090909091
71	V9	0.636363636363636
72	V9	0.670454545454545
73	V9	0.636363636363636
74	V9	0.579545454545455
75	V9	0.686046511627907
76	V9	0.522727272727273
77	V9	0.636363636363636
78	V9	0.545454545454545
79	V9	0.659090909090909
80	V9	0.602272727272727
81	V9	0.568181818181818
82	V9	0.616279069767442
83	V9	0.579545454545455
84	V9	0.556818181818182
85	V9	0.579545454545455
86	V9	0.590909090909091
87	V9	0.613636363636364
88	V9	0.613636363636364
89	V9	0.613636363636364
90	V9	0.647727272727273
91	V9	0.579545454545455
92	V9	0.579545454545455
93	V9	0.647727272727273
94	V9	0.534090909090909
95	V9	0.568181818181818
96	V9	0.647727272727273
97	V9	0.647727272727273
98	V9	0.534883720930233
99	V9	0.651162790697674
100	V9	0.602272727272727
101	V9	0.556818181818182
102	V9	0.636363636363636
103	V9	0.568181818181818
104	V9	0.522727272727273
105	V9	0.579545454545455
106	V9	0.613636363636364
107	V9	0.545454545454545
108	V9	0.681818181818182
109	V9	0.590909090909091
110	V9	0.568181818181818
111	V9	0.568181818181818
112	V9	0.568181818181818
113	V9	0.556818181818182
114	V9	0.579545454545455
115	V9	0.613636363636364
116	V9	0.602272727272727
117	V9	0.579545454545455
118	V9	0.625
119	V9	0.613636363636364
120	V9	0.686046511627907
121	V9	0.590909090909091
122	V9	0.590909090909091
123	V9	0.590909090909091
124	V9	0.659090909090909
125	V9	0.659090909090909
126	V9	0.579545454545455
127	V9	0.568181818181818
128	V9	0.613636363636364
129	V9	0.568181818181818
130	V9	0.590909090909091
131	V9	0.659090909090909
132	V9	0.670454545454545
133	V9	0.534090909090909
134	V9	0.636363636363636
135	V9	0.693181818181818
136	V9	0.613636363636364
137	V9	0.556818181818182
138	V9	0.697674418604651
139	V9	0.659090909090909
140	V9	0.590909090909091
141	V9	0.511363636363636
142	V9	0.590909090909091
143	V9	0.693181818181818
144	V9	0.704545454545455
145	V9	0.568181818181818
146	V9	0.613636363636364
147	V9	0.681818181818182
148	V9	0.659090909090909
149	V9	0.522727272727273
1	V10	0.625
2	V10	0.534090909090909
3	V10	0.636363636363636
4	V10	0.545454545454545
5	V10	0.602272727272727
6	V10	0.659090909090909
7	V10	0.709302325581395
8	V10	0.704545454545455
9	V10	0.558139534883721
10	V10	1
11	V10	0.590909090909091
12	V10	0.704545454545455
13	V10	0.604651162790698
14	V10	0.625
15	V10	0.602272727272727
16	V10	0.545454545454545
17	V10	0.647727272727273
18	V10	0.581395348837209
19	V10	0.534090909090909
20	V10	0.613636363636364
21	V10	0.556818181818182
22	V10	0.613636363636364
23	V10	0.590909090909091
24	V10	0.511363636363636
25	V10	0.511363636363636
26	V10	0.681818181818182
27	V10	0.681818181818182
28	V10	0.602272727272727
29	V10	0.613636363636364
30	V10	0.590909090909091
31	V10	0.590909090909091
32	V10	0.579545454545455
33	V10	0.568181818181818
34	V10	0.5
35	V10	0.576923076923077
36	V10	0.525641025641026
37	V10	0.546511627906977
38	V10	0.613636363636364
39	V10	0.621951219512195
40	V10	0.5625
41	V10	0.628205128205128
42	V10	0.58974358974359
43	V10	0.597560975609756
44	V10	0.611111111111111
45	V10	0.488636363636364
46	V10	0.511363636363636
47	V10	0.534090909090909
48	V10	0.523255813953488
49	V10	0.568181818181818
50	V10	0.602272727272727
51	V10	0.556818181818182
52	V10	0.558139534883721
53	V10	0.602272727272727
54	V10	0.627906976744186
55	V10	0.590909090909091
56	V10	0.579545454545455
57	V10	0.647727272727273
58	V10	0.568181818181818
59	V10	0.647727272727273
60	V10	0.625
61	V10	0.534090909090909
62	V10	0.556818181818182
63	V10	0.602272727272727
64	V10	0.613636363636364
65	V10	0.568181818181818
66	V10	0.590909090909091
67	V10	0.602272727272727
68	V10	0.556818181818182
69	V10	0.659090909090909
70	V10	0.545454545454545
71	V10	0.556818181818182
72	V10	0.659090909090909
73	V10	0.602272727272727
74	V10	0.613636363636364
75	V10	0.63953488372093
76	V10	0.625
77	V10	0.625
78	V10	0.625
79	V10	0.625
80	V10	0.613636363636364
81	V10	0.625
82	V10	0.616279069767442
83	V10	0.590909090909091
84	V10	0.636363636363636
85	V10	0.613636363636364
86	V10	0.534090909090909
87	V10	0.602272727272727
88	V10	0.647727272727273
89	V10	0.579545454545455
90	V10	0.613636363636364
91	V10	0.568181818181818
92	V10	0.522727272727273
93	V10	0.636363636363636
94	V10	0.545454545454545
95	V10	0.602272727272727
96	V10	0.590909090909091
97	V10	0.704545454545455
98	V10	0.616279069767442
99	V10	0.604651162790698
100	V10	0.659090909090909
101	V10	0.613636363636364
102	V10	0.647727272727273
103	V10	0.625
104	V10	0.556818181818182
105	V10	0.568181818181818
106	V10	0.556818181818182
107	V10	0.534090909090909
108	V10	0.647727272727273
109	V10	0.602272727272727
110	V10	0.625
111	V10	0.602272727272727
112	V10	0.602272727272727
113	V10	0.590909090909091
114	V10	0.568181818181818
115	V10	0.556818181818182
116	V10	0.613636363636364
117	V10	0.590909090909091
118	V10	0.568181818181818
119	V10	0.625
120	V10	0.627906976744186
121	V10	0.556818181818182
122	V10	0.579545454545455
123	V10	0.556818181818182
124	V10	0.670454545454545
125	V10	0.602272727272727
126	V10	0.568181818181818
127	V10	0.602272727272727
128	V10	0.602272727272727
129	V10	0.602272727272727
130	V10	0.625
131	V10	0.625
132	V10	0.590909090909091
133	V10	0.636363636363636
134	V10	0.579545454545455
135	V10	0.727272727272727
136	V10	0.647727272727273
137	V10	0.522727272727273
138	V10	0.593023255813954
139	V10	0.556818181818182
140	V10	0.579545454545455
141	V10	0.636363636363636
142	V10	0.625
143	V10	0.613636363636364
144	V10	0.625
145	V10	0.625
146	V10	0.511363636363636
147	V10	0.647727272727273
148	V10	0.579545454545455
149	V10	0.602272727272727
1	V11	0.602272727272727
2	V11	0.625
3	V11	0.545454545454545
4	V11	0.659090909090909
5	V11	0.715909090909091
6	V11	0.659090909090909
7	V11	0.651162790697674
8	V11	0.704545454545455
9	V11	0.674418604651163
10	V11	0.590909090909091
11	V11	1
12	V11	0.636363636363636
13	V11	0.569767441860465
14	V11	0.670454545454545
15	V11	0.602272727272727
16	V11	0.704545454545455
17	V11	0.602272727272727
18	V11	0.616279069767442
19	V11	0.625
20	V11	0.75
21	V11	0.602272727272727
22	V11	0.75
23	V11	0.613636363636364
24	V11	0.693181818181818
25	V11	0.715909090909091
26	V11	0.590909090909091
27	V11	0.613636363636364
28	V11	0.715909090909091
29	V11	0.659090909090909
30	V11	0.704545454545455
31	V11	0.681818181818182
32	V11	0.625
33	V11	0.636363636363636
34	V11	0.659090909090909
35	V11	0.743589743589744
36	V11	0.807692307692308
37	V11	0.651162790697674
38	V11	0.727272727272727
39	V11	0.658536585365854
40	V11	0.6625
41	V11	0.67948717948718
42	V11	0.628205128205128
43	V11	0.695121951219512
44	V11	0.583333333333333
45	V11	0.602272727272727
46	V11	0.602272727272727
47	V11	0.602272727272727
48	V11	0.697674418604651
49	V11	0.613636363636364
50	V11	0.647727272727273
51	V11	0.693181818181818
52	V11	0.720930232558139
53	V11	0.625
54	V11	0.616279069767442
55	V11	0.681818181818182
56	V11	0.625
57	V11	0.693181818181818
58	V11	0.636363636363636
59	V11	0.602272727272727
60	V11	0.647727272727273
61	V11	0.602272727272727
62	V11	0.625
63	V11	0.625
64	V11	0.613636363636364
65	V11	0.681818181818182
66	V11	0.613636363636364
67	V11	0.647727272727273
68	V11	0.579545454545455
69	V11	0.568181818181818
70	V11	0.568181818181818
71	V11	0.625
72	V11	0.613636363636364
73	V11	0.579545454545455
74	V11	0.681818181818182
75	V11	0.651162790697674
76	V11	0.602272727272727
77	V11	0.670454545454545
78	V11	0.602272727272727
79	V11	0.693181818181818
80	V11	0.613636363636364
81	V11	0.647727272727273
82	V11	0.662790697674419
83	V11	0.704545454545455
84	V11	0.636363636363636
85	V11	0.636363636363636
86	V11	0.534090909090909
87	V11	0.602272727272727
88	V11	0.670454545454545
89	V11	0.670454545454545
90	V11	0.659090909090909
91	V11	0.636363636363636
92	V11	0.613636363636364
93	V11	0.681818181818182
94	V11	0.590909090909091
95	V11	0.625
96	V11	0.659090909090909
97	V11	0.704545454545455
98	V11	0.581395348837209
99	V11	0.569767441860465
100	V11	0.613636363636364
101	V11	0.636363636363636
102	V11	0.625
103	V11	0.602272727272727
104	V11	0.579545454545455
105	V11	0.613636363636364
106	V11	0.625
107	V11	0.556818181818182
108	V11	0.647727272727273
109	V11	0.693181818181818
110	V11	0.693181818181818
111	V11	0.647727272727273
112	V11	0.693181818181818
113	V11	0.545454545454545
114	V11	0.590909090909091
115	V11	0.579545454545455
116	V11	0.659090909090909
117	V11	0.613636363636364
118	V11	0.659090909090909
119	V11	0.647727272727273
120	V11	0.627906976744186
121	V11	0.602272727272727
122	V11	0.693181818181818
123	V11	0.602272727272727
124	V11	0.647727272727273
125	V11	0.670454545454545
126	V11	0.613636363636364
127	V11	0.670454545454545
128	V11	0.693181818181818
129	V11	0.625
130	V11	0.647727272727273
131	V11	0.647727272727273
132	V11	0.636363636363636
133	V11	0.545454545454545
134	V11	0.693181818181818
135	V11	0.704545454545455
136	V11	0.647727272727273
137	V11	0.636363636363636
138	V11	0.697674418604651
139	V11	0.602272727272727
140	V11	0.647727272727273
141	V11	0.636363636363636
142	V11	0.670454545454545
143	V11	0.659090909090909
144	V11	0.625
145	V11	0.761363636363636
146	V11	0.625
147	V11	0.647727272727273
148	V11	0.625
149	V11	0.625
1	V12	0.579545454545455
2	V12	0.556818181818182
3	V12	0.681818181818182
4	V12	0.613636363636364
5	V12	0.602272727272727
6	V12	0.659090909090909
7	V12	0.662790697674419
8	V12	0.681818181818182
9	V12	0.546511627906977
10	V12	0.704545454545455
11	V12	0.636363636363636
12	V12	1
13	V12	0.627906976744186
14	V12	0.602272727272727
15	V12	0.579545454545455
16	V12	0.613636363636364
17	V12	0.647727272727273
18	V12	0.604651162790698
19	V12	0.647727272727273
20	V12	0.636363636363636
21	V12	0.625
22	V12	0.590909090909091
23	V12	0.613636363636364
24	V12	0.647727272727273
25	V12	0.579545454545455
26	V12	0.590909090909091
27	V12	0.659090909090909
28	V12	0.647727272727273
29	V12	0.727272727272727
30	V12	0.659090909090909
31	V12	0.545454545454545
32	V12	0.647727272727273
33	V12	0.659090909090909
34	V12	0.545454545454545
35	V12	0.692307692307692
36	V12	0.641025641025641
37	V12	0.5
38	V12	0.704545454545455
39	V12	0.670731707317073
40	V12	0.6375
41	V12	0.666666666666667
42	V12	0.641025641025641
43	V12	0.621951219512195
44	V12	0.611111111111111
45	V12	0.579545454545455
46	V12	0.602272727272727
47	V12	0.647727272727273
48	V12	0.616279069767442
49	V12	0.659090909090909
50	V12	0.579545454545455
51	V12	0.670454545454545
52	V12	0.63953488372093
53	V12	0.602272727272727
54	V12	0.767441860465116
55	V12	0.590909090909091
56	V12	0.647727272727273
57	V12	0.602272727272727
58	V12	0.613636363636364
59	V12	0.602272727272727
60	V12	0.625
61	V12	0.625
62	V12	0.556818181818182
63	V12	0.579545454545455
64	V12	0.681818181818182
65	V12	0.704545454545455
66	V12	0.590909090909091
67	V12	0.670454545454545
68	V12	0.579545454545455
69	V12	0.613636363636364
70	V12	0.613636363636364
71	V12	0.647727272727273
72	V12	0.568181818181818
73	V12	0.625
74	V12	0.636363636363636
75	V12	0.662790697674419
76	V12	0.625
77	V12	0.625
78	V12	0.625
79	V12	0.556818181818182
80	V12	0.590909090909091
81	V12	0.625
82	V12	0.627906976744186
83	V12	0.659090909090909
84	V12	0.613636363636364
85	V12	0.659090909090909
86	V12	0.534090909090909
87	V12	0.534090909090909
88	V12	0.602272727272727
89	V12	0.602272727272727
90	V12	0.568181818181818
91	V12	0.568181818181818
92	V12	0.681818181818182
93	V12	0.636363636363636
94	V12	0.636363636363636
95	V12	0.693181818181818
96	V12	0.590909090909091
97	V12	0.659090909090909
98	V12	0.616279069767442
99	V12	0.627906976744186
100	V12	0.659090909090909
101	V12	0.636363636363636
102	V12	0.647727272727273
103	V12	0.647727272727273
104	V12	0.534090909090909
105	V12	0.659090909090909
106	V12	0.579545454545455
107	V12	0.556818181818182
108	V12	0.670454545454545
109	V12	0.579545454545455
110	V12	0.647727272727273
111	V12	0.670454545454545
112	V12	0.647727272727273
113	V12	0.568181818181818
114	V12	0.636363636363636
115	V12	0.647727272727273
116	V12	0.681818181818182
117	V12	0.613636363636364
118	V12	0.636363636363636
119	V12	0.625
120	V12	0.511627906976744
121	V12	0.579545454545455
122	V12	0.579545454545455
123	V12	0.579545454545455
124	V12	0.647727272727273
125	V12	0.625
126	V12	0.590909090909091
127	V12	0.579545454545455
128	V12	0.693181818181818
129	V12	0.647727272727273
130	V12	0.579545454545455
131	V12	0.625
132	V12	0.590909090909091
133	V12	0.681818181818182
134	V12	0.647727272727273
135	V12	0.681818181818182
136	V12	0.602272727272727
137	V12	0.590909090909091
138	V12	0.593023255813954
139	V12	0.579545454545455
140	V12	0.647727272727273
141	V12	0.659090909090909
142	V12	0.670454545454545
143	V12	0.636363636363636
144	V12	0.579545454545455
145	V12	0.670454545454545
146	V12	0.602272727272727
147	V12	0.670454545454545
148	V12	0.625
149	V12	0.647727272727273
1	V13	0.636363636363636
2	V13	0.568181818181818
3	V13	0.647727272727273
4	V13	0.556818181818182
5	V13	0.636363636363636
6	V13	0.647727272727273
7	V13	0.581395348837209
8	V13	0.625
9	V13	0.651162790697674
10	V13	0.602272727272727
11	V13	0.579545454545455
12	V13	0.625
13	V13	1
14	V13	0.590909090909091
15	V13	0.545454545454545
16	V13	0.602272727272727
17	V13	0.613636363636364
18	V13	0.63953488372093
19	V13	0.636363636363636
20	V13	0.579545454545455
21	V13	0.522727272727273
22	V13	0.625
23	V13	0.511363636363636
24	V13	0.659090909090909
25	V13	0.590909090909091
26	V13	0.647727272727273
27	V13	0.602272727272727
28	V13	0.659090909090909
29	V13	0.693181818181818
30	V13	0.647727272727273
31	V13	0.647727272727273
32	V13	0.636363636363636
33	V13	0.579545454545455
34	V13	0.534090909090909
35	V13	0.602564102564103
36	V13	0.602564102564103
37	V13	0.581395348837209
38	V13	0.670454545454545
39	V13	0.597560975609756
40	V13	0.6125
41	V13	0.653846153846154
42	V13	0.525641025641026
43	V13	0.658536585365854
44	V13	0.611111111111111
45	V13	0.681818181818182
46	V13	0.704545454545455
47	V13	0.568181818181818
48	V13	0.604651162790698
49	V13	0.579545454545455
50	V13	0.636363636363636
51	V13	0.681818181818182
52	V13	0.534883720930233
53	V13	0.545454545454545
54	V13	0.604651162790698
55	V13	0.647727272727273
56	V13	0.568181818181818
57	V13	0.568181818181818
58	V13	0.556818181818182
59	V13	0.636363636363636
60	V13	0.681818181818182
61	V13	0.568181818181818
62	V13	0.568181818181818
63	V13	0.590909090909091
64	V13	0.670454545454545
65	V13	0.625
66	V13	0.511363636363636
67	V13	0.613636363636364
68	V13	0.590909090909091
69	V13	0.579545454545455
70	V13	0.647727272727273
71	V13	0.636363636363636
72	V13	0.715909090909091
73	V13	0.590909090909091
74	V13	0.534090909090909
75	V13	0.686046511627907
76	V13	0.568181818181818
77	V13	0.636363636363636
78	V13	0.613636363636364
79	V13	0.568181818181818
80	V13	0.488636363636364
81	V13	0.568181818181818
82	V13	0.616279069767442
83	V13	0.625
84	V13	0.647727272727273
85	V13	0.625
86	V13	0.568181818181818
87	V13	0.590909090909091
88	V13	0.659090909090909
89	V13	0.613636363636364
90	V13	0.579545454545455
91	V13	0.602272727272727
92	V13	0.693181818181818
93	V13	0.647727272727273
94	V13	0.579545454545455
95	V13	0.568181818181818
96	V13	0.670454545454545
97	V13	0.625
98	V13	0.581395348837209
99	V13	0.674418604651163
100	V13	0.579545454545455
101	V13	0.602272727272727
102	V13	0.659090909090909
103	V13	0.568181818181818
104	V13	0.568181818181818
105	V13	0.556818181818182
106	V13	0.681818181818182
107	V13	0.613636363636364
108	V13	0.727272727272727
109	V13	0.659090909090909
110	V13	0.613636363636364
111	V13	0.613636363636364
112	V13	0.590909090909091
113	V13	0.579545454545455
114	V13	0.556818181818182
115	V13	0.636363636363636
116	V13	0.693181818181818
117	V13	0.534090909090909
118	V13	0.625
119	V13	0.636363636363636
120	V13	0.581395348837209
121	V13	0.590909090909091
122	V13	0.659090909090909
123	V13	0.681818181818182
124	V13	0.568181818181818
125	V13	0.590909090909091
126	V13	0.579545454545455
127	V13	0.613636363636364
128	V13	0.568181818181818
129	V13	0.659090909090909
130	V13	0.568181818181818
131	V13	0.636363636363636
132	V13	0.647727272727273
133	V13	0.625
134	V13	0.659090909090909
135	V13	0.625
136	V13	0.613636363636364
137	V13	0.602272727272727
138	V13	0.558139534883721
139	V13	0.613636363636364
140	V13	0.590909090909091
141	V13	0.579545454545455
142	V13	0.681818181818182
143	V13	0.602272727272727
144	V13	0.590909090909091
145	V13	0.590909090909091
146	V13	0.590909090909091
147	V13	0.727272727272727
148	V13	0.659090909090909
149	V13	0.545454545454545
1	V14	0.579545454545455
2	V14	0.579545454545455
3	V14	0.590909090909091
4	V14	0.613636363636364
5	V14	0.602272727272727
6	V14	0.636363636363636
7	V14	0.63953488372093
8	V14	0.636363636363636
9	V14	0.604651162790698
10	V14	0.636363636363636
11	V14	0.659090909090909
12	V14	0.613636363636364
13	V14	0.593023255813954
14	V14	0.988636363636364
15	V14	0.670454545454545
16	V14	0.704545454545455
17	V14	0.647727272727273
18	V14	0.558139534883721
19	V14	0.625
20	V14	0.590909090909091
21	V14	0.556818181818182
22	V14	0.590909090909091
23	V14	0.590909090909091
24	V14	0.670454545454545
25	V14	0.670454545454545
26	V14	0.613636363636364
27	V14	0.659090909090909
28	V14	0.670454545454545
29	V14	0.613636363636364
30	V14	0.545454545454545
31	V14	0.590909090909091
32	V14	0.602272727272727
33	V14	0.636363636363636
34	V14	0.613636363636364
35	V14	0.615384615384615
36	V14	0.730769230769231
37	V14	0.593023255813954
38	V14	0.636363636363636
39	V14	0.621951219512195
40	V14	0.6125
41	V14	0.705128205128205
42	V14	0.551282051282051
43	V14	0.585365853658537
44	V14	0.666666666666667
45	V14	0.579545454545455
46	V14	0.625
47	V14	0.602272727272727
48	V14	0.627906976744186
49	V14	0.659090909090909
50	V14	0.625
51	V14	0.602272727272727
52	V14	0.558139534883721
53	V14	0.602272727272727
54	V14	0.63953488372093
55	V14	0.613636363636364
56	V14	0.625
57	V14	0.670454545454545
58	V14	0.568181818181818
59	V14	0.693181818181818
60	V14	0.647727272727273
61	V14	0.556818181818182
62	V14	0.579545454545455
63	V14	0.647727272727273
64	V14	0.636363636363636
65	V14	0.659090909090909
66	V14	0.727272727272727
67	V14	0.625
68	V14	0.602272727272727
69	V14	0.681818181818182
70	V14	0.636363636363636
71	V14	0.670454545454545
72	V14	0.613636363636364
73	V14	0.670454545454545
74	V14	0.568181818181818
75	V14	0.651162790697674
76	V14	0.647727272727273
77	V14	0.715909090909091
78	V14	0.693181818181818
79	V14	0.670454545454545
80	V14	0.590909090909091
81	V14	0.602272727272727
82	V14	0.616279069767442
83	V14	0.636363636363636
84	V14	0.772727272727273
85	V14	0.659090909090909
86	V14	0.693181818181818
87	V14	0.715909090909091
88	V14	0.625
89	V14	0.556818181818182
90	V14	0.704545454545455
91	V14	0.613636363636364
92	V14	0.636363636363636
93	V14	0.681818181818182
94	V14	0.659090909090909
95	V14	0.647727272727273
96	V14	0.659090909090909
97	V14	0.704545454545455
98	V14	0.604651162790698
99	V14	0.569767441860465
100	V14	0.590909090909091
101	V14	0.613636363636364
102	V14	0.625
103	V14	0.602272727272727
104	V14	0.602272727272727
105	V14	0.613636363636364
106	V14	0.647727272727273
107	V14	0.602272727272727
108	V14	0.647727272727273
109	V14	0.693181818181818
110	V14	0.647727272727273
111	V14	0.647727272727273
112	V14	0.625
113	V14	0.568181818181818
114	V14	0.681818181818182
115	V14	0.625
116	V14	0.681818181818182
117	V14	0.568181818181818
118	V14	0.568181818181818
119	V14	0.693181818181818
120	V14	0.720930232558139
121	V14	0.647727272727273
122	V14	0.625
123	V14	0.511363636363636
124	V14	0.647727272727273
125	V14	0.647727272727273
126	V14	0.659090909090909
127	V14	0.715909090909091
128	V14	0.625
129	V14	0.647727272727273
130	V14	0.625
131	V14	0.625
132	V14	0.613636363636364
133	V14	0.590909090909091
134	V14	0.670454545454545
135	V14	0.659090909090909
136	V14	0.625
137	V14	0.568181818181818
138	V14	0.651162790697674
139	V14	0.647727272727273
140	V14	0.670454545454545
141	V14	0.545454545454545
142	V14	0.625
143	V14	0.613636363636364
144	V14	0.693181818181818
145	V14	0.625
146	V14	0.602272727272727
147	V14	0.647727272727273
148	V14	0.670454545454545
149	V14	0.556818181818182
1	V15	0.613636363636364
2	V15	0.590909090909091
3	V15	0.511363636363636
4	V15	0.647727272727273
5	V15	0.590909090909091
6	V15	0.602272727272727
7	V15	0.558139534883721
8	V15	0.670454545454545
9	V15	0.546511627906977
10	V15	0.602272727272727
11	V15	0.602272727272727
12	V15	0.579545454545455
13	V15	0.534883720930233
14	V15	0.681818181818182
15	V15	1
16	V15	0.602272727272727
17	V15	0.590909090909091
18	V15	0.593023255813954
19	V15	0.613636363636364
20	V15	0.647727272727273
21	V15	0.636363636363636
22	V15	0.670454545454545
23	V15	0.579545454545455
24	V15	0.636363636363636
25	V15	0.636363636363636
26	V15	0.556818181818182
27	V15	0.693181818181818
28	V15	0.636363636363636
29	V15	0.579545454545455
30	V15	0.579545454545455
31	V15	0.625
32	V15	0.590909090909091
33	V15	0.602272727272727
34	V15	0.556818181818182
35	V15	0.602564102564103
36	V15	0.666666666666667
37	V15	0.534883720930233
38	V15	0.693181818181818
39	V15	0.597560975609756
40	V15	0.55
41	V15	0.666666666666667
42	V15	0.615384615384615
43	V15	0.560975609756098
44	V15	0.513888888888889
45	V15	0.636363636363636
46	V15	0.590909090909091
47	V15	0.636363636363636
48	V15	0.546511627906977
49	V15	0.579545454545455
50	V15	0.5
51	V15	0.568181818181818
52	V15	0.569767441860465
53	V15	0.704545454545455
54	V15	0.534883720930233
55	V15	0.647727272727273
56	V15	0.545454545454545
57	V15	0.613636363636364
58	V15	0.556818181818182
59	V15	0.590909090909091
60	V15	0.568181818181818
61	V15	0.568181818181818
62	V15	0.545454545454545
63	V15	0.590909090909091
64	V15	0.556818181818182
65	V15	0.579545454545455
66	V15	0.625
67	V15	0.545454545454545
68	V15	0.613636363636364
69	V15	0.715909090909091
70	V15	0.647727272727273
71	V15	0.590909090909091
72	V15	0.534090909090909
73	V15	0.522727272727273
74	V15	0.670454545454545
75	V15	0.616279069767442
76	V15	0.681818181818182
77	V15	0.659090909090909
78	V15	0.704545454545455
79	V15	0.613636363636364
80	V15	0.647727272727273
81	V15	0.545454545454545
82	V15	0.511627906976744
83	V15	0.534090909090909
84	V15	0.579545454545455
85	V15	0.602272727272727
86	V15	0.568181818181818
87	V15	0.613636363636364
88	V15	0.681818181818182
89	V15	0.590909090909091
90	V15	0.602272727272727
91	V15	0.579545454545455
92	V15	0.511363636363636
93	V15	0.602272727272727
94	V15	0.625
95	V15	0.659090909090909
96	V15	0.602272727272727
97	V15	0.579545454545455
98	V15	0.593023255813954
99	V15	0.558139534883721
100	V15	0.625
101	V15	0.534090909090909
102	V15	0.590909090909091
103	V15	0.568181818181818
104	V15	0.568181818181818
105	V15	0.602272727272727
106	V15	0.568181818181818
107	V15	0.545454545454545
108	V15	0.545454545454545
109	V15	0.613636363636364
110	V15	0.545454545454545
111	V15	0.681818181818182
112	V15	0.590909090909091
113	V15	0.602272727272727
114	V15	0.670454545454545
115	V15	0.568181818181818
116	V15	0.556818181818182
117	V15	0.511363636363636
118	V15	0.647727272727273
119	V15	0.590909090909091
120	V15	0.63953488372093
121	V15	0.5
122	V15	0.636363636363636
123	V15	0.590909090909091
124	V15	0.681818181818182
125	V15	0.613636363636364
126	V15	0.556818181818182
127	V15	0.681818181818182
128	V15	0.590909090909091
129	V15	0.636363636363636
130	V15	0.590909090909091
131	V15	0.659090909090909
132	V15	0.647727272727273
133	V15	0.625
134	V15	0.545454545454545
135	V15	0.693181818181818
136	V15	0.704545454545455
137	V15	0.579545454545455
138	V15	0.616279069767442
139	V15	0.590909090909091
140	V15	0.681818181818182
141	V15	0.556818181818182
142	V15	0.681818181818182
143	V15	0.579545454545455
144	V15	0.545454545454545
145	V15	0.590909090909091
146	V15	0.568181818181818
147	V15	0.545454545454545
148	V15	0.636363636363636
149	V15	0.545454545454545
1	V16	0.579545454545455
2	V16	0.602272727272727
3	V16	0.545454545454545
4	V16	0.681818181818182
5	V16	0.625
6	V16	0.590909090909091
7	V16	0.604651162790698
8	V16	0.613636363636364
9	V16	0.569767441860465
10	V16	0.545454545454545
11	V16	0.704545454545455
12	V16	0.613636363636364
13	V16	0.604651162790698
14	V16	0.715909090909091
15	V16	0.602272727272727
16	V16	1
17	V16	0.579545454545455
18	V16	0.569767441860465
19	V16	0.602272727272727
20	V16	0.681818181818182
21	V16	0.647727272727273
22	V16	0.636363636363636
23	V16	0.681818181818182
24	V16	0.602272727272727
25	V16	0.693181818181818
26	V16	0.613636363636364
27	V16	0.590909090909091
28	V16	0.602272727272727
29	V16	0.659090909090909
30	V16	0.613636363636364
31	V16	0.704545454545455
32	V16	0.647727272727273
33	V16	0.636363636363636
34	V16	0.613636363636364
35	V16	0.653846153846154
36	V16	0.730769230769231
37	V16	0.627906976744186
38	V16	0.636363636363636
39	V16	0.597560975609756
40	V16	0.6375
41	V16	0.67948717948718
42	V16	0.538461538461538
43	V16	0.707317073170732
44	V16	0.694444444444444
45	V16	0.602272727272727
46	V16	0.647727272727273
47	V16	0.602272727272727
48	V16	0.697674418604651
49	V16	0.590909090909091
50	V16	0.625
51	V16	0.647727272727273
52	V16	0.651162790697674
53	V16	0.602272727272727
54	V16	0.627906976744186
55	V16	0.681818181818182
56	V16	0.625
57	V16	0.579545454545455
58	V16	0.659090909090909
59	V16	0.579545454545455
60	V16	0.579545454545455
61	V16	0.511363636363636
62	V16	0.579545454545455
63	V16	0.579545454545455
64	V16	0.613636363636364
65	V16	0.681818181818182
66	V16	0.568181818181818
67	V16	0.625
68	V16	0.534090909090909
69	V16	0.636363636363636
70	V16	0.545454545454545
71	V16	0.579545454545455
72	V16	0.568181818181818
73	V16	0.602272727272727
74	V16	0.522727272727273
75	V16	0.686046511627907
76	V16	0.602272727272727
77	V16	0.602272727272727
78	V16	0.625
79	V16	0.647727272727273
80	V16	0.568181818181818
81	V16	0.602272727272727
82	V16	0.674418604651163
83	V16	0.545454545454545
84	V16	0.727272727272727
85	V16	0.590909090909091
86	V16	0.670454545454545
87	V16	0.579545454545455
88	V16	0.579545454545455
89	V16	0.625
90	V16	0.636363636363636
91	V16	0.568181818181818
92	V16	0.613636363636364
93	V16	0.727272727272727
94	V16	0.545454545454545
95	V16	0.579545454545455
96	V16	0.704545454545455
97	V16	0.659090909090909
98	V16	0.534883720930233
99	V16	0.511627906976744
100	V16	0.613636363636364
101	V16	0.590909090909091
102	V16	0.556818181818182
103	V16	0.556818181818182
104	V16	0.534090909090909
105	V16	0.681818181818182
106	V16	0.602272727272727
107	V16	0.579545454545455
108	V16	0.602272727272727
109	V16	0.625
110	V16	0.647727272727273
111	V16	0.670454545454545
112	V16	0.647727272727273
113	V16	0.613636363636364
114	V16	0.636363636363636
115	V16	0.647727272727273
116	V16	0.590909090909091
117	V16	0.545454545454545
118	V16	0.613636363636364
119	V16	0.693181818181818
120	V16	0.604651162790698
121	V16	0.556818181818182
122	V16	0.715909090909091
123	V16	0.602272727272727
124	V16	0.647727272727273
125	V16	0.670454545454545
126	V16	0.568181818181818
127	V16	0.579545454545455
128	V16	0.625
129	V16	0.693181818181818
130	V16	0.579545454545455
131	V16	0.625
132	V16	0.613636363636364
133	V16	0.613636363636364
134	V16	0.625
135	V16	0.659090909090909
136	V16	0.602272727272727
137	V16	0.659090909090909
138	V16	0.627906976744186
139	V16	0.625
140	V16	0.625
141	V16	0.613636363636364
142	V16	0.625
143	V16	0.613636363636364
144	V16	0.647727272727273
145	V16	0.602272727272727
146	V16	0.670454545454545
147	V16	0.602272727272727
148	V16	0.625
149	V16	0.625
1	V17	0.522727272727273
2	V17	0.545454545454545
3	V17	0.693181818181818
4	V17	0.602272727272727
5	V17	0.704545454545455
6	V17	0.625
7	V17	0.616279069767442
8	V17	0.670454545454545
9	V17	0.662790697674419
10	V17	0.647727272727273
11	V17	0.602272727272727
12	V17	0.647727272727273
13	V17	0.604651162790698
14	V17	0.659090909090909
15	V17	0.590909090909091
16	V17	0.579545454545455
17	V17	1
18	V17	0.651162790697674
19	V17	0.568181818181818
20	V17	0.625
21	V17	0.590909090909091
22	V17	0.625
23	V17	0.534090909090909
24	V17	0.545454545454545
25	V17	0.545454545454545
26	V17	0.647727272727273
27	V17	0.625
28	V17	0.681818181818182
29	V17	0.670454545454545
30	V17	0.647727272727273
31	V17	0.625
32	V17	0.659090909090909
33	V17	0.647727272727273
34	V17	0.511363636363636
35	V17	0.666666666666667
36	V17	0.615384615384615
37	V17	0.63953488372093
38	V17	0.647727272727273
39	V17	0.524390243902439
40	V17	0.6125
41	V17	0.666666666666667
42	V17	0.641025641025641
43	V17	0.682926829268293
44	V17	0.555555555555556
45	V17	0.613636363636364
46	V17	0.659090909090909
47	V17	0.636363636363636
48	V17	0.651162790697674
49	V17	0.715909090909091
50	V17	0.681818181818182
51	V17	0.590909090909091
52	V17	0.651162790697674
53	V17	0.613636363636364
54	V17	0.651162790697674
55	V17	0.625
56	V17	0.613636363636364
57	V17	0.590909090909091
58	V17	0.602272727272727
59	V17	0.568181818181818
60	V17	0.704545454545455
61	V17	0.704545454545455
62	V17	0.568181818181818
63	V17	0.568181818181818
64	V17	0.647727272727273
65	V17	0.647727272727273
66	V17	0.647727272727273
67	V17	0.681818181818182
68	V17	0.681818181818182
69	V17	0.647727272727273
70	V17	0.579545454545455
71	V17	0.659090909090909
72	V17	0.625
73	V17	0.636363636363636
74	V17	0.625
75	V17	0.686046511627907
76	V17	0.681818181818182
77	V17	0.681818181818182
78	V17	0.659090909090909
79	V17	0.545454545454545
80	V17	0.579545454545455
81	V17	0.636363636363636
82	V17	0.697674418604651
83	V17	0.602272727272727
84	V17	0.647727272727273
85	V17	0.693181818181818
86	V17	0.659090909090909
87	V17	0.590909090909091
88	V17	0.613636363636364
89	V17	0.636363636363636
90	V17	0.602272727272727
91	V17	0.556818181818182
92	V17	0.647727272727273
93	V17	0.602272727272727
94	V17	0.579545454545455
95	V17	0.613636363636364
96	V17	0.625
97	V17	0.693181818181818
98	V17	0.604651162790698
99	V17	0.651162790697674
100	V17	0.579545454545455
101	V17	0.602272727272727
102	V17	0.636363636363636
103	V17	0.659090909090909
104	V17	0.568181818181818
105	V17	0.602272727272727
106	V17	0.704545454545455
107	V17	0.613636363636364
108	V17	0.704545454545455
109	V17	0.590909090909091
110	V17	0.659090909090909
111	V17	0.590909090909091
112	V17	0.590909090909091
113	V17	0.647727272727273
114	V17	0.602272727272727
115	V17	0.681818181818182
116	V17	0.715909090909091
117	V17	0.738636363636364
118	V17	0.625
119	V17	0.659090909090909
120	V17	0.720930232558139
121	V17	0.590909090909091
122	V17	0.590909090909091
123	V17	0.659090909090909
124	V17	0.613636363636364
125	V17	0.636363636363636
126	V17	0.602272727272727
127	V17	0.636363636363636
128	V17	0.681818181818182
129	V17	0.636363636363636
130	V17	0.704545454545455
131	V17	0.75
132	V17	0.715909090909091
133	V17	0.556818181818182
134	V17	0.568181818181818
135	V17	0.693181818181818
136	V17	0.681818181818182
137	V17	0.534090909090909
138	V17	0.651162790697674
139	V17	0.659090909090909
140	V17	0.613636363636364
141	V17	0.693181818181818
142	V17	0.636363636363636
143	V17	0.670454545454545
144	V17	0.636363636363636
145	V17	0.636363636363636
146	V17	0.636363636363636
147	V17	0.704545454545455
148	V17	0.659090909090909
149	V17	0.636363636363636
1	V18	0.613636363636364
2	V18	0.590909090909091
3	V18	0.647727272727273
4	V18	0.647727272727273
5	V18	0.681818181818182
6	V18	0.602272727272727
7	V18	0.63953488372093
8	V18	0.693181818181818
9	V18	0.604651162790698
10	V18	0.579545454545455
11	V18	0.625
12	V18	0.602272727272727
13	V18	0.63953488372093
14	V18	0.568181818181818
15	V18	0.590909090909091
16	V18	0.579545454545455
17	V18	0.659090909090909
18	V18	1
19	V18	0.590909090909091
20	V18	0.625
21	V18	0.613636363636364
22	V18	0.647727272727273
23	V18	0.556818181818182
24	V18	0.545454545454545
25	V18	0.568181818181818
26	V18	0.625
27	V18	0.625
28	V18	0.681818181818182
29	V18	0.625
30	V18	0.647727272727273
31	V18	0.579545454545455
32	V18	0.545454545454545
33	V18	0.693181818181818
34	V18	0.534090909090909
35	V18	0.653846153846154
36	V18	0.602564102564103
37	V18	0.569767441860465
38	V18	0.625
39	V18	0.75609756097561
40	V18	0.625
41	V18	0.717948717948718
42	V18	0.602564102564103
43	V18	0.634146341463415
44	V18	0.583333333333333
45	V18	0.704545454545455
46	V18	0.613636363636364
47	V18	0.613636363636364
48	V18	0.604651162790698
49	V18	0.625
50	V18	0.636363636363636
51	V18	0.636363636363636
52	V18	0.569767441860465
53	V18	0.613636363636364
54	V18	0.63953488372093
55	V18	0.647727272727273
56	V18	0.590909090909091
57	V18	0.568181818181818
58	V18	0.602272727272727
59	V18	0.613636363636364
60	V18	0.590909090909091
61	V18	0.613636363636364
62	V18	0.613636363636364
63	V18	0.613636363636364
64	V18	0.693181818181818
65	V18	0.625
66	V18	0.556818181818182
67	V18	0.590909090909091
68	V18	0.568181818181818
69	V18	0.602272727272727
70	V18	0.579545454545455
71	V18	0.636363636363636
72	V18	0.670454545454545
73	V18	0.613636363636364
74	V18	0.602272727272727
75	V18	0.697674418604651
76	V18	0.590909090909091
77	V18	0.681818181818182
78	V18	0.636363636363636
79	V18	0.545454545454545
80	V18	0.670454545454545
81	V18	0.636363636363636
82	V18	0.63953488372093
83	V18	0.670454545454545
84	V18	0.625
85	V18	0.738636363636364
86	V18	0.704545454545455
87	V18	0.522727272727273
88	V18	0.659090909090909
89	V18	0.659090909090909
90	V18	0.625
91	V18	0.647727272727273
92	V18	0.602272727272727
93	V18	0.647727272727273
94	V18	0.534090909090909
95	V18	0.636363636363636
96	V18	0.670454545454545
97	V18	0.670454545454545
98	V18	0.593023255813954
99	V18	0.616279069767442
100	V18	0.647727272727273
101	V18	0.602272727272727
102	V18	0.590909090909091
103	V18	0.659090909090909
104	V18	0.636363636363636
105	V18	0.556818181818182
106	V18	0.681818181818182
107	V18	0.568181818181818
108	V18	0.681818181818182
109	V18	0.636363636363636
110	V18	0.568181818181818
111	V18	0.636363636363636
112	V18	0.659090909090909
113	V18	0.715909090909091
114	V18	0.602272727272727
115	V18	0.613636363636364
116	V18	0.693181818181818
117	V18	0.715909090909091
118	V18	0.715909090909091
119	V18	0.636363636363636
120	V18	0.627906976744186
121	V18	0.659090909090909
122	V18	0.613636363636364
123	V18	0.636363636363636
124	V18	0.613636363636364
125	V18	0.659090909090909
126	V18	0.579545454545455
127	V18	0.659090909090909
128	V18	0.613636363636364
129	V18	0.590909090909091
130	V18	0.681818181818182
131	V18	0.613636363636364
132	V18	0.602272727272727
133	V18	0.556818181818182
134	V18	0.590909090909091
135	V18	0.602272727272727
136	V18	0.613636363636364
137	V18	0.534090909090909
138	V18	0.63953488372093
139	V18	0.659090909090909
140	V18	0.590909090909091
141	V18	0.579545454545455
142	V18	0.681818181818182
143	V18	0.579545454545455
144	V18	0.613636363636364
145	V18	0.613636363636364
146	V18	0.659090909090909
147	V18	0.681818181818182
148	V18	0.613636363636364
149	V18	0.659090909090909
1	V19	0.590909090909091
2	V19	0.613636363636364
3	V19	0.488636363636364
4	V19	0.556818181818182
5	V19	0.613636363636364
6	V19	0.556818181818182
7	V19	0.627906976744186
8	V19	0.625
9	V19	0.604651162790698
10	V19	0.534090909090909
11	V19	0.625
12	V19	0.647727272727273
13	V19	0.627906976744186
14	V19	0.636363636363636
15	V19	0.613636363636364
16	V19	0.602272727272727
17	V19	0.568181818181818
18	V19	0.593023255813954
19	V19	1
20	V19	0.647727272727273
21	V19	0.659090909090909
22	V19	0.602272727272727
23	V19	0.602272727272727
24	V19	0.681818181818182
25	V19	0.590909090909091
26	V19	0.534090909090909
27	V19	0.556818181818182
28	V19	0.659090909090909
29	V19	0.693181818181818
30	V19	0.579545454545455
31	V19	0.625
32	V19	0.522727272727273
33	V19	0.602272727272727
34	V19	0.579545454545455
35	V19	0.602564102564103
36	V19	0.564102564102564
37	V19	0.534883720930233
38	V19	0.625
39	V19	0.634146341463415
40	V19	0.7375
41	V19	0.67948717948718
42	V19	0.525641025641026
43	V19	0.560975609756098
44	V19	0.625
45	V19	0.636363636363636
46	V19	0.636363636363636
47	V19	0.545454545454545
48	V19	0.546511627906977
49	V19	0.625
50	V19	0.522727272727273
51	V19	0.568181818181818
52	V19	0.523255813953488
53	V19	0.636363636363636
54	V19	0.697674418604651
55	V19	0.556818181818182
56	V19	0.613636363636364
57	V19	0.590909090909091
58	V19	0.579545454545455
59	V19	0.545454545454545
60	V19	0.545454545454545
61	V19	0.522727272727273
62	V19	0.522727272727273
63	V19	0.636363636363636
64	V19	0.670454545454545
65	V19	0.602272727272727
66	V19	0.693181818181818
67	V19	0.636363636363636
68	V19	0.522727272727273
69	V19	0.670454545454545
70	V19	0.647727272727273
71	V19	0.681818181818182
72	V19	0.625
73	V19	0.5
74	V19	0.556818181818182
75	V19	0.63953488372093
76	V19	0.522727272727273
77	V19	0.681818181818182
78	V19	0.568181818181818
79	V19	0.522727272727273
80	V19	0.602272727272727
81	V19	0.568181818181818
82	V19	0.63953488372093
83	V19	0.602272727272727
84	V19	0.602272727272727
85	V19	0.579545454545455
86	V19	0.636363636363636
87	V19	0.636363636363636
88	V19	0.659090909090909
89	V19	0.659090909090909
90	V19	0.625
91	V19	0.625
92	V19	0.579545454545455
93	V19	0.647727272727273
94	V19	0.579545454545455
95	V19	0.613636363636364
96	V19	0.625
97	V19	0.647727272727273
98	V19	0.534883720930233
99	V19	0.674418604651163
100	V19	0.602272727272727
101	V19	0.488636363636364
102	V19	0.545454545454545
103	V19	0.636363636363636
104	V19	0.431818181818182
105	V19	0.602272727272727
106	V19	0.659090909090909
107	V19	0.613636363636364
108	V19	0.613636363636364
109	V19	0.681818181818182
110	V19	0.590909090909091
111	V19	0.727272727272727
112	V19	0.590909090909091
113	V19	0.625
114	V19	0.511363636363636
115	V19	0.590909090909091
116	V19	0.602272727272727
117	V19	0.534090909090909
118	V19	0.602272727272727
119	V19	0.568181818181818
120	V19	0.593023255813954
121	V19	0.590909090909091
122	V19	0.545454545454545
123	V19	0.522727272727273
124	V19	0.613636363636364
125	V19	0.590909090909091
126	V19	0.670454545454545
127	V19	0.613636363636364
128	V19	0.613636363636364
129	V19	0.636363636363636
130	V19	0.568181818181818
131	V19	0.568181818181818
132	V19	0.579545454545455
133	V19	0.602272727272727
134	V19	0.636363636363636
135	V19	0.647727272727273
136	V19	0.636363636363636
137	V19	0.602272727272727
138	V19	0.627906976744186
139	V19	0.613636363636364
140	V19	0.613636363636364
141	V19	0.556818181818182
142	V19	0.727272727272727
143	V19	0.602272727272727
144	V19	0.590909090909091
145	V19	0.613636363636364
146	V19	0.568181818181818
147	V19	0.613636363636364
148	V19	0.772727272727273
149	V19	0.568181818181818
1	V20	0.556818181818182
2	V20	0.625
3	V20	0.636363636363636
4	V20	0.727272727272727
5	V20	0.693181818181818
6	V20	0.590909090909091
7	V20	0.651162790697674
8	V20	0.704545454545455
9	V20	0.616279069767442
10	V20	0.613636363636364
11	V20	0.75
12	V20	0.636363636363636
13	V20	0.569767441860465
14	V20	0.602272727272727
15	V20	0.647727272727273
16	V20	0.681818181818182
17	V20	0.625
18	V20	0.616279069767442
19	V20	0.647727272727273
20	V20	1
21	V20	0.670454545454545
22	V20	0.795454545454545
23	V20	0.704545454545455
24	V20	0.647727272727273
25	V20	0.647727272727273
26	V20	0.681818181818182
27	V20	0.704545454545455
28	V20	0.693181818181818
29	V20	0.659090909090909
30	V20	0.681818181818182
31	V20	0.727272727272727
32	V20	0.693181818181818
33	V20	0.659090909090909
34	V20	0.704545454545455
35	V20	0.628205128205128
36	V20	0.641025641025641
37	V20	0.604651162790698
38	V20	0.727272727272727
39	V20	0.658536585365854
40	V20	0.6375
41	V20	0.717948717948718
42	V20	0.653846153846154
43	V20	0.719512195121951
44	V20	0.625
45	V20	0.670454545454545
46	V20	0.693181818181818
47	V20	0.625
48	V20	0.651162790697674
49	V20	0.590909090909091
50	V20	0.647727272727273
51	V20	0.647727272727273
52	V20	0.720930232558139
53	V20	0.715909090909091
54	V20	0.63953488372093
55	V20	0.636363636363636
56	V20	0.670454545454545
57	V20	0.670454545454545
58	V20	0.681818181818182
59	V20	0.602272727272727
60	V20	0.579545454545455
61	V20	0.625
62	V20	0.670454545454545
63	V20	0.625
64	V20	0.636363636363636
65	V20	0.681818181818182
66	V20	0.636363636363636
67	V20	0.625
68	V20	0.602272727272727
69	V20	0.613636363636364
70	V20	0.704545454545455
71	V20	0.670454545454545
72	V20	0.659090909090909
73	V20	0.625
74	V20	0.636363636363636
75	V20	0.581395348837209
76	V20	0.647727272727273
77	V20	0.647727272727273
78	V20	0.602272727272727
79	V20	0.602272727272727
80	V20	0.613636363636364
81	V20	0.670454545454545
82	V20	0.651162790697674
83	V20	0.659090909090909
84	V20	0.659090909090909
85	V20	0.659090909090909
86	V20	0.625
87	V20	0.511363636363636
88	V20	0.715909090909091
89	V20	0.715909090909091
90	V20	0.704545454545455
91	V20	0.704545454545455
92	V20	0.613636363636364
93	V20	0.636363636363636
94	V20	0.590909090909091
95	V20	0.693181818181818
96	V20	0.636363636363636
97	V20	0.659090909090909
98	V20	0.627906976744186
99	V20	0.616279069767442
100	V20	0.659090909090909
101	V20	0.613636363636364
102	V20	0.556818181818182
103	V20	0.625
104	V20	0.602272727272727
105	V20	0.590909090909091
106	V20	0.647727272727273
107	V20	0.647727272727273
108	V20	0.647727272727273
109	V20	0.625
110	V20	0.647727272727273
111	V20	0.693181818181818
112	V20	0.761363636363636
113	V20	0.681818181818182
114	V20	0.613636363636364
115	V20	0.647727272727273
116	V20	0.681818181818182
117	V20	0.590909090909091
118	V20	0.681818181818182
119	V20	0.647727272727273
120	V20	0.627906976744186
121	V20	0.556818181818182
122	V20	0.738636363636364
123	V20	0.534090909090909
124	V20	0.670454545454545
125	V20	0.670454545454545
126	V20	0.613636363636364
127	V20	0.625
128	V20	0.693181818181818
129	V20	0.670454545454545
130	V20	0.647727272727273
131	V20	0.647727272727273
132	V20	0.636363636363636
133	V20	0.613636363636364
134	V20	0.715909090909091
135	V20	0.795454545454545
136	V20	0.693181818181818
137	V20	0.681818181818182
138	V20	0.651162790697674
139	V20	0.670454545454545
140	V20	0.647727272727273
141	V20	0.636363636363636
142	V20	0.715909090909091
143	V20	0.636363636363636
144	V20	0.579545454545455
145	V20	0.670454545454545
146	V20	0.670454545454545
147	V20	0.647727272727273
148	V20	0.647727272727273
149	V20	0.738636363636364
1	V21	0.568181818181818
2	V21	0.545454545454545
3	V21	0.579545454545455
4	V21	0.556818181818182
5	V21	0.613636363636364
6	V21	0.579545454545455
7	V21	0.593023255813954
8	V21	0.693181818181818
9	V21	0.534883720930233
10	V21	0.556818181818182
11	V21	0.602272727272727
12	V21	0.625
13	V21	0.523255813953488
14	V21	0.568181818181818
15	V21	0.636363636363636
16	V21	0.647727272727273
17	V21	0.590909090909091
18	V21	0.604651162790698
19	V21	0.659090909090909
20	V21	0.670454545454545
21	V21	1
22	V21	0.625
23	V21	0.579545454545455
24	V21	0.522727272727273
25	V21	0.636363636363636
26	V21	0.579545454545455
27	V21	0.579545454545455
28	V21	0.636363636363636
29	V21	0.602272727272727
30	V21	0.556818181818182
31	V21	0.602272727272727
32	V21	0.522727272727273
33	V21	0.602272727272727
34	V21	0.579545454545455
35	V21	0.653846153846154
36	V21	0.615384615384615
37	V21	0.523255813953488
38	V21	0.625
39	V21	0.548780487804878
40	V21	0.625
41	V21	0.641025641025641
42	V21	0.576923076923077
43	V21	0.573170731707317
44	V21	0.583333333333333
45	V21	0.590909090909091
46	V21	0.613636363636364
47	V21	0.636363636363636
48	V21	0.627906976744186
49	V21	0.602272727272727
50	V21	0.613636363636364
51	V21	0.568181818181818
52	V21	0.558139534883721
53	V21	0.659090909090909
54	V21	0.616279069767442
55	V21	0.625
56	V21	0.636363636363636
57	V21	0.568181818181818
58	V21	0.625
59	V21	0.568181818181818
60	V21	0.613636363636364
61	V21	0.568181818181818
62	V21	0.568181818181818
63	V21	0.613636363636364
64	V21	0.647727272727273
65	V21	0.602272727272727
66	V21	0.602272727272727
67	V21	0.681818181818182
68	V21	0.613636363636364
69	V21	0.647727272727273
70	V21	0.625
71	V21	0.636363636363636
72	V21	0.579545454545455
73	V21	0.522727272727273
74	V21	0.602272727272727
75	V21	0.627906976744186
76	V21	0.522727272727273
77	V21	0.704545454545455
78	V21	0.636363636363636
79	V21	0.568181818181818
80	V21	0.693181818181818
81	V21	0.590909090909091
82	V21	0.63953488372093
83	V21	0.602272727272727
84	V21	0.625
85	V21	0.556818181818182
86	V21	0.659090909090909
87	V21	0.590909090909091
88	V21	0.636363636363636
89	V21	0.613636363636364
90	V21	0.625
91	V21	0.625
92	V21	0.556818181818182
93	V21	0.625
94	V21	0.511363636363636
95	V21	0.636363636363636
96	V21	0.579545454545455
97	V21	0.625
98	V21	0.593023255813954
99	V21	0.63953488372093
100	V21	0.625
101	V21	0.670454545454545
102	V21	0.568181818181818
103	V21	0.590909090909091
104	V21	0.522727272727273
105	V21	0.579545454545455
106	V21	0.613636363636364
107	V21	0.590909090909091
108	V21	0.613636363636364
109	V21	0.568181818181818
110	V21	0.613636363636364
111	V21	0.681818181818182
112	V21	0.681818181818182
113	V21	0.715909090909091
114	V21	0.556818181818182
115	V21	0.590909090909091
116	V21	0.670454545454545
117	V21	0.556818181818182
118	V21	0.625
119	V21	0.613636363636364
120	V21	0.546511627906977
121	V21	0.522727272727273
122	V21	0.613636363636364
123	V21	0.568181818181818
124	V21	0.659090909090909
125	V21	0.636363636363636
126	V21	0.625
127	V21	0.590909090909091
128	V21	0.590909090909091
129	V21	0.590909090909091
130	V21	0.568181818181818
131	V21	0.568181818181818
132	V21	0.556818181818182
133	V21	0.602272727272727
134	V21	0.5
135	V21	0.693181818181818
136	V21	0.613636363636364
137	V21	0.556818181818182
138	V21	0.593023255813954
139	V21	0.545454545454545
140	V21	0.636363636363636
141	V21	0.625
142	V21	0.613636363636364
143	V21	0.693181818181818
144	V21	0.590909090909091
145	V21	0.636363636363636
146	V21	0.659090909090909
147	V21	0.613636363636364
148	V21	0.659090909090909
149	V21	0.545454545454545
1	V22	0.556818181818182
2	V22	0.579545454545455
3	V22	0.590909090909091
4	V22	0.659090909090909
5	V22	0.693181818181818
6	V22	0.568181818181818
7	V22	0.627906976744186
8	V22	0.704545454545455
9	V22	0.63953488372093
10	V22	0.613636363636364
11	V22	0.75
12	V22	0.590909090909091
13	V22	0.616279069767442
14	V22	0.602272727272727
15	V22	0.670454545454545
16	V22	0.636363636363636
17	V22	0.625
18	V22	0.63953488372093
19	V22	0.602272727272727
20	V22	0.795454545454545
21	V22	0.625
22	V22	1
23	V22	0.659090909090909
24	V22	0.647727272727273
25	V22	0.647727272727273
26	V22	0.613636363636364
27	V22	0.636363636363636
28	V22	0.715909090909091
29	V22	0.704545454545455
30	V22	0.681818181818182
31	V22	0.659090909090909
32	V22	0.647727272727273
33	V22	0.568181818181818
34	V22	0.590909090909091
35	V22	0.641025641025641
36	V22	0.666666666666667
37	V22	0.627906976744186
38	V22	0.727272727272727
39	V22	0.695121951219512
40	V22	0.6125
41	V22	0.67948717948718
42	V22	0.67948717948718
43	V22	0.719512195121951
44	V22	0.569444444444444
45	V22	0.602272727272727
46	V22	0.647727272727273
47	V22	0.602272727272727
48	V22	0.604651162790698
49	V22	0.568181818181818
50	V22	0.625
51	V22	0.625
52	V22	0.686046511627907
53	V22	0.579545454545455
54	V22	0.593023255813954
55	V22	0.613636363636364
56	V22	0.715909090909091
57	V22	0.670454545454545
58	V22	0.613636363636364
59	V22	0.602272727272727
60	V22	0.693181818181818
61	V22	0.602272727272727
62	V22	0.602272727272727
63	V22	0.625
64	V22	0.613636363636364
65	V22	0.613636363636364
66	V22	0.613636363636364
67	V22	0.647727272727273
68	V22	0.647727272727273
69	V22	0.568181818181818
70	V22	0.659090909090909
71	V22	0.579545454545455
72	V22	0.636363636363636
73	V22	0.625
74	V22	0.636363636363636
75	V22	0.581395348837209
76	V22	0.670454545454545
77	V22	0.647727272727273
78	V22	0.579545454545455
79	V22	0.670454545454545
80	V22	0.613636363636364
81	V22	0.625
82	V22	0.651162790697674
83	V22	0.613636363636364
84	V22	0.636363636363636
85	V22	0.636363636363636
86	V22	0.556818181818182
87	V22	0.579545454545455
88	V22	0.693181818181818
89	V22	0.647727272727273
90	V22	0.636363636363636
91	V22	0.704545454545455
92	V22	0.568181818181818
93	V22	0.613636363636364
94	V22	0.522727272727273
95	V22	0.693181818181818
96	V22	0.681818181818182
97	V22	0.681818181818182
98	V22	0.627906976744186
99	V22	0.662790697674419
100	V22	0.659090909090909
101	V22	0.659090909090909
102	V22	0.647727272727273
103	V22	0.625
104	V22	0.670454545454545
105	V22	0.613636363636364
106	V22	0.647727272727273
107	V22	0.534090909090909
108	V22	0.670454545454545
109	V22	0.647727272727273
110	V22	0.647727272727273
111	V22	0.715909090909091
112	V22	0.715909090909091
113	V22	0.613636363636364
114	V22	0.613636363636364
115	V22	0.534090909090909
116	V22	0.636363636363636
117	V22	0.590909090909091
118	V22	0.704545454545455
119	V22	0.625
120	V22	0.63953488372093
121	V22	0.556818181818182
122	V22	0.693181818181818
123	V22	0.602272727272727
124	V22	0.647727272727273
125	V22	0.602272727272727
126	V22	0.590909090909091
127	V22	0.693181818181818
128	V22	0.625
129	V22	0.625
130	V22	0.670454545454545
131	V22	0.625
132	V22	0.636363636363636
133	V22	0.590909090909091
134	V22	0.625
135	V22	0.727272727272727
136	V22	0.693181818181818
137	V22	0.613636363636364
138	V22	0.627906976744186
139	V22	0.647727272727273
140	V22	0.602272727272727
141	V22	0.613636363636364
142	V22	0.693181818181818
143	V22	0.613636363636364
144	V22	0.602272727272727
145	V22	0.625
146	V22	0.670454545454545
147	V22	0.670454545454545
148	V22	0.602272727272727
149	V22	0.647727272727273
1	V23	0.602272727272727
2	V23	0.625
3	V23	0.590909090909091
4	V23	0.613636363636364
5	V23	0.602272727272727
6	V23	0.590909090909091
7	V23	0.604651162790698
8	V23	0.681818181818182
9	V23	0.5
10	V23	0.590909090909091
11	V23	0.613636363636364
12	V23	0.613636363636364
13	V23	0.511627906976744
14	V23	0.602272727272727
15	V23	0.579545454545455
16	V23	0.681818181818182
17	V23	0.534090909090909
18	V23	0.546511627906977
19	V23	0.602272727272727
20	V23	0.704545454545455
21	V23	0.579545454545455
22	V23	0.659090909090909
23	V23	1
24	V23	0.647727272727273
25	V23	0.602272727272727
26	V23	0.613636363636364
27	V23	0.681818181818182
28	V23	0.647727272727273
29	V23	0.613636363636364
30	V23	0.659090909090909
31	V23	0.636363636363636
32	V23	0.647727272727273
33	V23	0.613636363636364
34	V23	0.659090909090909
35	V23	0.628205128205128
36	V23	0.628205128205128
37	V23	0.627906976744186
38	V23	0.681818181818182
39	V23	0.670731707317073
40	V23	0.675
41	V23	0.653846153846154
42	V23	0.602564102564103
43	V23	0.634146341463415
44	V23	0.680555555555556
45	V23	0.625
46	V23	0.488636363636364
47	V23	0.647727272727273
48	V23	0.686046511627907
49	V23	0.636363636363636
50	V23	0.647727272727273
51	V23	0.647727272727273
52	V23	0.697674418604651
53	V23	0.602272727272727
54	V23	0.604651162790698
55	V23	0.590909090909091
56	V23	0.602272727272727
57	V23	0.670454545454545
58	V23	0.636363636363636
59	V23	0.647727272727273
60	V23	0.602272727272727
61	V23	0.488636363636364
62	V23	0.647727272727273
63	V23	0.602272727272727
64	V23	0.568181818181818
65	V23	0.704545454545455
66	V23	0.545454545454545
67	V23	0.693181818181818
68	V23	0.556818181818182
69	V23	0.613636363636364
70	V23	0.568181818181818
71	V23	0.602272727272727
72	V23	0.613636363636364
73	V23	0.647727272727273
74	V23	0.545454545454545
75	V23	0.593023255813954
76	V23	0.647727272727273
77	V23	0.602272727272727
78	V23	0.579545454545455
79	V23	0.602272727272727
80	V23	0.545454545454545
81	V23	0.693181818181818
82	V23	0.674418604651163
83	V23	0.545454545454545
84	V23	0.704545454545455
85	V23	0.613636363636364
86	V23	0.625
87	V23	0.579545454545455
88	V23	0.647727272727273
89	V23	0.511363636363636
90	V23	0.590909090909091
91	V23	0.636363636363636
92	V23	0.590909090909091
93	V23	0.704545454545455
94	V23	0.568181818181818
95	V23	0.715909090909091
96	V23	0.590909090909091
97	V23	0.659090909090909
98	V23	0.651162790697674
99	V23	0.558139534883721
100	V23	0.613636363636364
101	V23	0.613636363636364
102	V23	0.602272727272727
103	V23	0.579545454545455
104	V23	0.534090909090909
105	V23	0.590909090909091
106	V23	0.579545454545455
107	V23	0.579545454545455
108	V23	0.602272727272727
109	V23	0.625
110	V23	0.670454545454545
111	V23	0.670454545454545
112	V23	0.625
113	V23	0.613636363636364
114	V23	0.590909090909091
115	V23	0.602272727272727
116	V23	0.613636363636364
117	V23	0.590909090909091
118	V23	0.545454545454545
119	V23	0.625
120	V23	0.604651162790698
121	V23	0.625
122	V23	0.625
123	V23	0.465909090909091
124	V23	0.579545454545455
125	V23	0.579545454545455
126	V23	0.522727272727273
127	V23	0.670454545454545
128	V23	0.670454545454545
129	V23	0.625
130	V23	0.602272727272727
131	V23	0.534090909090909
132	V23	0.590909090909091
133	V23	0.636363636363636
134	V23	0.602272727272727
135	V23	0.681818181818182
136	V23	0.670454545454545
137	V23	0.704545454545455
138	V23	0.558139534883721
139	V23	0.625
140	V23	0.579545454545455
141	V23	0.636363636363636
142	V23	0.602272727272727
143	V23	0.545454545454545
144	V23	0.625
145	V23	0.670454545454545
146	V23	0.579545454545455
147	V23	0.602272727272727
148	V23	0.625
149	V23	0.625
1	V24	0.613636363636364
2	V24	0.613636363636364
3	V24	0.556818181818182
4	V24	0.647727272727273
5	V24	0.636363636363636
6	V24	0.647727272727273
7	V24	0.558139534883721
8	V24	0.579545454545455
9	V24	0.662790697674419
10	V24	0.511363636363636
11	V24	0.693181818181818
12	V24	0.647727272727273
13	V24	0.651162790697674
14	V24	0.659090909090909
15	V24	0.636363636363636
16	V24	0.602272727272727
17	V24	0.545454545454545
18	V24	0.546511627906977
19	V24	0.681818181818182
20	V24	0.647727272727273
21	V24	0.522727272727273
22	V24	0.647727272727273
23	V24	0.647727272727273
24	V24	1
25	V24	0.636363636363636
26	V24	0.556818181818182
27	V24	0.625
28	V24	0.613636363636364
29	V24	0.670454545454545
30	V24	0.693181818181818
31	V24	0.625
32	V24	0.659090909090909
33	V24	0.579545454545455
34	V24	0.534090909090909
35	V24	0.653846153846154
36	V24	0.730769230769231
37	V24	0.581395348837209
38	V24	0.693181818181818
39	V24	0.646341463414634
40	V24	0.6375
41	V24	0.692307692307692
42	V24	0.615384615384615
43	V24	0.646341463414634
44	V24	0.611111111111111
45	V24	0.613636363636364
46	V24	0.590909090909091
47	V24	0.636363636363636
48	V24	0.662790697674419
49	V24	0.625
50	V24	0.590909090909091
51	V24	0.636363636363636
52	V24	0.581395348837209
53	V24	0.590909090909091
54	V24	0.651162790697674
55	V24	0.579545454545455
56	V24	0.636363636363636
57	V24	0.659090909090909
58	V24	0.511363636363636
59	V24	0.568181818181818
60	V24	0.568181818181818
61	V24	0.5
62	V24	0.568181818181818
63	V24	0.636363636363636
64	V24	0.625
65	V24	0.647727272727273
66	V24	0.602272727272727
67	V24	0.613636363636364
68	V24	0.568181818181818
69	V24	0.556818181818182
70	V24	0.625
71	V24	0.613636363636364
72	V24	0.579545454545455
73	V24	0.590909090909091
74	V24	0.556818181818182
75	V24	0.616279069767442
76	V24	0.590909090909091
77	V24	0.659090909090909
78	V24	0.681818181818182
79	V24	0.681818181818182
80	V24	0.556818181818182
81	V24	0.590909090909091
82	V24	0.604651162790698
83	V24	0.670454545454545
84	V24	0.625
85	V24	0.647727272727273
86	V24	0.522727272727273
87	V24	0.659090909090909
88	V24	0.636363636363636
89	V24	0.568181818181818
90	V24	0.579545454545455
91	V24	0.602272727272727
92	V24	0.715909090909091
93	V24	0.625
94	V24	0.647727272727273
95	V24	0.636363636363636
96	V24	0.602272727272727
97	V24	0.693181818181818
98	V24	0.546511627906977
99	V24	0.581395348837209
100	V24	0.625
101	V24	0.579545454545455
102	V24	0.522727272727273
103	V24	0.522727272727273
104	V24	0.545454545454545
105	V24	0.488636363636364
106	V24	0.568181818181818
107	V24	0.568181818181818
108	V24	0.590909090909091
109	V24	0.681818181818182
110	V24	0.568181818181818
111	V24	0.636363636363636
112	V24	0.568181818181818
113	V24	0.488636363636364
114	V24	0.647727272727273
115	V24	0.613636363636364
116	V24	0.625
117	V24	0.534090909090909
118	V24	0.625
119	V24	0.590909090909091
120	V24	0.616279069767442
121	V24	0.590909090909091
122	V24	0.613636363636364
123	V24	0.545454545454545
124	V24	0.659090909090909
125	V24	0.545454545454545
126	V24	0.647727272727273
127	V24	0.659090909090909
128	V24	0.590909090909091
129	V24	0.590909090909091
130	V24	0.568181818181818
131	V24	0.659090909090909
132	V24	0.670454545454545
133	V24	0.488636363636364
134	V24	0.659090909090909
135	V24	0.647727272727273
136	V24	0.636363636363636
137	V24	0.625
138	V24	0.662790697674419
139	V24	0.636363636363636
140	V24	0.568181818181818
141	V24	0.602272727272727
142	V24	0.704545454545455
143	V24	0.579545454545455
144	V24	0.590909090909091
145	V24	0.659090909090909
146	V24	0.568181818181818
147	V24	0.590909090909091
148	V24	0.590909090909091
149	V24	0.613636363636364
1	V25	0.613636363636364
2	V25	0.613636363636364
3	V25	0.579545454545455
4	V25	0.579545454545455
5	V25	0.613636363636364
6	V25	0.715909090909091
7	V25	0.63953488372093
8	V25	0.625
9	V25	0.581395348837209
10	V25	0.511363636363636
11	V25	0.715909090909091
12	V25	0.579545454545455
13	V25	0.581395348837209
14	V25	0.681818181818182
15	V25	0.636363636363636
16	V25	0.693181818181818
17	V25	0.545454545454545
18	V25	0.558139534883721
19	V25	0.590909090909091
20	V25	0.647727272727273
21	V25	0.636363636363636
22	V25	0.647727272727273
23	V25	0.602272727272727
24	V25	0.636363636363636
25	V25	1
26	V25	0.579545454545455
27	V25	0.670454545454545
28	V25	0.636363636363636
29	V25	0.556818181818182
30	V25	0.602272727272727
31	V25	0.625
32	V25	0.590909090909091
33	V25	0.670454545454545
34	V25	0.625
35	V25	0.628205128205128
36	V25	0.717948717948718
37	V25	0.593023255813954
38	V25	0.625
39	V25	0.609756097560976
40	V25	0.6375
41	V25	0.576923076923077
42	V25	0.538461538461538
43	V25	0.597560975609756
44	V25	0.569444444444444
45	V25	0.590909090909091
46	V25	0.568181818181818
47	V25	0.636363636363636
48	V25	0.616279069767442
49	V25	0.602272727272727
50	V25	0.568181818181818
51	V25	0.613636363636364
52	V25	0.581395348837209
53	V25	0.681818181818182
54	V25	0.581395348837209
55	V25	0.693181818181818
56	V25	0.659090909090909
57	V25	0.659090909090909
58	V25	0.556818181818182
59	V25	0.590909090909091
60	V25	0.613636363636364
61	V25	0.568181818181818
62	V25	0.613636363636364
63	V25	0.545454545454545
64	V25	0.625
65	V25	0.647727272727273
66	V25	0.647727272727273
67	V25	0.613636363636364
68	V25	0.636363636363636
69	V25	0.579545454545455
70	V25	0.625
71	V25	0.659090909090909
72	V25	0.579545454545455
73	V25	0.590909090909091
74	V25	0.647727272727273
75	V25	0.63953488372093
76	V25	0.636363636363636
77	V25	0.636363636363636
78	V25	0.568181818181818
79	V25	0.590909090909091
80	V25	0.602272727272727
81	V25	0.636363636363636
82	V25	0.616279069767442
83	V25	0.670454545454545
84	V25	0.647727272727273
85	V25	0.602272727272727
86	V25	0.613636363636364
87	V25	0.590909090909091
88	V25	0.659090909090909
89	V25	0.590909090909091
90	V25	0.670454545454545
91	V25	0.693181818181818
92	V25	0.670454545454545
93	V25	0.670454545454545
94	V25	0.579545454545455
95	V25	0.636363636363636
96	V25	0.647727272727273
97	V25	0.670454545454545
98	V25	0.593023255813954
99	V25	0.534883720930233
100	V25	0.579545454545455
101	V25	0.647727272727273
102	V25	0.636363636363636
103	V25	0.590909090909091
104	V25	0.590909090909091
105	V25	0.693181818181818
106	V25	0.636363636363636
107	V25	0.636363636363636
108	V25	0.659090909090909
109	V25	0.590909090909091
110	V25	0.659090909090909
111	V25	0.704545454545455
112	V25	0.636363636363636
113	V25	0.556818181818182
114	V25	0.579545454545455
115	V25	0.568181818181818
116	V25	0.602272727272727
117	V25	0.534090909090909
118	V25	0.579545454545455
119	V25	0.681818181818182
120	V25	0.674418604651163
121	V25	0.636363636363636
122	V25	0.659090909090909
123	V25	0.522727272727273
124	V25	0.636363636363636
125	V25	0.681818181818182
126	V25	0.579545454545455
127	V25	0.590909090909091
128	V25	0.590909090909091
129	V25	0.636363636363636
130	V25	0.636363636363636
131	V25	0.590909090909091
132	V25	0.625
133	V25	0.625
134	V25	0.590909090909091
135	V25	0.670454545454545
136	V25	0.681818181818182
137	V25	0.602272727272727
138	V25	0.63953488372093
139	V25	0.568181818181818
140	V25	0.681818181818182
141	V25	0.534090909090909
142	V25	0.636363636363636
143	V25	0.579545454545455
144	V25	0.568181818181818
145	V25	0.659090909090909
146	V25	0.590909090909091
147	V25	0.659090909090909
148	V25	0.590909090909091
149	V25	0.590909090909091
1	V26	0.704545454545455
2	V26	0.659090909090909
3	V26	0.647727272727273
4	V26	0.647727272727273
5	V26	0.659090909090909
6	V26	0.625
7	V26	0.662790697674419
8	V26	0.693181818181818
9	V26	0.616279069767442
10	V26	0.670454545454545
11	V26	0.579545454545455
12	V26	0.579545454545455
13	V26	0.63953488372093
14	V26	0.613636363636364
15	V26	0.545454545454545
16	V26	0.602272727272727
17	V26	0.636363636363636
18	V26	0.604651162790698
19	V26	0.545454545454545
20	V26	0.670454545454545
21	V26	0.590909090909091
22	V26	0.602272727272727
23	V26	0.602272727272727
24	V26	0.545454545454545
25	V26	0.568181818181818
26	V26	0.988636363636364
27	V26	0.602272727272727
28	V26	0.613636363636364
29	V26	0.556818181818182
30	V26	0.647727272727273
31	V26	0.647727272727273
32	V26	0.568181818181818
33	V26	0.556818181818182
34	V26	0.715909090909091
35	V26	0.551282051282051
36	V26	0.602564102564103
37	V26	0.593023255813954
38	V26	0.670454545454545
39	V26	0.634146341463415
40	V26	0.5875
41	V26	0.653846153846154
42	V26	0.666666666666667
43	V26	0.670731707317073
44	V26	0.638888888888889
45	V26	0.568181818181818
46	V26	0.636363636363636
47	V26	0.727272727272727
48	V26	0.604651162790698
49	V26	0.534090909090909
50	V26	0.590909090909091
51	V26	0.545454545454545
52	V26	0.651162790697674
53	V26	0.636363636363636
54	V26	0.593023255813954
55	V26	0.625
56	V26	0.522727272727273
57	V26	0.590909090909091
58	V26	0.625
59	V26	0.568181818181818
60	V26	0.613636363636364
61	V26	0.5
62	V26	0.613636363636364
63	V26	0.522727272727273
64	V26	0.602272727272727
65	V26	0.647727272727273
66	V26	0.602272727272727
67	V26	0.636363636363636
68	V26	0.659090909090909
69	V26	0.625
70	V26	0.534090909090909
71	V26	0.590909090909091
72	V26	0.625
73	V26	0.613636363636364
74	V26	0.625
75	V26	0.581395348837209
76	V26	0.613636363636364
77	V26	0.590909090909091
78	V26	0.568181818181818
79	V26	0.5
80	V26	0.556818181818182
81	V26	0.568181818181818
82	V26	0.581395348837209
83	V26	0.579545454545455
84	V26	0.670454545454545
85	V26	0.602272727272727
86	V26	0.659090909090909
87	V26	0.613636363636364
88	V26	0.659090909090909
89	V26	0.613636363636364
90	V26	0.670454545454545
91	V26	0.647727272727273
92	V26	0.579545454545455
93	V26	0.647727272727273
94	V26	0.488636363636364
95	V26	0.568181818181818
96	V26	0.670454545454545
97	V26	0.625
98	V26	0.534883720930233
99	V26	0.593023255813954
100	V26	0.647727272727273
101	V26	0.556818181818182
102	V26	0.568181818181818
103	V26	0.568181818181818
104	V26	0.5
105	V26	0.625
106	V26	0.636363636363636
107	V26	0.568181818181818
108	V26	0.659090909090909
109	V26	0.636363636363636
110	V26	0.590909090909091
111	V26	0.590909090909091
112	V26	0.590909090909091
113	V26	0.670454545454545
114	V26	0.534090909090909
115	V26	0.636363636363636
116	V26	0.625
117	V26	0.579545454545455
118	V26	0.556818181818182
119	V26	0.613636363636364
120	V26	0.581395348837209
121	V26	0.568181818181818
122	V26	0.681818181818182
123	V26	0.568181818181818
124	V26	0.636363636363636
125	V26	0.704545454545455
126	V26	0.625
127	V26	0.659090909090909
128	V26	0.636363636363636
129	V26	0.659090909090909
130	V26	0.568181818181818
131	V26	0.613636363636364
132	V26	0.625
133	V26	0.511363636363636
134	V26	0.659090909090909
135	V26	0.625
136	V26	0.568181818181818
137	V26	0.534090909090909
138	V26	0.627906976744186
139	V26	0.590909090909091
140	V26	0.590909090909091
141	V26	0.579545454545455
142	V26	0.636363636363636
143	V26	0.625
144	V26	0.590909090909091
145	V26	0.681818181818182
146	V26	0.659090909090909
147	V26	0.659090909090909
148	V26	0.613636363636364
149	V26	0.659090909090909
1	V27	0.693181818181818
2	V27	0.579545454545455
3	V27	0.590909090909091
4	V27	0.681818181818182
5	V27	0.602272727272727
6	V27	0.636363636363636
7	V27	0.63953488372093
8	V27	0.704545454545455
9	V27	0.63953488372093
10	V27	0.681818181818182
11	V27	0.613636363636364
12	V27	0.659090909090909
13	V27	0.604651162790698
14	V27	0.647727272727273
15	V27	0.693181818181818
16	V27	0.590909090909091
17	V27	0.625
18	V27	0.627906976744186
19	V27	0.556818181818182
20	V27	0.704545454545455
21	V27	0.579545454545455
22	V27	0.636363636363636
23	V27	0.681818181818182
24	V27	0.625
25	V27	0.670454545454545
26	V27	0.613636363636364
27	V27	1
28	V27	0.602272727272727
29	V27	0.613636363636364
30	V27	0.659090909090909
31	V27	0.659090909090909
32	V27	0.579545454545455
33	V27	0.636363636363636
34	V27	0.613636363636364
35	V27	0.576923076923077
36	V27	0.602564102564103
37	V27	0.546511627906977
38	V27	0.681818181818182
39	V27	0.695121951219512
40	V27	0.625
41	V27	0.628205128205128
42	V27	0.551282051282051
43	V27	0.609756097560976
44	V27	0.597222222222222
45	V27	0.579545454545455
46	V27	0.579545454545455
47	V27	0.647727272727273
48	V27	0.616279069767442
49	V27	0.636363636363636
50	V27	0.579545454545455
51	V27	0.602272727272727
52	V27	0.627906976744186
53	V27	0.715909090909091
54	V27	0.627906976744186
55	V27	0.636363636363636
56	V27	0.602272727272727
57	V27	0.715909090909091
58	V27	0.522727272727273
59	V27	0.579545454545455
60	V27	0.602272727272727
61	V27	0.647727272727273
62	V27	0.625
63	V27	0.625
64	V27	0.659090909090909
65	V27	0.659090909090909
66	V27	0.590909090909091
67	V27	0.579545454545455
68	V27	0.511363636363636
69	V27	0.636363636363636
70	V27	0.636363636363636
71	V27	0.579545454545455
72	V27	0.636363636363636
73	V27	0.556818181818182
74	V27	0.636363636363636
75	V27	0.662790697674419
76	V27	0.647727272727273
77	V27	0.647727272727273
78	V27	0.625
79	V27	0.625
80	V27	0.659090909090909
81	V27	0.647727272727273
82	V27	0.604651162790698
83	V27	0.613636363636364
84	V27	0.681818181818182
85	V27	0.704545454545455
86	V27	0.602272727272727
87	V27	0.579545454545455
88	V27	0.670454545454545
89	V27	0.625
90	V27	0.659090909090909
91	V27	0.636363636363636
92	V27	0.613636363636364
93	V27	0.75
94	V27	0.659090909090909
95	V27	0.670454545454545
96	V27	0.636363636363636
97	V27	0.681818181818182
98	V27	0.709302325581395
99	V27	0.604651162790698
100	V27	0.636363636363636
101	V27	0.659090909090909
102	V27	0.647727272727273
103	V27	0.602272727272727
104	V27	0.625
105	V27	0.568181818181818
106	V27	0.579545454545455
107	V27	0.647727272727273
108	V27	0.715909090909091
109	V27	0.625
110	V27	0.602272727272727
111	V27	0.625
112	V27	0.693181818181818
113	V27	0.568181818181818
114	V27	0.659090909090909
115	V27	0.579545454545455
116	V27	0.636363636363636
117	V27	0.613636363636364
118	V27	0.590909090909091
119	V27	0.602272727272727
120	V27	0.674418604651163
121	V27	0.602272727272727
122	V27	0.625
123	V27	0.579545454545455
124	V27	0.647727272727273
125	V27	0.647727272727273
126	V27	0.477272727272727
127	V27	0.670454545454545
128	V27	0.670454545454545
129	V27	0.602272727272727
130	V27	0.602272727272727
131	V27	0.625
132	V27	0.659090909090909
133	V27	0.659090909090909
134	V27	0.625
135	V27	0.727272727272727
136	V27	0.738636363636364
137	V27	0.590909090909091
138	V27	0.616279069767442
139	V27	0.647727272727273
140	V27	0.693181818181818
141	V27	0.568181818181818
142	V27	0.670454545454545
143	V27	0.613636363636364
144	V27	0.625
145	V27	0.625
146	V27	0.534090909090909
147	V27	0.715909090909091
148	V27	0.602272727272727
149	V27	0.602272727272727
1	V28	0.568181818181818
2	V28	0.613636363636364
3	V28	0.625
4	V28	0.625
5	V28	0.636363636363636
6	V28	0.647727272727273
7	V28	0.662790697674419
8	V28	0.784090909090909
9	V28	0.604651162790698
10	V28	0.602272727272727
11	V28	0.715909090909091
12	V28	0.647727272727273
13	V28	0.651162790697674
14	V28	0.681818181818182
15	V28	0.636363636363636
16	V28	0.602272727272727
17	V28	0.681818181818182
18	V28	0.674418604651163
19	V28	0.659090909090909
20	V28	0.693181818181818
21	V28	0.636363636363636
22	V28	0.715909090909091
23	V28	0.647727272727273
24	V28	0.613636363636364
25	V28	0.636363636363636
26	V28	0.625
27	V28	0.602272727272727
28	V28	1
29	V28	0.693181818181818
30	V28	0.556818181818182
31	V28	0.647727272727273
32	V28	0.613636363636364
33	V28	0.579545454545455
34	V28	0.647727272727273
35	V28	0.628205128205128
36	V28	0.67948717948718
37	V28	0.593023255813954
38	V28	0.693181818181818
39	V28	0.646341463414634
40	V28	0.625
41	V28	0.653846153846154
42	V28	0.615384615384615
43	V28	0.670731707317073
44	V28	0.666666666666667
45	V28	0.636363636363636
46	V28	0.590909090909091
47	V28	0.613636363636364
48	V28	0.662790697674419
49	V28	0.647727272727273
50	V28	0.613636363636364
51	V28	0.681818181818182
52	V28	0.63953488372093
53	V28	0.590909090909091
54	V28	0.627906976744186
55	V28	0.625
56	V28	0.659090909090909
57	V28	0.613636363636364
58	V28	0.625
59	V28	0.659090909090909
60	V28	0.681818181818182
61	V28	0.659090909090909
62	V28	0.590909090909091
63	V28	0.590909090909091
64	V28	0.625
65	V28	0.670454545454545
66	V28	0.647727272727273
67	V28	0.727272727272727
68	V28	0.659090909090909
69	V28	0.647727272727273
70	V28	0.670454545454545
71	V28	0.681818181818182
72	V28	0.647727272727273
73	V28	0.590909090909091
74	V28	0.625
75	V28	0.686046511627907
76	V28	0.568181818181818
77	V28	0.704545454545455
78	V28	0.681818181818182
79	V28	0.590909090909091
80	V28	0.602272727272727
81	V28	0.636363636363636
82	V28	0.662790697674419
83	V28	0.715909090909091
84	V28	0.670454545454545
85	V28	0.670454545454545
86	V28	0.613636363636364
87	V28	0.613636363636364
88	V28	0.659090909090909
89	V28	0.590909090909091
90	V28	0.602272727272727
91	V28	0.738636363636364
92	V28	0.625
93	V28	0.670454545454545
94	V28	0.534090909090909
95	V28	0.659090909090909
96	V28	0.738636363636364
97	V28	0.693181818181818
98	V28	0.627906976744186
99	V28	0.720930232558139
100	V28	0.647727272727273
101	V28	0.625
102	V28	0.681818181818182
103	V28	0.636363636363636
104	V28	0.568181818181818
105	V28	0.647727272727273
106	V28	0.727272727272727
107	V28	0.590909090909091
108	V28	0.704545454545455
109	V28	0.704545454545455
110	V28	0.659090909090909
111	V28	0.636363636363636
112	V28	0.704545454545455
113	V28	0.647727272727273
114	V28	0.556818181818182
115	V28	0.636363636363636
116	V28	0.738636363636364
117	V28	0.647727272727273
118	V28	0.670454545454545
119	V28	0.659090909090909
120	V28	0.63953488372093
121	V28	0.636363636363636
122	V28	0.659090909090909
123	V28	0.568181818181818
124	V28	0.659090909090909
125	V28	0.659090909090909
126	V28	0.625
127	V28	0.75
128	V28	0.681818181818182
129	V28	0.681818181818182
130	V28	0.704545454545455
131	V28	0.659090909090909
132	V28	0.602272727272727
133	V28	0.579545454545455
134	V28	0.636363636363636
135	V28	0.670454545454545
136	V28	0.636363636363636
137	V28	0.556818181818182
138	V28	0.627906976744186
139	V28	0.590909090909091
140	V28	0.636363636363636
141	V28	0.625
142	V28	0.704545454545455
143	V28	0.625
144	V28	0.590909090909091
145	V28	0.681818181818182
146	V28	0.613636363636364
147	V28	0.704545454545455
148	V28	0.704545454545455
149	V28	0.636363636363636
1	V29	0.556818181818182
2	V29	0.556818181818182
3	V29	0.590909090909091
4	V29	0.636363636363636
5	V29	0.693181818181818
6	V29	0.5
7	V29	0.581395348837209
8	V29	0.636363636363636
9	V29	0.581395348837209
10	V29	0.613636363636364
11	V29	0.659090909090909
12	V29	0.727272727272727
13	V29	0.686046511627907
14	V29	0.625
15	V29	0.579545454545455
16	V29	0.659090909090909
17	V29	0.670454545454545
18	V29	0.616279069767442
19	V29	0.693181818181818
20	V29	0.659090909090909
21	V29	0.602272727272727
22	V29	0.704545454545455
23	V29	0.613636363636364
24	V29	0.670454545454545
25	V29	0.556818181818182
26	V29	0.568181818181818
27	V29	0.613636363636364
28	V29	0.693181818181818
29	V29	1
30	V29	0.681818181818182
31	V29	0.636363636363636
32	V29	0.625
33	V29	0.568181818181818
34	V29	0.568181818181818
35	V29	0.67948717948718
36	V29	0.628205128205128
37	V29	0.581395348837209
38	V29	0.727272727272727
39	V29	0.658536585365854
40	V29	0.675
41	V29	0.705128205128205
42	V29	0.602564102564103
43	V29	0.695121951219512
44	V29	0.652777777777778
45	V29	0.647727272727273
46	V29	0.693181818181818
47	V29	0.647727272727273
48	V29	0.720930232558139
49	V29	0.659090909090909
50	V29	0.670454545454545
51	V29	0.670454545454545
52	V29	0.63953488372093
53	V29	0.602272727272727
54	V29	0.662790697674419
55	V29	0.613636363636364
56	V29	0.625
57	V29	0.602272727272727
58	V29	0.681818181818182
59	V29	0.602272727272727
60	V29	0.647727272727273
61	V29	0.647727272727273
62	V29	0.511363636363636
63	V29	0.670454545454545
64	V29	0.613636363636364
65	V29	0.727272727272727
66	V29	0.568181818181818
67	V29	0.647727272727273
68	V29	0.556818181818182
69	V29	0.659090909090909
70	V29	0.681818181818182
71	V29	0.647727272727273
72	V29	0.590909090909091
73	V29	0.602272727272727
74	V29	0.590909090909091
75	V29	0.674418604651163
76	V29	0.602272727272727
77	V29	0.670454545454545
78	V29	0.625
79	V29	0.579545454545455
80	V29	0.545454545454545
81	V29	0.602272727272727
82	V29	0.732558139534884
83	V29	0.590909090909091
84	V29	0.681818181818182
85	V29	0.659090909090909
86	V29	0.625
87	V29	0.602272727272727
88	V29	0.647727272727273
89	V29	0.647727272727273
90	V29	0.636363636363636
91	V29	0.636363636363636
92	V29	0.590909090909091
93	V29	0.681818181818182
94	V29	0.636363636363636
95	V29	0.670454545454545
96	V29	0.681818181818182
97	V29	0.704545454545455
98	V29	0.616279069767442
99	V29	0.616279069767442
100	V29	0.727272727272727
101	V29	0.636363636363636
102	V29	0.670454545454545
103	V29	0.761363636363636
104	V29	0.556818181818182
105	V29	0.568181818181818
106	V29	0.693181818181818
107	V29	0.579545454545455
108	V29	0.670454545454545
109	V29	0.670454545454545
110	V29	0.670454545454545
111	V29	0.647727272727273
112	V29	0.670454545454545
113	V29	0.636363636363636
114	V29	0.636363636363636
115	V29	0.670454545454545
116	V29	0.681818181818182
117	V29	0.681818181818182
118	V29	0.681818181818182
119	V29	0.693181818181818
120	V29	0.627906976744186
121	V29	0.534090909090909
122	V29	0.693181818181818
123	V29	0.602272727272727
124	V29	0.670454545454545
125	V29	0.625
126	V29	0.636363636363636
127	V29	0.715909090909091
128	V29	0.647727272727273
129	V29	0.647727272727273
130	V29	0.693181818181818
131	V29	0.670454545454545
132	V29	0.681818181818182
133	V29	0.590909090909091
134	V29	0.647727272727273
135	V29	0.659090909090909
136	V29	0.625
137	V29	0.659090909090909
138	V29	0.593023255813954
139	V29	0.602272727272727
140	V29	0.693181818181818
141	V29	0.659090909090909
142	V29	0.715909090909091
143	V29	0.659090909090909
144	V29	0.602272727272727
145	V29	0.670454545454545
146	V29	0.602272727272727
147	V29	0.670454545454545
148	V29	0.647727272727273
149	V29	0.693181818181818
1	V30	0.556818181818182
2	V30	0.625
3	V30	0.613636363636364
4	V30	0.659090909090909
5	V30	0.693181818181818
6	V30	0.636363636363636
7	V30	0.558139534883721
8	V30	0.659090909090909
9	V30	0.651162790697674
10	V30	0.590909090909091
11	V30	0.704545454545455
12	V30	0.659090909090909
13	V30	0.651162790697674
14	V30	0.556818181818182
15	V30	0.579545454545455
16	V30	0.613636363636364
17	V30	0.647727272727273
18	V30	0.63953488372093
19	V30	0.579545454545455
20	V30	0.681818181818182
21	V30	0.556818181818182
22	V30	0.681818181818182
23	V30	0.659090909090909
24	V30	0.693181818181818
25	V30	0.602272727272727
26	V30	0.659090909090909
27	V30	0.659090909090909
28	V30	0.556818181818182
29	V30	0.681818181818182
30	V30	1
31	V30	0.636363636363636
32	V30	0.670454545454545
33	V30	0.613636363636364
34	V30	0.568181818181818
35	V30	0.743589743589744
36	V30	0.67948717948718
37	V30	0.604651162790698
38	V30	0.727272727272727
39	V30	0.695121951219512
40	V30	0.6625
41	V30	0.692307692307692
42	V30	0.717948717948718
43	V30	0.682926829268293
44	V30	0.638888888888889
45	V30	0.602272727272727
46	V30	0.602272727272727
47	V30	0.670454545454545
48	V30	0.662790697674419
49	V30	0.568181818181818
50	V30	0.625
51	V30	0.670454545454545
52	V30	0.662790697674419
53	V30	0.602272727272727
54	V30	0.581395348837209
55	V30	0.568181818181818
56	V30	0.556818181818182
57	V30	0.647727272727273
58	V30	0.545454545454545
59	V30	0.465909090909091
60	V30	0.647727272727273
61	V30	0.534090909090909
62	V30	0.602272727272727
63	V30	0.534090909090909
64	V30	0.568181818181818
65	V30	0.659090909090909
66	V30	0.522727272727273
67	V30	0.625
68	V30	0.534090909090909
69	V30	0.545454545454545
70	V30	0.613636363636364
71	V30	0.511363636363636
72	V30	0.590909090909091
73	V30	0.602272727272727
74	V30	0.613636363636364
75	V30	0.616279069767442
76	V30	0.761363636363636
77	V30	0.556818181818182
78	V30	0.511363636363636
79	V30	0.625
80	V30	0.613636363636364
81	V30	0.602272727272727
82	V30	0.662790697674419
83	V30	0.613636363636364
84	V30	0.636363636363636
85	V30	0.659090909090909
86	V30	0.602272727272727
87	V30	0.534090909090909
88	V30	0.693181818181818
89	V30	0.647727272727273
90	V30	0.590909090909091
91	V30	0.613636363636364
92	V30	0.636363636363636
93	V30	0.704545454545455
94	V30	0.636363636363636
95	V30	0.647727272727273
96	V30	0.568181818181818
97	V30	0.704545454545455
98	V30	0.511627906976744
99	V30	0.581395348837209
100	V30	0.636363636363636
101	V30	0.568181818181818
102	V30	0.625
103	V30	0.647727272727273
104	V30	0.625
105	V30	0.568181818181818
106	V30	0.556818181818182
107	V30	0.579545454545455
108	V30	0.625
109	V30	0.625
110	V30	0.670454545454545
111	V30	0.647727272727273
112	V30	0.579545454545455
113	V30	0.522727272727273
114	V30	0.659090909090909
115	V30	0.647727272727273
116	V30	0.681818181818182
117	V30	0.590909090909091
118	V30	0.590909090909091
119	V30	0.625
120	V30	0.674418604651163
121	V30	0.579545454545455
122	V30	0.625
123	V30	0.625
124	V30	0.625
125	V30	0.602272727272727
126	V30	0.5
127	V30	0.625
128	V30	0.715909090909091
129	V30	0.625
130	V30	0.579545454545455
131	V30	0.647727272727273
132	V30	0.613636363636364
133	V30	0.522727272727273
134	V30	0.625
135	V30	0.681818181818182
136	V30	0.670454545454545
137	V30	0.636363636363636
138	V30	0.627906976744186
139	V30	0.602272727272727
140	V30	0.602272727272727
141	V30	0.636363636363636
142	V30	0.715909090909091
143	V30	0.613636363636364
144	V30	0.579545454545455
145	V30	0.670454545454545
146	V30	0.647727272727273
147	V30	0.625
148	V30	0.625
149	V30	0.670454545454545
1	V31	0.602272727272727
2	V31	0.602272727272727
3	V31	0.568181818181818
4	V31	0.636363636363636
5	V31	0.647727272727273
6	V31	0.522727272727273
7	V31	0.627906976744186
8	V31	0.681818181818182
9	V31	0.686046511627907
10	V31	0.590909090909091
11	V31	0.681818181818182
12	V31	0.545454545454545
13	V31	0.651162790697674
14	V31	0.602272727272727
15	V31	0.625
16	V31	0.704545454545455
17	V31	0.625
18	V31	0.569767441860465
19	V31	0.625
20	V31	0.727272727272727
21	V31	0.602272727272727
22	V31	0.659090909090909
23	V31	0.636363636363636
24	V31	0.625
25	V31	0.625
26	V31	0.659090909090909
27	V31	0.659090909090909
28	V31	0.647727272727273
29	V31	0.636363636363636
30	V31	0.636363636363636
31	V31	1
32	V31	0.647727272727273
33	V31	0.613636363636364
34	V31	0.613636363636364
35	V31	0.653846153846154
36	V31	0.653846153846154
37	V31	0.651162790697674
38	V31	0.681818181818182
39	V31	0.585365853658537
40	V31	0.575
41	V31	0.692307692307692
42	V31	0.576923076923077
43	V31	0.719512195121951
44	V31	0.708333333333333
45	V31	0.647727272727273
46	V31	0.602272727272727
47	V31	0.647727272727273
48	V31	0.627906976744186
49	V31	0.636363636363636
50	V31	0.625
51	V31	0.602272727272727
52	V31	0.604651162790698
53	V31	0.625
54	V31	0.558139534883721
55	V31	0.659090909090909
56	V31	0.625
57	V31	0.625
58	V31	0.704545454545455
59	V31	0.579545454545455
60	V31	0.625
61	V31	0.579545454545455
62	V31	0.602272727272727
63	V31	0.534090909090909
64	V31	0.590909090909091
65	V31	0.613636363636364
66	V31	0.568181818181818
67	V31	0.556818181818182
68	V31	0.556818181818182
69	V31	0.681818181818182
70	V31	0.568181818181818
71	V31	0.602272727272727
72	V31	0.659090909090909
73	V31	0.602272727272727
74	V31	0.613636363636364
75	V31	0.686046511627907
76	V31	0.556818181818182
77	V31	0.625
78	V31	0.602272727272727
79	V31	0.670454545454545
80	V31	0.636363636363636
81	V31	0.579545454545455
82	V31	0.627906976744186
83	V31	0.590909090909091
84	V31	0.636363636363636
85	V31	0.590909090909091
86	V31	0.579545454545455
87	V31	0.602272727272727
88	V31	0.647727272727273
89	V31	0.647727272727273
90	V31	0.659090909090909
91	V31	0.636363636363636
92	V31	0.590909090909091
93	V31	0.704545454545455
94	V31	0.545454545454545
95	V31	0.647727272727273
96	V31	0.681818181818182
97	V31	0.727272727272727
98	V31	0.593023255813954
99	V31	0.604651162790698
100	V31	0.636363636363636
101	V31	0.613636363636364
102	V31	0.602272727272727
103	V31	0.579545454545455
104	V31	0.511363636363636
105	V31	0.613636363636364
106	V31	0.625
107	V31	0.556818181818182
108	V31	0.625
109	V31	0.602272727272727
110	V31	0.579545454545455
111	V31	0.579545454545455
112	V31	0.647727272727273
113	V31	0.636363636363636
114	V31	0.545454545454545
115	V31	0.625
116	V31	0.659090909090909
117	V31	0.590909090909091
118	V31	0.659090909090909
119	V31	0.670454545454545
120	V31	0.627906976744186
121	V31	0.488636363636364
122	V31	0.715909090909091
123	V31	0.693181818181818
124	V31	0.715909090909091
125	V31	0.602272727272727
126	V31	0.545454545454545
127	V31	0.647727272727273
128	V31	0.579545454545455
129	V31	0.693181818181818
130	V31	0.602272727272727
131	V31	0.715909090909091
132	V31	0.681818181818182
133	V31	0.590909090909091
134	V31	0.625
135	V31	0.75
136	V31	0.670454545454545
137	V31	0.613636363636364
138	V31	0.709302325581395
139	V31	0.602272727272727
140	V31	0.693181818181818
141	V31	0.659090909090909
142	V31	0.670454545454545
143	V31	0.659090909090909
144	V31	0.602272727272727
145	V31	0.625
146	V31	0.625
147	V31	0.625
148	V31	0.602272727272727
149	V31	0.602272727272727
1	V32	0.568181818181818
2	V32	0.5
3	V32	0.625
4	V32	0.579545454545455
5	V32	0.568181818181818
6	V32	0.602272727272727
7	V32	0.581395348837209
8	V32	0.602272727272727
9	V32	0.546511627906977
10	V32	0.579545454545455
11	V32	0.602272727272727
12	V32	0.647727272727273
13	V32	0.627906976744186
14	V32	0.590909090909091
15	V32	0.568181818181818
16	V32	0.625
17	V32	0.636363636363636
18	V32	0.523255813953488
19	V32	0.522727272727273
20	V32	0.670454545454545
21	V32	0.522727272727273
22	V32	0.625
23	V32	0.625
24	V32	0.659090909090909
25	V32	0.568181818181818
26	V32	0.556818181818182
27	V32	0.579545454545455
28	V32	0.590909090909091
29	V32	0.602272727272727
30	V32	0.647727272727273
31	V32	0.625
32	V32	0.977272727272727
33	V32	0.625
34	V32	0.488636363636364
35	V32	0.602564102564103
36	V32	0.628205128205128
37	V32	0.604651162790698
38	V32	0.647727272727273
39	V32	0.585365853658537
40	V32	0.4875
41	V32	0.615384615384615
42	V32	0.525641025641026
43	V32	0.682926829268293
44	V32	0.583333333333333
45	V32	0.590909090909091
46	V32	0.681818181818182
47	V32	0.545454545454545
48	V32	0.662790697674419
49	V32	0.738636363636364
50	V32	0.636363636363636
51	V32	0.613636363636364
52	V32	0.604651162790698
53	V32	0.613636363636364
54	V32	0.627906976744186
55	V32	0.556818181818182
56	V32	0.659090909090909
57	V32	0.613636363636364
58	V32	0.602272727272727
59	V32	0.636363636363636
60	V32	0.636363636363636
61	V32	0.590909090909091
62	V32	0.568181818181818
63	V32	0.613636363636364
64	V32	0.534090909090909
65	V32	0.647727272727273
66	V32	0.625
67	V32	0.568181818181818
68	V32	0.522727272727273
69	V32	0.602272727272727
70	V32	0.602272727272727
71	V32	0.568181818181818
72	V32	0.602272727272727
73	V32	0.568181818181818
74	V32	0.488636363636364
75	V32	0.616279069767442
76	V32	0.659090909090909
77	V32	0.545454545454545
78	V32	0.613636363636364
79	V32	0.613636363636364
80	V32	0.488636363636364
81	V32	0.613636363636364
82	V32	0.627906976744186
83	V32	0.625
84	V32	0.625
85	V32	0.647727272727273
86	V32	0.568181818181818
87	V32	0.522727272727273
88	V32	0.613636363636364
89	V32	0.590909090909091
90	V32	0.511363636363636
91	V32	0.602272727272727
92	V32	0.670454545454545
93	V32	0.602272727272727
94	V32	0.556818181818182
95	V32	0.681818181818182
96	V32	0.556818181818182
97	V32	0.647727272727273
98	V32	0.63953488372093
99	V32	0.627906976744186
100	V32	0.602272727272727
101	V32	0.602272727272727
102	V32	0.590909090909091
103	V32	0.545454545454545
104	V32	0.522727272727273
105	V32	0.625
106	V32	0.522727272727273
107	V32	0.590909090909091
108	V32	0.613636363636364
109	V32	0.590909090909091
110	V32	0.568181818181818
111	V32	0.545454545454545
112	V32	0.590909090909091
113	V32	0.488636363636364
114	V32	0.602272727272727
115	V32	0.659090909090909
116	V32	0.647727272727273
117	V32	0.625
118	V32	0.602272727272727
119	V32	0.636363636363636
120	V32	0.558139534883721
121	V32	0.568181818181818
122	V32	0.613636363636364
123	V32	0.568181818181818
124	V32	0.613636363636364
125	V32	0.545454545454545
126	V32	0.534090909090909
127	V32	0.545454545454545
128	V32	0.590909090909091
129	V32	0.613636363636364
130	V32	0.522727272727273
131	V32	0.613636363636364
132	V32	0.556818181818182
133	V32	0.579545454545455
134	V32	0.568181818181818
135	V32	0.625
136	V32	0.681818181818182
137	V32	0.670454545454545
138	V32	0.523255813953488
139	V32	0.545454545454545
140	V32	0.568181818181818
141	V32	0.625
142	V32	0.590909090909091
143	V32	0.602272727272727
144	V32	0.5
145	V32	0.613636363636364
146	V32	0.590909090909091
147	V32	0.613636363636364
148	V32	0.545454545454545
149	V32	0.568181818181818
1	V33	0.556818181818182
2	V33	0.556818181818182
3	V33	0.613636363636364
4	V33	0.681818181818182
5	V33	0.670454545454545
6	V33	0.590909090909091
7	V33	0.546511627906977
8	V33	0.681818181818182
9	V33	0.662790697674419
10	V33	0.568181818181818
11	V33	0.636363636363636
12	V33	0.659090909090909
13	V33	0.581395348837209
14	V33	0.647727272727273
15	V33	0.602272727272727
16	V33	0.636363636363636
17	V33	0.647727272727273
18	V33	0.697674418604651
19	V33	0.602272727272727
20	V33	0.659090909090909
21	V33	0.602272727272727
22	V33	0.568181818181818
23	V33	0.613636363636364
24	V33	0.579545454545455
25	V33	0.670454545454545
26	V33	0.568181818181818
27	V33	0.636363636363636
28	V33	0.579545454545455
29	V33	0.568181818181818
30	V33	0.613636363636364
31	V33	0.613636363636364
32	V33	0.647727272727273
33	V33	1
34	V33	0.522727272727273
35	V33	0.67948717948718
36	V33	0.641025641025641
37	V33	0.593023255813954
38	V33	0.681818181818182
39	V33	0.658536585365854
40	V33	0.5875
41	V33	0.705128205128205
42	V33	0.67948717948718
43	V33	0.585365853658537
44	V33	0.597222222222222
45	V33	0.715909090909091
46	V33	0.602272727272727
47	V33	0.602272727272727
48	V33	0.63953488372093
49	V33	0.659090909090909
50	V33	0.625
51	V33	0.647727272727273
52	V33	0.686046511627907
53	V33	0.715909090909091
54	V33	0.651162790697674
55	V33	0.659090909090909
56	V33	0.625
57	V33	0.579545454545455
58	V33	0.613636363636364
59	V33	0.625
60	V33	0.670454545454545
61	V33	0.579545454545455
62	V33	0.647727272727273
63	V33	0.602272727272727
64	V33	0.636363636363636
65	V33	0.636363636363636
66	V33	0.568181818181818
67	V33	0.625
68	V33	0.579545454545455
69	V33	0.613636363636364
70	V33	0.545454545454545
71	V33	0.647727272727273
72	V33	0.636363636363636
73	V33	0.693181818181818
74	V33	0.636363636363636
75	V33	0.686046511627907
76	V33	0.625
77	V33	0.625
78	V33	0.625
79	V33	0.556818181818182
80	V33	0.568181818181818
81	V33	0.647727272727273
82	V33	0.604651162790698
83	V33	0.681818181818182
84	V33	0.613636363636364
85	V33	0.681818181818182
86	V33	0.670454545454545
87	V33	0.602272727272727
88	V33	0.625
89	V33	0.647727272727273
90	V33	0.681818181818182
91	V33	0.590909090909091
92	V33	0.681818181818182
93	V33	0.590909090909091
94	V33	0.636363636363636
95	V33	0.670454545454545
96	V33	0.636363636363636
97	V33	0.613636363636364
98	V33	0.616279069767442
99	V33	0.627906976744186
100	V33	0.568181818181818
101	V33	0.590909090909091
102	V33	0.625
103	V33	0.579545454545455
104	V33	0.579545454545455
105	V33	0.636363636363636
106	V33	0.647727272727273
107	V33	0.670454545454545
108	V33	0.625
109	V33	0.579545454545455
110	V33	0.647727272727273
111	V33	0.647727272727273
112	V33	0.625
113	V33	0.590909090909091
114	V33	0.613636363636364
115	V33	0.647727272727273
116	V33	0.659090909090909
117	V33	0.659090909090909
118	V33	0.704545454545455
119	V33	0.625
120	V33	0.604651162790698
121	V33	0.625
122	V33	0.602272727272727
123	V33	0.579545454545455
124	V33	0.602272727272727
125	V33	0.670454545454545
126	V33	0.636363636363636
127	V33	0.579545454545455
128	V33	0.625
129	V33	0.647727272727273
130	V33	0.625
131	V33	0.625
132	V33	0.659090909090909
133	V33	0.704545454545455
134	V33	0.602272727272727
135	V33	0.75
136	V33	0.647727272727273
137	V33	0.636363636363636
138	V33	0.63953488372093
139	V33	0.670454545454545
140	V33	0.647727272727273
141	V33	0.522727272727273
142	V33	0.670454545454545
143	V33	0.681818181818182
144	V33	0.670454545454545
145	V33	0.647727272727273
146	V33	0.625
147	V33	0.625
148	V33	0.625
149	V33	0.556818181818182
1	V34	0.556818181818182
2	V34	0.625
3	V34	0.568181818181818
4	V34	0.613636363636364
5	V34	0.602272727272727
6	V34	0.590909090909091
7	V34	0.604651162790698
8	V34	0.681818181818182
9	V34	0.546511627906977
10	V34	0.5
11	V34	0.659090909090909
12	V34	0.545454545454545
13	V34	0.534883720930233
14	V34	0.625
15	V34	0.556818181818182
16	V34	0.613636363636364
17	V34	0.511363636363636
18	V34	0.523255813953488
19	V34	0.579545454545455
20	V34	0.704545454545455
21	V34	0.579545454545455
22	V34	0.590909090909091
23	V34	0.659090909090909
24	V34	0.534090909090909
25	V34	0.625
26	V34	0.727272727272727
27	V34	0.613636363636364
28	V34	0.647727272727273
29	V34	0.568181818181818
30	V34	0.568181818181818
31	V34	0.613636363636364
32	V34	0.511363636363636
33	V34	0.522727272727273
34	V34	1
35	V34	0.564102564102564
36	V34	0.564102564102564
37	V34	0.534883720930233
38	V34	0.613636363636364
39	V34	0.560975609756098
40	V34	0.65
41	V34	0.628205128205128
42	V34	0.615384615384615
43	V34	0.597560975609756
44	V34	0.541666666666667
45	V34	0.625
46	V34	0.556818181818182
47	V34	0.715909090909091
48	V34	0.581395348837209
49	V34	0.5
50	V34	0.579545454545455
51	V34	0.602272727272727
52	V34	0.616279069767442
53	V34	0.602272727272727
54	V34	0.511627906976744
55	V34	0.545454545454545
56	V34	0.625
57	V34	0.556818181818182
58	V34	0.568181818181818
59	V34	0.511363636363636
60	V34	0.534090909090909
61	V34	0.556818181818182
62	V34	0.647727272727273
63	V34	0.465909090909091
64	V34	0.590909090909091
65	V34	0.636363636363636
66	V34	0.590909090909091
67	V34	0.625
68	V34	0.602272727272727
69	V34	0.522727272727273
70	V34	0.590909090909091
71	V34	0.602272727272727
72	V34	0.522727272727273
73	V34	0.534090909090909
74	V34	0.545454545454545
75	V34	0.476744186046512
76	V34	0.556818181818182
77	V34	0.647727272727273
78	V34	0.488636363636364
79	V34	0.511363636363636
80	V34	0.477272727272727
81	V34	0.534090909090909
82	V34	0.558139534883721
83	V34	0.590909090909091
84	V34	0.636363636363636
85	V34	0.590909090909091
86	V34	0.625
87	V34	0.579545454545455
88	V34	0.579545454545455
89	V34	0.511363636363636
90	V34	0.659090909090909
91	V34	0.636363636363636
92	V34	0.568181818181818
93	V34	0.659090909090909
94	V34	0.568181818181818
95	V34	0.534090909090909
96	V34	0.568181818181818
97	V34	0.613636363636364
98	V34	0.581395348837209
99	V34	0.534883720930233
100	V34	0.545454545454545
101	V34	0.545454545454545
102	V34	0.534090909090909
103	V34	0.534090909090909
104	V34	0.465909090909091
105	V34	0.590909090909091
106	V34	0.602272727272727
107	V34	0.556818181818182
108	V34	0.579545454545455
109	V34	0.556818181818182
110	V34	0.647727272727273
111	V34	0.556818181818182
112	V34	0.625
113	V34	0.659090909090909
114	V34	0.590909090909091
115	V34	0.579545454545455
116	V34	0.568181818181818
117	V34	0.477272727272727
118	V34	0.522727272727273
119	V34	0.625
120	V34	0.569767441860465
121	V34	0.488636363636364
122	V34	0.693181818181818
123	V34	0.488636363636364
124	V34	0.579545454545455
125	V34	0.647727272727273
126	V34	0.568181818181818
127	V34	0.670454545454545
128	V34	0.670454545454545
129	V34	0.625
130	V34	0.579545454545455
131	V34	0.511363636363636
132	V34	0.545454545454545
133	V34	0.522727272727273
134	V34	0.670454545454545
135	V34	0.636363636363636
136	V34	0.602272727272727
137	V34	0.568181818181818
138	V34	0.558139534883721
139	V34	0.602272727272727
140	V34	0.579545454545455
141	V34	0.522727272727273
142	V34	0.579545454545455
143	V34	0.545454545454545
144	V34	0.556818181818182
145	V34	0.670454545454545
146	V34	0.625
147	V34	0.579545454545455
148	V34	0.670454545454545
149	V34	0.625
1	V35	0.556818181818182
2	V35	0.556818181818182
3	V35	0.613636363636364
4	V35	0.613636363636364
5	V35	0.647727272727273
6	V35	0.636363636363636
7	V35	0.558139534883721
8	V35	0.681818181818182
9	V35	0.627906976744186
10	V35	0.590909090909091
11	V35	0.75
12	V35	0.704545454545455
13	V35	0.593023255813954
14	V35	0.647727272727273
15	V35	0.625
16	V35	0.659090909090909
17	V35	0.670454545454545
18	V35	0.616279069767442
19	V35	0.579545454545455
20	V35	0.636363636363636
21	V35	0.647727272727273
22	V35	0.659090909090909
23	V35	0.613636363636364
24	V35	0.647727272727273
25	V35	0.647727272727273
26	V35	0.568181818181818
27	V35	0.568181818181818
28	V35	0.647727272727273
29	V35	0.681818181818182
30	V35	0.681818181818182
31	V35	0.636363636363636
32	V35	0.625
33	V35	0.681818181818182
34	V35	0.568181818181818
35	V35	1
36	V35	0.692307692307692
37	V35	0.558139534883721
38	V35	0.727272727272727
39	V35	0.560975609756098
40	V35	0.6625
41	V35	0.641025641025641
42	V35	0.666666666666667
43	V35	0.731707317073171
44	V35	0.555555555555556
45	V35	0.670454545454545
46	V35	0.579545454545455
47	V35	0.715909090909091
48	V35	0.686046511627907
49	V35	0.590909090909091
50	V35	0.602272727272727
51	V35	0.647727272727273
52	V35	0.63953488372093
53	V35	0.556818181818182
54	V35	0.63953488372093
55	V35	0.681818181818182
56	V35	0.647727272727273
57	V35	0.670454545454545
58	V35	0.704545454545455
59	V35	0.625
60	V35	0.647727272727273
61	V35	0.647727272727273
62	V35	0.602272727272727
63	V35	0.579545454545455
64	V35	0.613636363636364
65	V35	0.681818181818182
66	V35	0.590909090909091
67	V35	0.647727272727273
68	V35	0.647727272727273
69	V35	0.659090909090909
70	V35	0.590909090909091
71	V35	0.647727272727273
72	V35	0.568181818181818
73	V35	0.647727272727273
74	V35	0.613636363636364
75	V35	0.697674418604651
76	V35	0.625
77	V35	0.693181818181818
78	V35	0.647727272727273
79	V35	0.625
80	V35	0.613636363636364
81	V35	0.625
82	V35	0.63953488372093
83	V35	0.727272727272727
84	V35	0.613636363636364
85	V35	0.704545454545455
86	V35	0.602272727272727
87	V35	0.602272727272727
88	V35	0.647727272727273
89	V35	0.579545454545455
90	V35	0.681818181818182
91	V35	0.568181818181818
92	V35	0.590909090909091
93	V35	0.613636363636364
94	V35	0.590909090909091
95	V35	0.670454545454545
96	V35	0.590909090909091
97	V35	0.659090909090909
98	V35	0.604651162790698
99	V35	0.569767441860465
100	V35	0.613636363636364
101	V35	0.613636363636364
102	V35	0.579545454545455
103	V35	0.579545454545455
104	V35	0.579545454545455
105	V35	0.590909090909091
106	V35	0.670454545454545
107	V35	0.488636363636364
108	V35	0.647727272727273
109	V35	0.625
110	V35	0.715909090909091
111	V35	0.647727272727273
112	V35	0.579545454545455
113	V35	0.659090909090909
114	V35	0.659090909090909
115	V35	0.579545454545455
116	V35	0.704545454545455
117	V35	0.613636363636364
118	V35	0.704545454545455
119	V35	0.647727272727273
120	V35	0.581395348837209
121	V35	0.579545454545455
122	V35	0.647727272727273
123	V35	0.693181818181818
124	V35	0.579545454545455
125	V35	0.602272727272727
126	V35	0.613636363636364
127	V35	0.647727272727273
128	V35	0.670454545454545
129	V35	0.647727272727273
130	V35	0.647727272727273
131	V35	0.670454545454545
132	V35	0.636363636363636
133	V35	0.613636363636364
134	V35	0.556818181818182
135	V35	0.704545454545455
136	V35	0.693181818181818
137	V35	0.568181818181818
138	V35	0.651162790697674
139	V35	0.625
140	V35	0.670454545454545
141	V35	0.681818181818182
142	V35	0.602272727272727
143	V35	0.727272727272727
144	V35	0.693181818181818
145	V35	0.715909090909091
146	V35	0.670454545454545
147	V35	0.647727272727273
148	V35	0.602272727272727
149	V35	0.556818181818182
1	V36	0.602272727272727
2	V36	0.625
3	V36	0.568181818181818
4	V36	0.659090909090909
5	V36	0.693181818181818
6	V36	0.659090909090909
7	V36	0.581395348837209
8	V36	0.659090909090909
9	V36	0.627906976744186
10	V36	0.5
11	V36	0.795454545454545
12	V36	0.613636363636364
13	V36	0.593023255813954
14	V36	0.715909090909091
15	V36	0.647727272727273
16	V36	0.681818181818182
17	V36	0.602272727272727
18	V36	0.593023255813954
19	V36	0.602272727272727
20	V36	0.636363636363636
21	V36	0.602272727272727
22	V36	0.659090909090909
23	V36	0.568181818181818
24	V36	0.715909090909091
25	V36	0.715909090909091
26	V36	0.613636363636364
27	V36	0.568181818181818
28	V36	0.693181818181818
29	V36	0.613636363636364
30	V36	0.636363636363636
31	V36	0.613636363636364
32	V36	0.625
33	V36	0.613636363636364
34	V36	0.590909090909091
35	V36	0.666666666666667
36	V36	0.974358974358974
37	V36	0.604651162790698
38	V36	0.704545454545455
39	V36	0.646341463414634
40	V36	0.5875
41	V36	0.653846153846154
42	V36	0.692307692307692
43	V36	0.634146341463415
44	V36	0.652777777777778
45	V36	0.625
46	V36	0.693181818181818
47	V36	0.647727272727273
48	V36	0.686046511627907
49	V36	0.659090909090909
50	V36	0.579545454545455
51	V36	0.602272727272727
52	V36	0.627906976744186
53	V36	0.670454545454545
54	V36	0.662790697674419
55	V36	0.681818181818182
56	V36	0.579545454545455
57	V36	0.647727272727273
58	V36	0.545454545454545
59	V36	0.602272727272727
60	V36	0.693181818181818
61	V36	0.556818181818182
62	V36	0.556818181818182
63	V36	0.647727272727273
64	V36	0.568181818181818
65	V36	0.681818181818182
66	V36	0.659090909090909
67	V36	0.579545454545455
68	V36	0.670454545454545
69	V36	0.568181818181818
70	V36	0.613636363636364
71	V36	0.647727272727273
72	V36	0.590909090909091
73	V36	0.602272727272727
74	V36	0.636363636363636
75	V36	0.604651162790698
76	V36	0.625
77	V36	0.715909090909091
78	V36	0.670454545454545
79	V36	0.625
80	V36	0.568181818181818
81	V36	0.670454545454545
82	V36	0.616279069767442
83	V36	0.659090909090909
84	V36	0.590909090909091
85	V36	0.590909090909091
86	V36	0.579545454545455
87	V36	0.625
88	V36	0.625
89	V36	0.670454545454545
90	V36	0.590909090909091
91	V36	0.636363636363636
92	V36	0.659090909090909
93	V36	0.659090909090909
94	V36	0.613636363636364
95	V36	0.579545454545455
96	V36	0.636363636363636
97	V36	0.636363636363636
98	V36	0.569767441860465
99	V36	0.593023255813954
100	V36	0.568181818181818
101	V36	0.636363636363636
102	V36	0.579545454545455
103	V36	0.556818181818182
104	V36	0.579545454545455
105	V36	0.681818181818182
106	V36	0.647727272727273
107	V36	0.556818181818182
108	V36	0.670454545454545
109	V36	0.647727272727273
110	V36	0.579545454545455
111	V36	0.670454545454545
112	V36	0.647727272727273
113	V36	0.545454545454545
114	V36	0.590909090909091
115	V36	0.579545454545455
116	V36	0.613636363636364
117	V36	0.636363636363636
118	V36	0.590909090909091
119	V36	0.647727272727273
120	V36	0.662790697674419
121	V36	0.625
122	V36	0.625
123	V36	0.534090909090909
124	V36	0.647727272727273
125	V36	0.693181818181818
126	V36	0.636363636363636
127	V36	0.647727272727273
128	V36	0.693181818181818
129	V36	0.602272727272727
130	V36	0.647727272727273
131	V36	0.647727272727273
132	V36	0.636363636363636
133	V36	0.5
134	V36	0.602272727272727
135	V36	0.636363636363636
136	V36	0.602272727272727
137	V36	0.590909090909091
138	V36	0.709302325581395
139	V36	0.556818181818182
140	V36	0.625
141	V36	0.590909090909091
142	V36	0.693181818181818
143	V36	0.613636363636364
144	V36	0.556818181818182
145	V36	0.670454545454545
146	V36	0.647727272727273
147	V36	0.670454545454545
148	V36	0.647727272727273
149	V36	0.602272727272727
1	V37	0.556818181818182
2	V37	0.625
3	V37	0.613636363636364
4	V37	0.477272727272727
5	V37	0.602272727272727
6	V37	0.545454545454545
7	V37	0.534883720930233
8	V37	0.659090909090909
9	V37	0.581395348837209
10	V37	0.545454545454545
11	V37	0.659090909090909
12	V37	0.5
13	V37	0.581395348837209
14	V37	0.602272727272727
15	V37	0.534090909090909
16	V37	0.636363636363636
17	V37	0.647727272727273
18	V37	0.569767441860465
19	V37	0.534090909090909
20	V37	0.613636363636364
21	V37	0.534090909090909
22	V37	0.636363636363636
23	V37	0.636363636363636
24	V37	0.579545454545455
25	V37	0.602272727272727
26	V37	0.613636363636364
27	V37	0.545454545454545
28	V37	0.602272727272727
29	V37	0.590909090909091
30	V37	0.613636363636364
31	V37	0.659090909090909
32	V37	0.625
33	V37	0.590909090909091
34	V37	0.545454545454545
35	V37	0.602564102564103
36	V37	0.641025641025641
37	V37	1
38	V37	0.590909090909091
39	V37	0.585365853658537
40	V37	0.5625
41	V37	0.628205128205128
42	V37	0.538461538461538
43	V37	0.646341463414634
44	V37	0.583333333333333
45	V37	0.579545454545455
46	V37	0.534090909090909
47	V37	0.579545454545455
48	V37	0.627906976744186
49	V37	0.636363636363636
50	V37	0.693181818181818
51	V37	0.647727272727273
52	V37	0.616279069767442
53	V37	0.579545454545455
54	V37	0.558139534883721
55	V37	0.659090909090909
56	V37	0.579545454545455
57	V37	0.579545454545455
58	V37	0.590909090909091
59	V37	0.693181818181818
60	V37	0.602272727272727
61	V37	0.579545454545455
62	V37	0.647727272727273
63	V37	0.488636363636364
64	V37	0.568181818181818
65	V37	0.590909090909091
66	V37	0.568181818181818
67	V37	0.647727272727273
68	V37	0.602272727272727
69	V37	0.681818181818182
70	V37	0.477272727272727
71	V37	0.579545454545455
72	V37	0.704545454545455
73	V37	0.579545454545455
74	V37	0.5
75	V37	0.593023255813954
76	V37	0.625
77	V37	0.556818181818182
78	V37	0.556818181818182
79	V37	0.625
80	V37	0.522727272727273
81	V37	0.602272727272727
82	V37	0.686046511627907
83	V37	0.522727272727273
84	V37	0.636363636363636
85	V37	0.5
86	V37	0.579545454545455
87	V37	0.602272727272727
88	V37	0.625
89	V37	0.534090909090909
90	V37	0.568181818181818
91	V37	0.636363636363636
92	V37	0.613636363636364
93	V37	0.568181818181818
94	V37	0.568181818181818
95	V37	0.579545454545455
96	V37	0.568181818181818
97	V37	0.636363636363636
98	V37	0.616279069767442
99	V37	0.627906976744186
100	V37	0.568181818181818
101	V37	0.522727272727273
102	V37	0.625
103	V37	0.579545454545455
104	V37	0.556818181818182
105	V37	0.568181818181818
106	V37	0.625
107	V37	0.579545454545455
108	V37	0.602272727272727
109	V37	0.602272727272727
110	V37	0.715909090909091
111	V37	0.534090909090909
112	V37	0.602272727272727
113	V37	0.545454545454545
114	V37	0.545454545454545
115	V37	0.556818181818182
116	V37	0.568181818181818
117	V37	0.636363636363636
118	V37	0.568181818181818
119	V37	0.670454545454545
120	V37	0.593023255813954
121	V37	0.579545454545455
122	V37	0.579545454545455
123	V37	0.534090909090909
124	V37	0.556818181818182
125	V37	0.488636363636364
126	V37	0.590909090909091
127	V37	0.670454545454545
128	V37	0.556818181818182
129	V37	0.488636363636364
130	V37	0.579545454545455
131	V37	0.625
132	V37	0.590909090909091
133	V37	0.522727272727273
134	V37	0.625
135	V37	0.636363636363636
136	V37	0.579545454545455
137	V37	0.568181818181818
138	V37	0.63953488372093
139	V37	0.625
140	V37	0.534090909090909
141	V37	0.545454545454545
142	V37	0.625
143	V37	0.522727272727273
144	V37	0.602272727272727
145	V37	0.625
146	V37	0.647727272727273
147	V37	0.602272727272727
148	V37	0.556818181818182
149	V37	0.579545454545455
1	V38	0.636363636363636
2	V38	0.590909090909091
3	V38	0.602272727272727
4	V38	0.693181818181818
5	V38	0.704545454545455
6	V38	0.647727272727273
7	V38	0.604651162790698
8	V38	0.784090909090909
9	V38	0.627906976744186
10	V38	0.602272727272727
11	V38	0.715909090909091
12	V38	0.693181818181818
13	V38	0.651162790697674
14	V38	0.636363636363636
15	V38	0.681818181818182
16	V38	0.625
17	V38	0.636363636363636
18	V38	0.616279069767442
19	V38	0.636363636363636
20	V38	0.715909090909091
21	V38	0.636363636363636
22	V38	0.715909090909091
23	V38	0.670454545454545
24	V38	0.681818181818182
25	V38	0.613636363636364
26	V38	0.670454545454545
27	V38	0.670454545454545
28	V38	0.681818181818182
29	V38	0.715909090909091
30	V38	0.715909090909091
31	V38	0.670454545454545
32	V38	0.659090909090909
33	V38	0.670454545454545
34	V38	0.602272727272727
35	V38	0.717948717948718
36	V38	0.743589743589744
37	V38	0.581395348837209
38	V38	0.988636363636364
39	V38	0.695121951219512
40	V38	0.65
41	V38	0.743589743589744
42	V38	0.692307692307692
43	V38	0.731707317073171
44	V38	0.652777777777778
45	V38	0.681818181818182
46	V38	0.659090909090909
47	V38	0.704545454545455
48	V38	0.709302325581395
49	V38	0.647727272727273
50	V38	0.636363636363636
51	V38	0.659090909090909
52	V38	0.697674418604651
53	V38	0.681818181818182
54	V38	0.674418604651163
55	V38	0.693181818181818
56	V38	0.613636363636364
57	V38	0.681818181818182
58	V38	0.625
59	V38	0.568181818181818
60	V38	0.704545454545455
61	V38	0.704545454545455
62	V38	0.590909090909091
63	V38	0.659090909090909
64	V38	0.602272727272727
65	V38	0.738636363636364
66	V38	0.625
67	V38	0.704545454545455
68	V38	0.636363636363636
69	V38	0.625
70	V38	0.670454545454545
71	V38	0.681818181818182
72	V38	0.602272727272727
73	V38	0.659090909090909
74	V38	0.670454545454545
75	V38	0.662790697674419
76	V38	0.681818181818182
77	V38	0.727272727272727
78	V38	0.636363636363636
79	V38	0.568181818181818
80	V38	0.647727272727273
81	V38	0.659090909090909
82	V38	0.63953488372093
83	V38	0.647727272727273
84	V38	0.647727272727273
85	V38	0.715909090909091
86	V38	0.568181818181818
87	V38	0.636363636363636
88	V38	0.681818181818182
89	V38	0.613636363636364
90	V38	0.670454545454545
91	V38	0.625
92	V38	0.647727272727273
93	V38	0.670454545454545
94	V38	0.625
95	V38	0.727272727272727
96	V38	0.670454545454545
97	V38	0.693181818181818
98	V38	0.651162790697674
99	V38	0.651162790697674
100	V38	0.693181818181818
101	V38	0.670454545454545
102	V38	0.636363636363636
103	V38	0.636363636363636
104	V38	0.545454545454545
105	V38	0.670454545454545
106	V38	0.659090909090909
107	V38	0.545454545454545
108	V38	0.636363636363636
109	V38	0.681818181818182
110	V38	0.681818181818182
111	V38	0.704545454545455
112	V38	0.659090909090909
113	V38	0.602272727272727
114	V38	0.625
115	V38	0.613636363636364
116	V38	0.693181818181818
117	V38	0.602272727272727
118	V38	0.602272727272727
119	V38	0.659090909090909
120	V38	0.593023255813954
121	V38	0.590909090909091
122	V38	0.636363636363636
123	V38	0.613636363636364
124	V38	0.659090909090909
125	V38	0.704545454545455
126	V38	0.670454545454545
127	V38	0.704545454545455
128	V38	0.681818181818182
129	V38	0.704545454545455
130	V38	0.613636363636364
131	V38	0.659090909090909
132	V38	0.670454545454545
133	V38	0.625
134	V38	0.636363636363636
135	V38	0.693181818181818
136	V38	0.681818181818182
137	V38	0.625
138	V38	0.604651162790698
139	V38	0.613636363636364
140	V38	0.704545454545455
141	V38	0.693181818181818
142	V38	0.75
143	V38	0.715909090909091
144	V38	0.636363636363636
145	V38	0.704545454545455
146	V38	0.636363636363636
147	V38	0.636363636363636
148	V38	0.613636363636364
149	V38	0.613636363636364
1	V39	0.670454545454545
2	V39	0.647727272727273
3	V39	0.568181818181818
4	V39	0.636363636363636
5	V39	0.625
6	V39	0.590909090909091
7	V39	0.604651162790698
8	V39	0.659090909090909
9	V39	0.569767441860465
10	V39	0.613636363636364
11	V39	0.636363636363636
12	V39	0.681818181818182
13	V39	0.604651162790698
14	V39	0.625
15	V39	0.625
16	V39	0.590909090909091
17	V39	0.534090909090909
18	V39	0.755813953488372
19	V39	0.625
20	V39	0.659090909090909
21	V39	0.534090909090909
22	V39	0.681818181818182
23	V39	0.659090909090909
24	V39	0.647727272727273
25	V39	0.602272727272727
26	V39	0.636363636363636
27	V39	0.704545454545455
28	V39	0.647727272727273
29	V39	0.659090909090909
30	V39	0.681818181818182
31	V39	0.568181818181818
32	V39	0.602272727272727
33	V39	0.636363636363636
34	V39	0.568181818181818
35	V39	0.551282051282051
36	V39	0.653846153846154
37	V39	0.558139534883721
38	V39	0.681818181818182
39	V39	0.98780487804878
40	V39	0.5875
41	V39	0.692307692307692
42	V39	0.615384615384615
43	V39	0.621951219512195
44	V39	0.666666666666667
45	V39	0.579545454545455
46	V39	0.647727272727273
47	V39	0.670454545454545
48	V39	0.546511627906977
49	V39	0.568181818181818
50	V39	0.602272727272727
51	V39	0.602272727272727
52	V39	0.604651162790698
53	V39	0.602272727272727
54	V39	0.697674418604651
55	V39	0.568181818181818
56	V39	0.625
57	V39	0.647727272727273
58	V39	0.545454545454545
59	V39	0.602272727272727
60	V39	0.579545454545455
61	V39	0.534090909090909
62	V39	0.534090909090909
63	V39	0.625
64	V39	0.659090909090909
65	V39	0.704545454545455
66	V39	0.545454545454545
67	V39	0.602272727272727
68	V39	0.602272727272727
69	V39	0.590909090909091
70	V39	0.590909090909091
71	V39	0.602272727272727
72	V39	0.613636363636364
73	V39	0.602272727272727
74	V39	0.590909090909091
75	V39	0.593023255813954
76	V39	0.625
77	V39	0.625
78	V39	0.579545454545455
79	V39	0.511363636363636
80	V39	0.613636363636364
81	V39	0.670454545454545
82	V39	0.581395348837209
83	V39	0.568181818181818
84	V39	0.659090909090909
85	V39	0.659090909090909
86	V39	0.602272727272727
87	V39	0.511363636363636
88	V39	0.670454545454545
89	V39	0.693181818181818
90	V39	0.568181818181818
91	V39	0.75
92	V39	0.545454545454545
93	V39	0.704545454545455
94	V39	0.636363636363636
95	V39	0.647727272727273
96	V39	0.681818181818182
97	V39	0.659090909090909
98	V39	0.627906976744186
99	V39	0.627906976744186
100	V39	0.704545454545455
101	V39	0.613636363636364
102	V39	0.670454545454545
103	V39	0.602272727272727
104	V39	0.579545454545455
105	V39	0.636363636363636
106	V39	0.647727272727273
107	V39	0.556818181818182
108	V39	0.647727272727273
109	V39	0.693181818181818
110	V39	0.556818181818182
111	V39	0.670454545454545
112	V39	0.715909090909091
113	V39	0.590909090909091
114	V39	0.636363636363636
115	V39	0.579545454545455
116	V39	0.613636363636364
117	V39	0.636363636363636
118	V39	0.636363636363636
119	V39	0.602272727272727
120	V39	0.569767441860465
121	V39	0.647727272727273
122	V39	0.602272727272727
123	V39	0.534090909090909
124	V39	0.670454545454545
125	V39	0.647727272727273
126	V39	0.590909090909091
127	V39	0.625
128	V39	0.647727272727273
129	V39	0.602272727272727
130	V39	0.625
131	V39	0.579545454545455
132	V39	0.590909090909091
133	V39	0.568181818181818
134	V39	0.647727272727273
135	V39	0.613636363636364
136	V39	0.670454545454545
137	V39	0.681818181818182
138	V39	0.558139534883721
139	V39	0.625
140	V39	0.579545454545455
141	V39	0.568181818181818
142	V39	0.715909090909091
143	V39	0.522727272727273
144	V39	0.602272727272727
145	V39	0.625
146	V39	0.602272727272727
147	V39	0.647727272727273
148	V39	0.625
149	V39	0.647727272727273
1	V40	0.636363636363636
2	V40	0.522727272727273
3	V40	0.625
4	V40	0.602272727272727
5	V40	0.613636363636364
6	V40	0.579545454545455
7	V40	0.604651162790698
8	V40	0.647727272727273
9	V40	0.534883720930233
10	V40	0.579545454545455
11	V40	0.602272727272727
12	V40	0.647727272727273
13	V40	0.616279069767442
14	V40	0.613636363636364
15	V40	0.568181818181818
16	V40	0.602272727272727
17	V40	0.590909090909091
18	V40	0.593023255813954
19	V40	0.659090909090909
20	V40	0.647727272727273
21	V40	0.568181818181818
22	V40	0.602272727272727
23	V40	0.670454545454545
24	V40	0.636363636363636
25	V40	0.590909090909091
26	V40	0.579545454545455
27	V40	0.647727272727273
28	V40	0.613636363636364
29	V40	0.625
30	V40	0.625
31	V40	0.534090909090909
32	V40	0.5
33	V40	0.556818181818182
34	V40	0.647727272727273
35	V40	0.641025641025641
36	V40	0.58974358974359
37	V40	0.534883720930233
38	V40	0.625
39	V40	0.560975609756098
40	V40	0.9625
41	V40	0.58974358974359
42	V40	0.512820512820513
43	V40	0.646341463414634
44	V40	0.597222222222222
45	V40	0.636363636363636
46	V40	0.522727272727273
47	V40	0.590909090909091
48	V40	0.593023255813954
49	V40	0.556818181818182
50	V40	0.613636363636364
51	V40	0.659090909090909
52	V40	0.558139534883721
53	V40	0.590909090909091
54	V40	0.593023255813954
55	V40	0.625
56	V40	0.613636363636364
57	V40	0.613636363636364
58	V40	0.534090909090909
59	V40	0.522727272727273
60	V40	0.568181818181818
61	V40	0.545454545454545
62	V40	0.704545454545455
63	V40	0.636363636363636
64	V40	0.670454545454545
65	V40	0.647727272727273
66	V40	0.534090909090909
67	V40	0.659090909090909
68	V40	0.590909090909091
69	V40	0.625
70	V40	0.534090909090909
71	V40	0.568181818181818
72	V40	0.556818181818182
73	V40	0.636363636363636
74	V40	0.625
75	V40	0.627906976744186
76	V40	0.568181818181818
77	V40	0.636363636363636
78	V40	0.545454545454545
79	V40	0.545454545454545
80	V40	0.534090909090909
81	V40	0.613636363636364
82	V40	0.63953488372093
83	V40	0.579545454545455
84	V40	0.647727272727273
85	V40	0.625
86	V40	0.590909090909091
87	V40	0.613636363636364
88	V40	0.636363636363636
89	V40	0.590909090909091
90	V40	0.670454545454545
91	V40	0.556818181818182
92	V40	0.625
93	V40	0.602272727272727
94	V40	0.625
95	V40	0.590909090909091
96	V40	0.647727272727273
97	V40	0.670454545454545
98	V40	0.593023255813954
99	V40	0.593023255813954
100	V40	0.602272727272727
101	V40	0.488636363636364
102	V40	0.568181818181818
103	V40	0.613636363636364
104	V40	0.590909090909091
105	V40	0.511363636363636
106	V40	0.636363636363636
107	V40	0.659090909090909
108	V40	0.659090909090909
109	V40	0.659090909090909
110	V40	0.659090909090909
111	V40	0.613636363636364
112	V40	0.613636363636364
113	V40	0.625
114	V40	0.647727272727273
115	V40	0.568181818181818
116	V40	0.625
117	V40	0.556818181818182
118	V40	0.556818181818182
119	V40	0.636363636363636
120	V40	0.546511627906977
121	V40	0.659090909090909
122	V40	0.613636363636364
123	V40	0.545454545454545
124	V40	0.545454545454545
125	V40	0.636363636363636
126	V40	0.534090909090909
127	V40	0.636363636363636
128	V40	0.659090909090909
129	V40	0.659090909090909
130	V40	0.613636363636364
131	V40	0.636363636363636
132	V40	0.625
133	V40	0.534090909090909
134	V40	0.613636363636364
135	V40	0.625
136	V40	0.590909090909091
137	V40	0.534090909090909
138	V40	0.569767441860465
139	V40	0.727272727272727
140	V40	0.590909090909091
141	V40	0.625
142	V40	0.613636363636364
143	V40	0.602272727272727
144	V40	0.659090909090909
145	V40	0.613636363636364
146	V40	0.590909090909091
147	V40	0.659090909090909
148	V40	0.704545454545455
149	V40	0.590909090909091
1	V41	0.590909090909091
2	V41	0.613636363636364
3	V41	0.579545454545455
4	V41	0.670454545454545
5	V41	0.613636363636364
6	V41	0.579545454545455
7	V41	0.616279069767442
8	V41	0.693181818181818
9	V41	0.697674418604651
10	V41	0.625
11	V41	0.647727272727273
12	V41	0.647727272727273
13	V41	0.662790697674419
14	V41	0.681818181818182
15	V41	0.636363636363636
16	V41	0.670454545454545
17	V41	0.636363636363636
18	V41	0.720930232558139
19	V41	0.636363636363636
20	V41	0.715909090909091
21	V41	0.613636363636364
22	V41	0.670454545454545
23	V41	0.670454545454545
24	V41	0.636363636363636
25	V41	0.568181818181818
26	V41	0.670454545454545
27	V41	0.625
28	V41	0.636363636363636
29	V41	0.670454545454545
30	V41	0.670454545454545
31	V41	0.647727272727273
32	V41	0.613636363636364
33	V41	0.693181818181818
34	V41	0.647727272727273
35	V41	0.628205128205128
36	V41	0.628205128205128
37	V41	0.593023255813954
38	V41	0.715909090909091
39	V41	0.695121951219512
40	V41	0.625
41	V41	0.987179487179487
42	V41	0.692307692307692
43	V41	0.682926829268293
44	V41	0.666666666666667
45	V41	0.704545454545455
46	V41	0.704545454545455
47	V41	0.681818181818182
48	V41	0.616279069767442
49	V41	0.647727272727273
50	V41	0.613636363636364
51	V41	0.613636363636364
52	V41	0.651162790697674
53	V41	0.636363636363636
54	V41	0.616279069767442
55	V41	0.647727272727273
56	V41	0.636363636363636
57	V41	0.613636363636364
58	V41	0.579545454545455
59	V41	0.636363636363636
60	V41	0.659090909090909
61	V41	0.545454545454545
62	V41	0.636363636363636
63	V41	0.659090909090909
64	V41	0.693181818181818
65	V41	0.738636363636364
66	V41	0.625
67	V41	0.613636363636364
68	V41	0.545454545454545
69	V41	0.602272727272727
70	V41	0.579545454545455
71	V41	0.704545454545455
72	V41	0.693181818181818
73	V41	0.681818181818182
74	V41	0.602272727272727
75	V41	0.744186046511628
76	V41	0.659090909090909
77	V41	0.727272727272727
78	V41	0.613636363636364
79	V41	0.568181818181818
80	V41	0.647727272727273
81	V41	0.636363636363636
82	V41	0.686046511627907
83	V41	0.625
84	V41	0.670454545454545
85	V41	0.670454545454545
86	V41	0.727272727272727
87	V41	0.590909090909091
88	V41	0.727272727272727
89	V41	0.590909090909091
90	V41	0.647727272727273
91	V41	0.625
92	V41	0.625
93	V41	0.670454545454545
94	V41	0.511363636363636
95	V41	0.681818181818182
96	V41	0.647727272727273
97	V41	0.647727272727273
98	V41	0.546511627906977
99	V41	0.662790697674419
100	V41	0.647727272727273
101	V41	0.625
102	V41	0.613636363636364
103	V41	0.659090909090909
104	V41	0.5
105	V41	0.602272727272727
106	V41	0.659090909090909
107	V41	0.545454545454545
108	V41	0.613636363636364
109	V41	0.659090909090909
110	V41	0.681818181818182
111	V41	0.704545454545455
112	V41	0.659090909090909
113	V41	0.647727272727273
114	V41	0.647727272727273
115	V41	0.681818181818182
116	V41	0.625
117	V41	0.625
118	V41	0.625
119	V41	0.681818181818182
120	V41	0.651162790697674
121	V41	0.636363636363636
122	V41	0.636363636363636
123	V41	0.568181818181818
124	V41	0.613636363636364
125	V41	0.681818181818182
126	V41	0.670454545454545
127	V41	0.681818181818182
128	V41	0.659090909090909
129	V41	0.636363636363636
130	V41	0.636363636363636
131	V41	0.545454545454545
132	V41	0.556818181818182
133	V41	0.647727272727273
134	V41	0.75
135	V41	0.738636363636364
136	V41	0.636363636363636
137	V41	0.625
138	V41	0.662790697674419
139	V41	0.704545454545455
140	V41	0.590909090909091
141	V41	0.602272727272727
142	V41	0.704545454545455
143	V41	0.625
144	V41	0.704545454545455
145	V41	0.681818181818182
146	V41	0.636363636363636
147	V41	0.613636363636364
148	V41	0.681818181818182
149	V41	0.613636363636364
1	V42	0.465909090909091
2	V42	0.511363636363636
3	V42	0.590909090909091
4	V42	0.704545454545455
5	V42	0.647727272727273
6	V42	0.545454545454545
7	V42	0.476744186046512
8	V42	0.636363636363636
9	V42	0.616279069767442
10	V42	0.568181818181818
11	V42	0.613636363636364
12	V42	0.613636363636364
13	V42	0.488372093023256
14	V42	0.556818181818182
15	V42	0.602272727272727
16	V42	0.545454545454545
17	V42	0.625
18	V42	0.558139534883721
19	V42	0.511363636363636
20	V42	0.659090909090909
21	V42	0.579545454545455
22	V42	0.681818181818182
23	V42	0.590909090909091
24	V42	0.579545454545455
25	V42	0.511363636363636
26	V42	0.636363636363636
27	V42	0.522727272727273
28	V42	0.602272727272727
29	V42	0.568181818181818
30	V42	0.659090909090909
31	V42	0.568181818181818
32	V42	0.556818181818182
33	V42	0.659090909090909
34	V42	0.613636363636364
35	V42	0.653846153846154
36	V42	0.666666666666667
37	V42	0.523255813953488
38	V42	0.659090909090909
39	V42	0.609756097560976
40	V42	0.525
41	V42	0.653846153846154
42	V42	0.987179487179487
43	V42	0.597560975609756
44	V42	0.652777777777778
45	V42	0.579545454545455
46	V42	0.625
47	V42	0.625
48	V42	0.546511627906977
49	V42	0.590909090909091
50	V42	0.556818181818182
51	V42	0.579545454545455
52	V42	0.63953488372093
53	V42	0.579545454545455
54	V42	0.581395348837209
55	V42	0.545454545454545
56	V42	0.556818181818182
57	V42	0.556818181818182
58	V42	0.5
59	V42	0.488636363636364
60	V42	0.715909090909091
61	V42	0.511363636363636
62	V42	0.579545454545455
63	V42	0.579545454545455
64	V42	0.477272727272727
65	V42	0.590909090909091
66	V42	0.568181818181818
67	V42	0.602272727272727
68	V42	0.647727272727273
69	V42	0.522727272727273
70	V42	0.568181818181818
71	V42	0.556818181818182
72	V42	0.5
73	V42	0.602272727272727
74	V42	0.659090909090909
75	V42	0.546511627906977
76	V42	0.670454545454545
77	V42	0.602272727272727
78	V42	0.602272727272727
79	V42	0.556818181818182
80	V42	0.545454545454545
81	V42	0.534090909090909
82	V42	0.627906976744186
83	V42	0.636363636363636
84	V42	0.522727272727273
85	V42	0.568181818181818
86	V42	0.556818181818182
87	V42	0.602272727272727
88	V42	0.602272727272727
89	V42	0.556818181818182
90	V42	0.590909090909091
91	V42	0.522727272727273
92	V42	0.613636363636364
93	V42	0.568181818181818
94	V42	0.522727272727273
95	V42	0.625
96	V42	0.522727272727273
97	V42	0.590909090909091
98	V42	0.488372093023256
99	V42	0.627906976744186
100	V42	0.568181818181818
101	V42	0.568181818181818
102	V42	0.556818181818182
103	V42	0.511363636363636
104	V42	0.534090909090909
105	V42	0.568181818181818
106	V42	0.602272727272727
107	V42	0.511363636363636
108	V42	0.579545454545455
109	V42	0.534090909090909
110	V42	0.625
111	V42	0.625
112	V42	0.625
113	V42	0.590909090909091
114	V42	0.636363636363636
115	V42	0.556818181818182
116	V42	0.568181818181818
117	V42	0.568181818181818
118	V42	0.590909090909091
119	V42	0.534090909090909
120	V42	0.63953488372093
121	V42	0.488636363636364
122	V42	0.625
123	V42	0.579545454545455
124	V42	0.602272727272727
125	V42	0.625
126	V42	0.613636363636364
127	V42	0.602272727272727
128	V42	0.670454545454545
129	V42	0.579545454545455
130	V42	0.625
131	V42	0.556818181818182
132	V42	0.590909090909091
133	V42	0.545454545454545
134	V42	0.579545454545455
135	V42	0.659090909090909
136	V42	0.579545454545455
137	V42	0.522727272727273
138	V42	0.674418604651163
139	V42	0.625
140	V42	0.579545454545455
141	V42	0.590909090909091
142	V42	0.647727272727273
143	V42	0.636363636363636
144	V42	0.579545454545455
145	V42	0.693181818181818
146	V42	0.647727272727273
147	V42	0.579545454545455
148	V42	0.579545454545455
149	V42	0.625
1	V43	0.625
2	V43	0.579545454545455
3	V43	0.636363636363636
4	V43	0.613636363636364
5	V43	0.738636363636364
6	V43	0.636363636363636
7	V43	0.662790697674419
8	V43	0.681818181818182
9	V43	0.627906976744186
10	V43	0.590909090909091
11	V43	0.681818181818182
12	V43	0.613636363636364
13	V43	0.662790697674419
14	V43	0.579545454545455
15	V43	0.534090909090909
16	V43	0.681818181818182
17	V43	0.647727272727273
18	V43	0.627906976744186
19	V43	0.556818181818182
20	V43	0.681818181818182
21	V43	0.556818181818182
22	V43	0.681818181818182
23	V43	0.613636363636364
24	V43	0.647727272727273
25	V43	0.625
26	V43	0.681818181818182
27	V43	0.590909090909091
28	V43	0.647727272727273
29	V43	0.659090909090909
30	V43	0.659090909090909
31	V43	0.681818181818182
32	V43	0.670454545454545
33	V43	0.568181818181818
34	V43	0.613636363636364
35	V43	0.717948717948718
36	V43	0.653846153846154
37	V43	0.616279069767442
38	V43	0.704545454545455
39	V43	0.621951219512195
40	V43	0.6875
41	V43	0.67948717948718
42	V43	0.58974358974359
43	V43	0.963414634146341
44	V43	0.611111111111111
45	V43	0.670454545454545
46	V43	0.647727272727273
47	V43	0.693181818181818
48	V43	0.674418604651163
49	V43	0.590909090909091
50	V43	0.647727272727273
51	V43	0.670454545454545
52	V43	0.63953488372093
53	V43	0.579545454545455
54	V43	0.63953488372093
55	V43	0.659090909090909
56	V43	0.647727272727273
57	V43	0.670454545454545
58	V43	0.636363636363636
59	V43	0.602272727272727
60	V43	0.625
61	V43	0.579545454545455
62	V43	0.670454545454545
63	V43	0.556818181818182
64	V43	0.659090909090909
65	V43	0.727272727272727
66	V43	0.568181818181818
67	V43	0.625
68	V43	0.670454545454545
69	V43	0.568181818181818
70	V43	0.5
71	V43	0.625
72	V43	0.613636363636364
73	V43	0.625
74	V43	0.545454545454545
75	V43	0.627906976744186
76	V43	0.625
77	V43	0.670454545454545
78	V43	0.602272727272727
79	V43	0.579545454545455
80	V43	0.590909090909091
81	V43	0.670454545454545
82	V43	0.686046511627907
83	V43	0.659090909090909
84	V43	0.636363636363636
85	V43	0.659090909090909
86	V43	0.602272727272727
87	V43	0.579545454545455
88	V43	0.602272727272727
89	V43	0.625
90	V43	0.613636363636364
91	V43	0.613636363636364
92	V43	0.613636363636364
93	V43	0.636363636363636
94	V43	0.5
95	V43	0.647727272727273
96	V43	0.659090909090909
97	V43	0.659090909090909
98	V43	0.604651162790698
99	V43	0.593023255813954
100	V43	0.613636363636364
101	V43	0.568181818181818
102	V43	0.625
103	V43	0.625
104	V43	0.579545454545455
105	V43	0.636363636363636
106	V43	0.670454545454545
107	V43	0.511363636363636
108	V43	0.670454545454545
109	V43	0.602272727272727
110	V43	0.670454545454545
111	V43	0.602272727272727
112	V43	0.579545454545455
113	V43	0.590909090909091
114	V43	0.545454545454545
115	V43	0.647727272727273
116	V43	0.636363636363636
117	V43	0.636363636363636
118	V43	0.659090909090909
119	V43	0.647727272727273
120	V43	0.593023255813954
121	V43	0.670454545454545
122	V43	0.738636363636364
123	V43	0.670454545454545
124	V43	0.647727272727273
125	V43	0.625
126	V43	0.613636363636364
127	V43	0.647727272727273
128	V43	0.670454545454545
129	V43	0.670454545454545
130	V43	0.625
131	V43	0.647727272727273
132	V43	0.636363636363636
133	V43	0.613636363636364
134	V43	0.602272727272727
135	V43	0.636363636363636
136	V43	0.625
137	V43	0.545454545454545
138	V43	0.651162790697674
139	V43	0.602272727272727
140	V43	0.511363636363636
141	V43	0.636363636363636
142	V43	0.693181818181818
143	V43	0.636363636363636
144	V43	0.647727272727273
145	V43	0.647727272727273
146	V43	0.670454545454545
147	V43	0.670454545454545
148	V43	0.579545454545455
149	V43	0.647727272727273
1	V44	0.568181818181818
2	V44	0.613636363636364
3	V44	0.602272727272727
4	V44	0.715909090909091
5	V44	0.636363636363636
6	V44	0.556818181818182
7	V44	0.63953488372093
8	V44	0.602272727272727
9	V44	0.569767441860465
10	V44	0.625
11	V44	0.556818181818182
12	V44	0.625
13	V44	0.616279069767442
14	V44	0.681818181818182
15	V44	0.568181818181818
16	V44	0.647727272727273
17	V44	0.590909090909091
18	V44	0.581395348837209
19	V44	0.590909090909091
20	V44	0.602272727272727
21	V44	0.568181818181818
22	V44	0.556818181818182
23	V44	0.647727272727273
24	V44	0.590909090909091
25	V44	0.568181818181818
26	V44	0.670454545454545
27	V44	0.602272727272727
28	V44	0.659090909090909
29	V44	0.647727272727273
30	V44	0.602272727272727
31	V44	0.647727272727273
32	V44	0.590909090909091
33	V44	0.602272727272727
34	V44	0.534090909090909
35	V44	0.525641025641026
36	V44	0.692307692307692
37	V44	0.569767441860465
38	V44	0.647727272727273
39	V44	0.658536585365854
40	V44	0.625
41	V44	0.641025641025641
42	V44	0.628205128205128
43	V44	0.585365853658537
44	V44	0.986111111111111
45	V44	0.522727272727273
46	V44	0.659090909090909
47	V44	0.590909090909091
48	V44	0.593023255813954
49	V44	0.693181818181818
50	V44	0.590909090909091
51	V44	0.659090909090909
52	V44	0.581395348837209
53	V44	0.590909090909091
54	V44	0.546511627906977
55	V44	0.625
56	V44	0.568181818181818
57	V44	0.590909090909091
58	V44	0.602272727272727
59	V44	0.636363636363636
60	V44	0.613636363636364
61	V44	0.477272727272727
62	V44	0.5
63	V44	0.681818181818182
64	V44	0.534090909090909
65	V44	0.670454545454545
66	V44	0.534090909090909
67	V44	0.613636363636364
68	V44	0.613636363636364
69	V44	0.715909090909091
70	V44	0.579545454545455
71	V44	0.636363636363636
72	V44	0.602272727272727
73	V44	0.636363636363636
74	V44	0.556818181818182
75	V44	0.651162790697674
76	V44	0.590909090909091
77	V44	0.613636363636364
78	V44	0.590909090909091
79	V44	0.522727272727273
80	V44	0.579545454545455
81	V44	0.636363636363636
82	V44	0.651162790697674
83	V44	0.534090909090909
84	V44	0.647727272727273
85	V44	0.602272727272727
86	V44	0.636363636363636
87	V44	0.568181818181818
88	V44	0.545454545454545
89	V44	0.636363636363636
90	V44	0.579545454545455
91	V44	0.602272727272727
92	V44	0.625
93	V44	0.647727272727273
94	V44	0.534090909090909
95	V44	0.590909090909091
96	V44	0.625
97	V44	0.647727272727273
98	V44	0.581395348837209
99	V44	0.662790697674419
100	V44	0.647727272727273
101	V44	0.625
102	V44	0.704545454545455
103	V44	0.613636363636364
104	V44	0.613636363636364
105	V44	0.556818181818182
106	V44	0.681818181818182
107	V44	0.590909090909091
108	V44	0.659090909090909
109	V44	0.659090909090909
110	V44	0.568181818181818
111	V44	0.613636363636364
112	V44	0.636363636363636
113	V44	0.625
114	V44	0.625
115	V44	0.636363636363636
116	V44	0.647727272727273
117	V44	0.715909090909091
118	V44	0.556818181818182
119	V44	0.590909090909091
120	V44	0.674418604651163
121	V44	0.613636363636364
122	V44	0.659090909090909
123	V44	0.613636363636364
124	V44	0.681818181818182
125	V44	0.659090909090909
126	V44	0.579545454545455
127	V44	0.636363636363636
128	V44	0.636363636363636
129	V44	0.681818181818182
130	V44	0.590909090909091
131	V44	0.659090909090909
132	V44	0.602272727272727
133	V44	0.579545454545455
134	V44	0.613636363636364
135	V44	0.602272727272727
136	V44	0.613636363636364
137	V44	0.602272727272727
138	V44	0.581395348837209
139	V44	0.568181818181818
140	V44	0.613636363636364
141	V44	0.670454545454545
142	V44	0.681818181818182
143	V44	0.534090909090909
144	V44	0.681818181818182
145	V44	0.568181818181818
146	V44	0.545454545454545
147	V44	0.659090909090909
148	V44	0.681818181818182
149	V44	0.636363636363636
1	V45	0.613636363636364
2	V45	0.636363636363636
3	V45	0.602272727272727
4	V45	0.602272727272727
5	V45	0.681818181818182
6	V45	0.579545454545455
7	V45	0.627906976744186
8	V45	0.670454545454545
9	V45	0.616279069767442
10	V45	0.488636363636364
11	V45	0.602272727272727
12	V45	0.579545454545455
13	V45	0.674418604651163
14	V45	0.590909090909091
15	V45	0.636363636363636
16	V45	0.602272727272727
17	V45	0.613636363636364
18	V45	0.709302325581395
19	V45	0.636363636363636
20	V45	0.670454545454545
21	V45	0.590909090909091
22	V45	0.602272727272727
23	V45	0.625
24	V45	0.613636363636364
25	V45	0.590909090909091
26	V45	0.579545454545455
27	V45	0.579545454545455
28	V45	0.636363636363636
29	V45	0.647727272727273
30	V45	0.602272727272727
31	V45	0.647727272727273
32	V45	0.613636363636364
33	V45	0.715909090909091
34	V45	0.625
35	V45	0.692307692307692
36	V45	0.628205128205128
37	V45	0.581395348837209
38	V45	0.693181818181818
39	V45	0.585365853658537
40	V45	0.675
41	V45	0.717948717948718
42	V45	0.615384615384615
43	V45	0.695121951219512
44	V45	0.513888888888889
45	V45	1
46	V45	0.613636363636364
47	V45	0.659090909090909
48	V45	0.604651162790698
49	V45	0.602272727272727
50	V45	0.568181818181818
51	V45	0.636363636363636
52	V45	0.616279069767442
53	V45	0.681818181818182
54	V45	0.534883720930233
55	V45	0.670454545454545
56	V45	0.590909090909091
57	V45	0.568181818181818
58	V45	0.625
59	V45	0.636363636363636
60	V45	0.568181818181818
61	V45	0.636363636363636
62	V45	0.704545454545455
63	V45	0.522727272727273
64	V45	0.693181818181818
65	V45	0.670454545454545
66	V45	0.534090909090909
67	V45	0.636363636363636
68	V45	0.590909090909091
69	V45	0.556818181818182
70	V45	0.625
71	V45	0.75
72	V45	0.625
73	V45	0.613636363636364
74	V45	0.579545454545455
75	V45	0.63953488372093
76	V45	0.636363636363636
77	V45	0.704545454545455
78	V45	0.613636363636364
79	V45	0.568181818181818
80	V45	0.534090909090909
81	V45	0.636363636363636
82	V45	0.627906976744186
83	V45	0.556818181818182
84	V45	0.579545454545455
85	V45	0.670454545454545
86	V45	0.613636363636364
87	V45	0.590909090909091
88	V45	0.681818181818182
89	V45	0.636363636363636
90	V45	0.715909090909091
91	V45	0.625
92	V45	0.602272727272727
93	V45	0.625
94	V45	0.670454545454545
95	V45	0.636363636363636
96	V45	0.647727272727273
97	V45	0.602272727272727
98	V45	0.63953488372093
99	V45	0.604651162790698
100	V45	0.534090909090909
101	V45	0.534090909090909
102	V45	0.568181818181818
103	V45	0.659090909090909
104	V45	0.568181818181818
105	V45	0.647727272727273
106	V45	0.636363636363636
107	V45	0.568181818181818
108	V45	0.659090909090909
109	V45	0.590909090909091
110	V45	0.636363636363636
111	V45	0.659090909090909
112	V45	0.590909090909091
113	V45	0.647727272727273
114	V45	0.579545454545455
115	V45	0.659090909090909
116	V45	0.647727272727273
117	V45	0.602272727272727
118	V45	0.761363636363636
119	V45	0.636363636363636
120	V45	0.604651162790698
121	V45	0.568181818181818
122	V45	0.659090909090909
123	V45	0.590909090909091
124	V45	0.545454545454545
125	V45	0.659090909090909
126	V45	0.647727272727273
127	V45	0.636363636363636
128	V45	0.681818181818182
129	V45	0.75
130	V45	0.681818181818182
131	V45	0.636363636363636
132	V45	0.602272727272727
133	V45	0.647727272727273
134	V45	0.659090909090909
135	V45	0.670454545454545
136	V45	0.613636363636364
137	V45	0.647727272727273
138	V45	0.662790697674419
139	V45	0.613636363636364
140	V45	0.636363636363636
141	V45	0.534090909090909
142	V45	0.659090909090909
143	V45	0.647727272727273
144	V45	0.568181818181818
145	V45	0.568181818181818
146	V45	0.590909090909091
147	V45	0.659090909090909
148	V45	0.636363636363636
149	V45	0.568181818181818
1	V46	0.522727272727273
2	V46	0.545454545454545
3	V46	0.602272727272727
4	V46	0.625
5	V46	0.659090909090909
6	V46	0.511363636363636
7	V46	0.569767441860465
8	V46	0.579545454545455
9	V46	0.616279069767442
10	V46	0.511363636363636
11	V46	0.602272727272727
12	V46	0.602272727272727
13	V46	0.697674418604651
14	V46	0.636363636363636
15	V46	0.590909090909091
16	V46	0.647727272727273
17	V46	0.659090909090909
18	V46	0.604651162790698
19	V46	0.636363636363636
20	V46	0.693181818181818
21	V46	0.613636363636364
22	V46	0.647727272727273
23	V46	0.488636363636364
24	V46	0.590909090909091
25	V46	0.568181818181818
26	V46	0.625
27	V46	0.579545454545455
28	V46	0.590909090909091
29	V46	0.693181818181818
30	V46	0.602272727272727
31	V46	0.602272727272727
32	V46	0.681818181818182
33	V46	0.602272727272727
34	V46	0.556818181818182
35	V46	0.564102564102564
36	V46	0.666666666666667
37	V46	0.523255813953488
38	V46	0.647727272727273
39	V46	0.646341463414634
40	V46	0.55
41	V46	0.692307692307692
42	V46	0.615384615384615
43	V46	0.634146341463415
44	V46	0.666666666666667
45	V46	0.613636363636364
46	V46	1
47	V46	0.636363636363636
48	V46	0.627906976744186
49	V46	0.647727272727273
50	V46	0.613636363636364
51	V46	0.590909090909091
52	V46	0.558139534883721
53	V46	0.636363636363636
54	V46	0.674418604651163
55	V46	0.602272727272727
56	V46	0.568181818181818
57	V46	0.545454545454545
58	V46	0.556818181818182
59	V46	0.590909090909091
60	V46	0.636363636363636
61	V46	0.568181818181818
62	V46	0.5
63	V46	0.659090909090909
64	V46	0.625
65	V46	0.693181818181818
66	V46	0.602272727272727
67	V46	0.5
68	V46	0.590909090909091
69	V46	0.579545454545455
70	V46	0.693181818181818
71	V46	0.636363636363636
72	V46	0.579545454545455
73	V46	0.522727272727273
74	V46	0.488636363636364
75	V46	0.616279069767442
76	V46	0.613636363636364
77	V46	0.636363636363636
78	V46	0.636363636363636
79	V46	0.522727272727273
80	V46	0.579545454545455
81	V46	0.568181818181818
82	V46	0.627906976744186
83	V46	0.602272727272727
84	V46	0.647727272727273
85	V46	0.602272727272727
86	V46	0.681818181818182
87	V46	0.5
88	V46	0.613636363636364
89	V46	0.727272727272727
90	V46	0.602272727272727
91	V46	0.556818181818182
92	V46	0.602272727272727
93	V46	0.579545454545455
94	V46	0.511363636363636
95	V46	0.568181818181818
96	V46	0.579545454545455
97	V46	0.602272727272727
98	V46	0.546511627906977
99	V46	0.627906976744186
100	V46	0.625
101	V46	0.647727272727273
102	V46	0.568181818181818
103	V46	0.545454545454545
104	V46	0.5
105	V46	0.579545454545455
106	V46	0.727272727272727
107	V46	0.545454545454545
108	V46	0.636363636363636
109	V46	0.613636363636364
110	V46	0.590909090909091
111	V46	0.613636363636364
112	V46	0.681818181818182
113	V46	0.602272727272727
114	V46	0.534090909090909
115	V46	0.659090909090909
116	V46	0.625
117	V46	0.625
118	V46	0.625
119	V46	0.590909090909091
120	V46	0.558139534883721
121	V46	0.590909090909091
122	V46	0.636363636363636
123	V46	0.590909090909091
124	V46	0.636363636363636
125	V46	0.636363636363636
126	V46	0.647727272727273
127	V46	0.590909090909091
128	V46	0.613636363636364
129	V46	0.613636363636364
130	V46	0.613636363636364
131	V46	0.590909090909091
132	V46	0.602272727272727
133	V46	0.579545454545455
134	V46	0.636363636363636
135	V46	0.625
136	V46	0.590909090909091
137	V46	0.579545454545455
138	V46	0.616279069767442
139	V46	0.636363636363636
140	V46	0.590909090909091
141	V46	0.579545454545455
142	V46	0.636363636363636
143	V46	0.625
144	V46	0.590909090909091
145	V46	0.636363636363636
146	V46	0.613636363636364
147	V46	0.636363636363636
148	V46	0.704545454545455
149	V46	0.568181818181818
1	V47	0.590909090909091
2	V47	0.613636363636364
3	V47	0.579545454545455
4	V47	0.625
5	V47	0.659090909090909
6	V47	0.625
7	V47	0.546511627906977
8	V47	0.738636363636364
9	V47	0.616279069767442
10	V47	0.534090909090909
11	V47	0.602272727272727
12	V47	0.647727272727273
13	V47	0.569767441860465
14	V47	0.613636363636364
15	V47	0.636363636363636
16	V47	0.602272727272727
17	V47	0.636363636363636
18	V47	0.604651162790698
19	V47	0.545454545454545
20	V47	0.625
21	V47	0.636363636363636
22	V47	0.602272727272727
23	V47	0.647727272727273
24	V47	0.636363636363636
25	V47	0.636363636363636
26	V47	0.738636363636364
27	V47	0.647727272727273
28	V47	0.613636363636364
29	V47	0.647727272727273
30	V47	0.670454545454545
31	V47	0.647727272727273
32	V47	0.568181818181818
33	V47	0.602272727272727
34	V47	0.715909090909091
35	V47	0.717948717948718
36	V47	0.653846153846154
37	V47	0.569767441860465
38	V47	0.715909090909091
39	V47	0.670731707317073
40	V47	0.6
41	V47	0.692307692307692
42	V47	0.641025641025641
43	V47	0.682926829268293
44	V47	0.555555555555556
45	V47	0.659090909090909
46	V47	0.636363636363636
47	V47	1
48	V47	0.604651162790698
49	V47	0.579545454545455
50	V47	0.568181818181818
51	V47	0.590909090909091
52	V47	0.651162790697674
53	V47	0.613636363636364
54	V47	0.63953488372093
55	V47	0.670454545454545
56	V47	0.636363636363636
57	V47	0.613636363636364
58	V47	0.602272727272727
59	V47	0.522727272727273
60	V47	0.568181818181818
61	V47	0.613636363636364
62	V47	0.590909090909091
63	V47	0.477272727272727
64	V47	0.647727272727273
65	V47	0.693181818181818
66	V47	0.602272727272727
67	V47	0.636363636363636
68	V47	0.681818181818182
69	V47	0.625
70	V47	0.556818181818182
71	V47	0.659090909090909
72	V47	0.579545454545455
73	V47	0.636363636363636
74	V47	0.579545454545455
75	V47	0.604651162790698
76	V47	0.659090909090909
77	V47	0.636363636363636
78	V47	0.590909090909091
79	V47	0.477272727272727
80	V47	0.647727272727273
81	V47	0.545454545454545
82	V47	0.604651162790698
83	V47	0.602272727272727
84	V47	0.647727272727273
85	V47	0.647727272727273
86	V47	0.636363636363636
87	V47	0.522727272727273
88	V47	0.613636363636364
89	V47	0.545454545454545
90	V47	0.647727272727273
91	V47	0.625
92	V47	0.579545454545455
93	V47	0.647727272727273
94	V47	0.579545454545455
95	V47	0.681818181818182
96	V47	0.602272727272727
97	V47	0.670454545454545
98	V47	0.604651162790698
99	V47	0.546511627906977
100	V47	0.602272727272727
101	V47	0.602272727272727
102	V47	0.590909090909091
103	V47	0.590909090909091
104	V47	0.5
105	V47	0.602272727272727
106	V47	0.613636363636364
107	V47	0.522727272727273
108	V47	0.590909090909091
109	V47	0.590909090909091
110	V47	0.636363636363636
111	V47	0.636363636363636
112	V47	0.590909090909091
113	V47	0.670454545454545
114	V47	0.602272727272727
115	V47	0.590909090909091
116	V47	0.670454545454545
117	V47	0.579545454545455
118	V47	0.625
119	V47	0.613636363636364
120	V47	0.581395348837209
121	V47	0.545454545454545
122	V47	0.659090909090909
123	V47	0.568181818181818
124	V47	0.659090909090909
125	V47	0.636363636363636
126	V47	0.625
127	V47	0.659090909090909
128	V47	0.704545454545455
129	V47	0.659090909090909
130	V47	0.613636363636364
131	V47	0.568181818181818
132	V47	0.602272727272727
133	V47	0.556818181818182
134	V47	0.568181818181818
135	V47	0.670454545454545
136	V47	0.613636363636364
137	V47	0.534090909090909
138	V47	0.581395348837209
139	V47	0.613636363636364
140	V47	0.568181818181818
141	V47	0.625
142	V47	0.636363636363636
143	V47	0.602272727272727
144	V47	0.613636363636364
145	V47	0.659090909090909
146	V47	0.704545454545455
147	V47	0.590909090909091
148	V47	0.659090909090909
149	V47	0.590909090909091
1	V48	0.534090909090909
2	V48	0.556818181818182
3	V48	0.636363636363636
4	V48	0.636363636363636
5	V48	0.693181818181818
6	V48	0.613636363636364
7	V48	0.581395348837209
8	V48	0.659090909090909
9	V48	0.581395348837209
10	V48	0.522727272727273
11	V48	0.704545454545455
12	V48	0.613636363636364
13	V48	0.593023255813954
14	V48	0.647727272727273
15	V48	0.556818181818182
16	V48	0.704545454545455
17	V48	0.647727272727273
18	V48	0.593023255813954
19	V48	0.556818181818182
20	V48	0.659090909090909
21	V48	0.625
22	V48	0.613636363636364
23	V48	0.681818181818182
24	V48	0.670454545454545
25	V48	0.625
26	V48	0.590909090909091
27	V48	0.613636363636364
28	V48	0.670454545454545
29	V48	0.727272727272727
30	V48	0.659090909090909
31	V48	0.636363636363636
32	V48	0.670454545454545
33	V48	0.636363636363636
34	V48	0.590909090909091
35	V48	0.692307692307692
36	V48	0.692307692307692
37	V48	0.627906976744186
38	V48	0.704545454545455
39	V48	0.560975609756098
40	V48	0.6625
41	V48	0.666666666666667
42	V48	0.538461538461538
43	V48	0.682926829268293
44	V48	0.611111111111111
45	V48	0.602272727272727
46	V48	0.625
47	V48	0.602272727272727
48	V48	1
49	V48	0.636363636363636
50	V48	0.761363636363636
51	V48	0.715909090909091
52	V48	0.686046511627907
53	V48	0.647727272727273
54	V48	0.593023255813954
55	V48	0.613636363636364
56	V48	0.579545454545455
57	V48	0.625
58	V48	0.681818181818182
59	V48	0.647727272727273
60	V48	0.625
61	V48	0.602272727272727
62	V48	0.556818181818182
63	V48	0.693181818181818
64	V48	0.568181818181818
65	V48	0.704545454545455
66	V48	0.590909090909091
67	V48	0.715909090909091
68	V48	0.579545454545455
69	V48	0.590909090909091
70	V48	0.545454545454545
71	V48	0.647727272727273
72	V48	0.5
73	V48	0.579545454545455
74	V48	0.522727272727273
75	V48	0.651162790697674
76	V48	0.602272727272727
77	V48	0.670454545454545
78	V48	0.647727272727273
79	V48	0.625
80	V48	0.5
81	V48	0.715909090909091
82	V48	0.709302325581395
83	V48	0.613636363636364
84	V48	0.681818181818182
85	V48	0.636363636363636
86	V48	0.625
87	V48	0.625
88	V48	0.579545454545455
89	V48	0.602272727272727
90	V48	0.613636363636364
91	V48	0.568181818181818
92	V48	0.636363636363636
93	V48	0.681818181818182
94	V48	0.590909090909091
95	V48	0.647727272727273
96	V48	0.659090909090909
97	V48	0.681818181818182
98	V48	0.604651162790698
99	V48	0.593023255813954
100	V48	0.590909090909091
101	V48	0.659090909090909
102	V48	0.579545454545455
103	V48	0.602272727272727
104	V48	0.534090909090909
105	V48	0.568181818181818
106	V48	0.693181818181818
107	V48	0.602272727272727
108	V48	0.625
109	V48	0.647727272727273
110	V48	0.647727272727273
111	V48	0.534090909090909
112	V48	0.625
113	V48	0.636363636363636
114	V48	0.659090909090909
115	V48	0.647727272727273
116	V48	0.681818181818182
117	V48	0.681818181818182
118	V48	0.568181818181818
119	V48	0.670454545454545
120	V48	0.627906976744186
121	V48	0.670454545454545
122	V48	0.715909090909091
123	V48	0.579545454545455
124	V48	0.670454545454545
125	V48	0.647727272727273
126	V48	0.590909090909091
127	V48	0.715909090909091
128	V48	0.625
129	V48	0.579545454545455
130	V48	0.602272727272727
131	V48	0.670454545454545
132	V48	0.636363636363636
133	V48	0.590909090909091
134	V48	0.602272727272727
135	V48	0.636363636363636
136	V48	0.602272727272727
137	V48	0.590909090909091
138	V48	0.604651162790698
139	V48	0.534090909090909
140	V48	0.579545454545455
141	V48	0.636363636363636
142	V48	0.670454545454545
143	V48	0.636363636363636
144	V48	0.647727272727273
145	V48	0.715909090909091
146	V48	0.602272727272727
147	V48	0.625
148	V48	0.602272727272727
149	V48	0.647727272727273
1	V49	0.602272727272727
2	V49	0.534090909090909
3	V49	0.636363636363636
4	V49	0.636363636363636
5	V49	0.647727272727273
6	V49	0.613636363636364
7	V49	0.616279069767442
8	V49	0.636363636363636
9	V49	0.558139534883721
10	V49	0.568181818181818
11	V49	0.613636363636364
12	V49	0.659090909090909
13	V49	0.581395348837209
14	V49	0.647727272727273
15	V49	0.579545454545455
16	V49	0.590909090909091
17	V49	0.715909090909091
18	V49	0.627906976744186
19	V49	0.625
20	V49	0.590909090909091
21	V49	0.602272727272727
22	V49	0.568181818181818
23	V49	0.636363636363636
24	V49	0.625
25	V49	0.602272727272727
26	V49	0.522727272727273
27	V49	0.636363636363636
28	V49	0.647727272727273
29	V49	0.659090909090909
30	V49	0.568181818181818
31	V49	0.636363636363636
32	V49	0.715909090909091
33	V49	0.659090909090909
34	V49	0.5
35	V49	0.602564102564103
36	V49	0.67948717948718
37	V49	0.63953488372093
38	V49	0.636363636363636
39	V49	0.597560975609756
40	V49	0.575
41	V49	0.653846153846154
42	V49	0.576923076923077
43	V49	0.585365853658537
44	V49	0.708333333333333
45	V49	0.602272727272727
46	V49	0.647727272727273
47	V49	0.579545454545455
48	V49	0.627906976744186
49	V49	1
50	V49	0.647727272727273
51	V49	0.602272727272727
52	V49	0.616279069767442
53	V49	0.625
54	V49	0.604651162790698
55	V49	0.636363636363636
56	V49	0.625
57	V49	0.647727272727273
58	V49	0.613636363636364
59	V49	0.625
60	V49	0.670454545454545
61	V49	0.625
62	V49	0.534090909090909
63	V49	0.715909090909091
64	V49	0.545454545454545
65	V49	0.659090909090909
66	V49	0.681818181818182
67	V49	0.602272727272727
68	V49	0.579545454545455
69	V49	0.681818181818182
70	V49	0.659090909090909
71	V49	0.647727272727273
72	V49	0.636363636363636
73	V49	0.579545454545455
74	V49	0.568181818181818
75	V49	0.732558139534884
76	V49	0.647727272727273
77	V49	0.647727272727273
78	V49	0.647727272727273
79	V49	0.534090909090909
80	V49	0.613636363636364
81	V49	0.579545454545455
82	V49	0.686046511627907
83	V49	0.613636363636364
84	V49	0.613636363636364
85	V49	0.704545454545455
86	V49	0.670454545454545
87	V49	0.625
88	V49	0.579545454545455
89	V49	0.602272727272727
90	V49	0.568181818181818
91	V49	0.568181818181818
92	V49	0.681818181818182
93	V49	0.636363636363636
94	V49	0.545454545454545
95	V49	0.715909090909091
96	V49	0.568181818181818
97	V49	0.704545454545455
98	V49	0.593023255813954
99	V49	0.674418604651163
100	V49	0.613636363636364
101	V49	0.681818181818182
102	V49	0.602272727272727
103	V49	0.625
104	V49	0.556818181818182
105	V49	0.590909090909091
106	V49	0.625
107	V49	0.579545454545455
108	V49	0.647727272727273
109	V49	0.602272727272727
110	V49	0.625
111	V49	0.625
112	V49	0.693181818181818
113	V49	0.590909090909091
114	V49	0.590909090909091
115	V49	0.693181818181818
116	V49	0.727272727272727
117	V49	0.727272727272727
118	V49	0.636363636363636
119	V49	0.647727272727273
120	V49	0.662790697674419
121	V49	0.602272727272727
122	V49	0.579545454545455
123	V49	0.556818181818182
124	V49	0.647727272727273
125	V49	0.579545454545455
126	V49	0.5
127	V49	0.670454545454545
128	V49	0.693181818181818
129	V49	0.602272727272727
130	V49	0.670454545454545
131	V49	0.647727272727273
132	V49	0.613636363636364
133	V49	0.613636363636364
134	V49	0.556818181818182
135	V49	0.636363636363636
136	V49	0.647727272727273
137	V49	0.636363636363636
138	V49	0.63953488372093
139	V49	0.602272727272727
140	V49	0.715909090909091
141	V49	0.681818181818182
142	V49	0.647727272727273
143	V49	0.590909090909091
144	V49	0.556818181818182
145	V49	0.670454545454545
146	V49	0.579545454545455
147	V49	0.647727272727273
148	V49	0.670454545454545
149	V49	0.647727272727273
1	V50	0.545454545454545
2	V50	0.545454545454545
3	V50	0.715909090909091
4	V50	0.579545454545455
5	V50	0.75
6	V50	0.579545454545455
7	V50	0.593023255813954
8	V50	0.647727272727273
9	V50	0.546511627906977
10	V50	0.602272727272727
11	V50	0.647727272727273
12	V50	0.579545454545455
13	V50	0.627906976744186
14	V50	0.636363636363636
15	V50	0.5
16	V50	0.625
17	V50	0.681818181818182
18	V50	0.627906976744186
19	V50	0.522727272727273
20	V50	0.647727272727273
21	V50	0.613636363636364
22	V50	0.625
23	V50	0.647727272727273
24	V50	0.590909090909091
25	V50	0.568181818181818
26	V50	0.602272727272727
27	V50	0.579545454545455
28	V50	0.613636363636364
29	V50	0.670454545454545
30	V50	0.625
31	V50	0.625
32	V50	0.659090909090909
33	V50	0.625
34	V50	0.579545454545455
35	V50	0.602564102564103
36	V50	0.615384615384615
37	V50	0.686046511627907
38	V50	0.647727272727273
39	V50	0.621951219512195
40	V50	0.6375
41	V50	0.628205128205128
42	V50	0.576923076923077
43	V50	0.670731707317073
44	V50	0.583333333333333
45	V50	0.568181818181818
46	V50	0.613636363636364
47	V50	0.568181818181818
48	V50	0.767441860465116
49	V50	0.647727272727273
50	V50	1
51	V50	0.75
52	V50	0.651162790697674
53	V50	0.568181818181818
54	V50	0.604651162790698
55	V50	0.625
56	V50	0.590909090909091
57	V50	0.636363636363636
58	V50	0.625
59	V50	0.636363636363636
60	V50	0.659090909090909
61	V50	0.613636363636364
62	V50	0.613636363636364
63	V50	0.613636363636364
64	V50	0.647727272727273
65	V50	0.670454545454545
66	V50	0.556818181818182
67	V50	0.681818181818182
68	V50	0.636363636363636
69	V50	0.556818181818182
70	V50	0.556818181818182
71	V50	0.613636363636364
72	V50	0.579545454545455
73	V50	0.613636363636364
74	V50	0.511363636363636
75	V50	0.593023255813954
76	V50	0.613636363636364
77	V50	0.613636363636364
78	V50	0.613636363636364
79	V50	0.568181818181818
80	V50	0.488636363636364
81	V50	0.75
82	V50	0.674418604651163
83	V50	0.556818181818182
84	V50	0.784090909090909
85	V50	0.625
86	V50	0.636363636363636
87	V50	0.590909090909091
88	V50	0.590909090909091
89	V50	0.590909090909091
90	V50	0.625
91	V50	0.602272727272727
92	V50	0.647727272727273
93	V50	0.647727272727273
94	V50	0.602272727272727
95	V50	0.613636363636364
96	V50	0.625
97	V50	0.670454545454545
98	V50	0.709302325581395
99	V50	0.558139534883721
100	V50	0.556818181818182
101	V50	0.715909090909091
102	V50	0.659090909090909
103	V50	0.613636363636364
104	V50	0.568181818181818
105	V50	0.579545454545455
106	V50	0.75
107	V50	0.636363636363636
108	V50	0.613636363636364
109	V50	0.613636363636364
110	V50	0.727272727272727
111	V50	0.522727272727273
112	V50	0.659090909090909
113	V50	0.625
114	V50	0.602272727272727
115	V50	0.613636363636364
116	V50	0.693181818181818
117	V50	0.693181818181818
118	V50	0.556818181818182
119	V50	0.727272727272727
120	V50	0.63953488372093
121	V50	0.636363636363636
122	V50	0.727272727272727
123	V50	0.568181818181818
124	V50	0.659090909090909
125	V50	0.613636363636364
126	V50	0.579545454545455
127	V50	0.704545454545455
128	V50	0.636363636363636
129	V50	0.568181818181818
130	V50	0.568181818181818
131	V50	0.613636363636364
132	V50	0.670454545454545
133	V50	0.602272727272727
134	V50	0.568181818181818
135	V50	0.647727272727273
136	V50	0.613636363636364
137	V50	0.625
138	V50	0.616279069767442
139	V50	0.590909090909091
140	V50	0.545454545454545
141	V50	0.625
142	V50	0.636363636363636
143	V50	0.625
144	V50	0.613636363636364
145	V50	0.704545454545455
146	V50	0.636363636363636
147	V50	0.613636363636364
148	V50	0.590909090909091
149	V50	0.659090909090909
1	V51	0.477272727272727
2	V51	0.5
3	V51	0.670454545454545
4	V51	0.602272727272727
5	V51	0.704545454545455
6	V51	0.625
7	V51	0.593023255813954
8	V51	0.647727272727273
9	V51	0.511627906976744
10	V51	0.556818181818182
11	V51	0.693181818181818
12	V51	0.670454545454545
13	V51	0.686046511627907
14	V51	0.613636363636364
15	V51	0.568181818181818
16	V51	0.647727272727273
17	V51	0.590909090909091
18	V51	0.627906976744186
19	V51	0.568181818181818
20	V51	0.647727272727273
21	V51	0.568181818181818
22	V51	0.625
23	V51	0.647727272727273
24	V51	0.636363636363636
25	V51	0.613636363636364
26	V51	0.556818181818182
27	V51	0.602272727272727
28	V51	0.681818181818182
29	V51	0.670454545454545
30	V51	0.670454545454545
31	V51	0.602272727272727
32	V51	0.636363636363636
33	V51	0.647727272727273
34	V51	0.602272727272727
35	V51	0.628205128205128
36	V51	0.641025641025641
37	V51	0.63953488372093
38	V51	0.670454545454545
39	V51	0.597560975609756
40	V51	0.6625
41	V51	0.602564102564103
42	V51	0.58974358974359
43	V51	0.670731707317073
44	V51	0.666666666666667
45	V51	0.636363636363636
46	V51	0.590909090909091
47	V51	0.590909090909091
48	V51	0.709302325581395
49	V51	0.602272727272727
50	V51	0.75
51	V51	1
52	V51	0.686046511627907
53	V51	0.613636363636364
54	V51	0.569767441860465
55	V51	0.625
56	V51	0.545454545454545
57	V51	0.613636363636364
58	V51	0.670454545454545
59	V51	0.636363636363636
60	V51	0.659090909090909
61	V51	0.568181818181818
62	V51	0.613636363636364
63	V51	0.522727272727273
64	V51	0.602272727272727
65	V51	0.647727272727273
66	V51	0.511363636363636
67	V51	0.704545454545455
68	V51	0.613636363636364
69	V51	0.602272727272727
70	V51	0.579545454545455
71	V51	0.681818181818182
72	V51	0.534090909090909
73	V51	0.613636363636364
74	V51	0.602272727272727
75	V51	0.604651162790698
76	V51	0.681818181818182
77	V51	0.590909090909091
78	V51	0.613636363636364
79	V51	0.568181818181818
80	V51	0.488636363636364
81	V51	0.636363636363636
82	V51	0.686046511627907
83	V51	0.625
84	V51	0.715909090909091
85	V51	0.670454545454545
86	V51	0.568181818181818
87	V51	0.590909090909091
88	V51	0.545454545454545
89	V51	0.545454545454545
90	V51	0.579545454545455
91	V51	0.534090909090909
92	V51	0.715909090909091
93	V51	0.602272727272727
94	V51	0.556818181818182
95	V51	0.659090909090909
96	V51	0.579545454545455
97	V51	0.647727272727273
98	V51	0.63953488372093
99	V51	0.63953488372093
100	V51	0.511363636363636
101	V51	0.625
102	V51	0.704545454545455
103	V51	0.613636363636364
104	V51	0.613636363636364
105	V51	0.534090909090909
106	V51	0.636363636363636
107	V51	0.613636363636364
108	V51	0.659090909090909
109	V51	0.590909090909091
110	V51	0.75
111	V51	0.568181818181818
112	V51	0.590909090909091
113	V51	0.556818181818182
114	V51	0.579545454545455
115	V51	0.545454545454545
116	V51	0.715909090909091
117	V51	0.693181818181818
118	V51	0.647727272727273
119	V51	0.636363636363636
120	V51	0.593023255813954
121	V51	0.590909090909091
122	V51	0.704545454545455
123	V51	0.636363636363636
124	V51	0.613636363636364
125	V51	0.636363636363636
126	V51	0.579545454545455
127	V51	0.681818181818182
128	V51	0.681818181818182
129	V51	0.636363636363636
130	V51	0.613636363636364
131	V51	0.613636363636364
132	V51	0.556818181818182
133	V51	0.625
134	V51	0.613636363636364
135	V51	0.625
136	V51	0.636363636363636
137	V51	0.579545454545455
138	V51	0.593023255813954
139	V51	0.568181818181818
140	V51	0.545454545454545
141	V51	0.602272727272727
142	V51	0.727272727272727
143	V51	0.534090909090909
144	V51	0.659090909090909
145	V51	0.681818181818182
146	V51	0.613636363636364
147	V51	0.659090909090909
148	V51	0.659090909090909
149	V51	0.659090909090909
1	V52	0.602272727272727
2	V52	0.556818181818182
3	V52	0.590909090909091
4	V52	0.636363636363636
5	V52	0.715909090909091
6	V52	0.568181818181818
7	V52	0.581395348837209
8	V52	0.659090909090909
9	V52	0.558139534883721
10	V52	0.568181818181818
11	V52	0.727272727272727
12	V52	0.636363636363636
13	V52	0.534883720930233
14	V52	0.579545454545455
15	V52	0.579545454545455
16	V52	0.659090909090909
17	V52	0.647727272727273
18	V52	0.569767441860465
19	V52	0.534090909090909
20	V52	0.727272727272727
21	V52	0.556818181818182
22	V52	0.681818181818182
23	V52	0.704545454545455
24	V52	0.579545454545455
25	V52	0.579545454545455
26	V52	0.659090909090909
27	V52	0.636363636363636
28	V52	0.647727272727273
29	V52	0.636363636363636
30	V52	0.659090909090909
31	V52	0.613636363636364
32	V52	0.625
33	V52	0.681818181818182
34	V52	0.613636363636364
35	V52	0.615384615384615
36	V52	0.666666666666667
37	V52	0.604651162790698
38	V52	0.704545454545455
39	V52	0.634146341463415
40	V52	0.5875
41	V52	0.666666666666667
42	V52	0.641025641025641
43	V52	0.658536585365854
44	V52	0.555555555555556
45	V52	0.625
46	V52	0.556818181818182
47	V52	0.647727272727273
48	V52	0.674418604651163
49	V52	0.613636363636364
50	V52	0.647727272727273
51	V52	0.693181818181818
52	V52	1
53	V52	0.670454545454545
54	V52	0.627906976744186
55	V52	0.681818181818182
56	V52	0.579545454545455
57	V52	0.693181818181818
58	V52	0.681818181818182
59	V52	0.556818181818182
60	V52	0.647727272727273
61	V52	0.556818181818182
62	V52	0.602272727272727
63	V52	0.625
64	V52	0.545454545454545
65	V52	0.659090909090909
66	V52	0.545454545454545
67	V52	0.670454545454545
68	V52	0.579545454545455
69	V52	0.545454545454545
70	V52	0.545454545454545
71	V52	0.556818181818182
72	V52	0.545454545454545
73	V52	0.625
74	V52	0.681818181818182
75	V52	0.63953488372093
76	V52	0.738636363636364
77	V52	0.602272727272727
78	V52	0.670454545454545
79	V52	0.534090909090909
80	V52	0.545454545454545
81	V52	0.693181818181818
82	V52	0.569767441860465
83	V52	0.568181818181818
84	V52	0.590909090909091
85	V52	0.704545454545455
86	V52	0.579545454545455
87	V52	0.602272727272727
88	V52	0.647727272727273
89	V52	0.670454545454545
90	V52	0.613636363636364
91	V52	0.568181818181818
92	V52	0.613636363636364
93	V52	0.613636363636364
94	V52	0.522727272727273
95	V52	0.670454545454545
96	V52	0.659090909090909
97	V52	0.590909090909091
98	V52	0.616279069767442
99	V52	0.558139534883721
100	V52	0.590909090909091
101	V52	0.613636363636364
102	V52	0.625
103	V52	0.647727272727273
104	V52	0.579545454545455
105	V52	0.590909090909091
106	V52	0.602272727272727
107	V52	0.556818181818182
108	V52	0.556818181818182
109	V52	0.579545454545455
110	V52	0.647727272727273
111	V52	0.647727272727273
112	V52	0.647727272727273
113	V52	0.545454545454545
114	V52	0.545454545454545
115	V52	0.579545454545455
116	V52	0.636363636363636
117	V52	0.659090909090909
118	V52	0.659090909090909
119	V52	0.602272727272727
120	V52	0.593023255813954
121	V52	0.534090909090909
122	V52	0.625
123	V52	0.556818181818182
124	V52	0.579545454545455
125	V52	0.647727272727273
126	V52	0.545454545454545
127	V52	0.647727272727273
128	V52	0.670454545454545
129	V52	0.602272727272727
130	V52	0.670454545454545
131	V52	0.579545454545455
132	V52	0.590909090909091
133	V52	0.636363636363636
134	V52	0.625
135	V52	0.659090909090909
136	V52	0.602272727272727
137	V52	0.613636363636364
138	V52	0.593023255813954
139	V52	0.579545454545455
140	V52	0.602272727272727
141	V52	0.636363636363636
142	V52	0.693181818181818
143	V52	0.590909090909091
144	V52	0.647727272727273
145	V52	0.670454545454545
146	V52	0.670454545454545
147	V52	0.556818181818182
148	V52	0.602272727272727
149	V52	0.670454545454545
1	V53	0.681818181818182
2	V53	0.568181818181818
3	V53	0.579545454545455
4	V53	0.647727272727273
5	V53	0.659090909090909
6	V53	0.670454545454545
7	V53	0.627906976744186
8	V53	0.693181818181818
9	V53	0.546511627906977
10	V53	0.602272727272727
11	V53	0.625
12	V53	0.602272727272727
13	V53	0.546511627906977
14	V53	0.613636363636364
15	V53	0.704545454545455
16	V53	0.602272727272727
17	V53	0.613636363636364
18	V53	0.616279069767442
19	V53	0.636363636363636
20	V53	0.715909090909091
21	V53	0.659090909090909
22	V53	0.579545454545455
23	V53	0.602272727272727
24	V53	0.590909090909091
25	V53	0.681818181818182
26	V53	0.625
27	V53	0.715909090909091
28	V53	0.590909090909091
29	V53	0.602272727272727
30	V53	0.602272727272727
31	V53	0.625
32	V53	0.613636363636364
33	V53	0.715909090909091
34	V53	0.602272727272727
35	V53	0.564102564102564
36	V53	0.653846153846154
37	V53	0.581395348837209
38	V53	0.670454545454545
39	V53	0.585365853658537
40	V53	0.6125
41	V53	0.653846153846154
42	V53	0.58974358974359
43	V53	0.560975609756098
44	V53	0.527777777777778
45	V53	0.681818181818182
46	V53	0.636363636363636
47	V53	0.613636363636364
48	V53	0.63953488372093
49	V53	0.625
50	V53	0.568181818181818
51	V53	0.613636363636364
52	V53	0.662790697674419
53	V53	1
54	V53	0.616279069767442
55	V53	0.715909090909091
56	V53	0.568181818181818
57	V53	0.659090909090909
58	V53	0.625
59	V53	0.613636363636364
60	V53	0.613636363636364
61	V53	0.568181818181818
62	V53	0.613636363636364
63	V53	0.590909090909091
64	V53	0.602272727272727
65	V53	0.602272727272727
66	V53	0.670454545454545
67	V53	0.568181818181818
68	V53	0.613636363636364
69	V53	0.693181818181818
70	V53	0.602272727272727
71	V53	0.659090909090909
72	V53	0.534090909090909
73	V53	0.568181818181818
74	V53	0.625
75	V53	0.627906976744186
76	V53	0.681818181818182
77	V53	0.636363636363636
78	V53	0.636363636363636
79	V53	0.613636363636364
80	V53	0.556818181818182
81	V53	0.681818181818182
82	V53	0.581395348837209
83	V53	0.602272727272727
84	V53	0.579545454545455
85	V53	0.647727272727273
86	V53	0.636363636363636
87	V53	0.590909090909091
88	V53	0.636363636363636
89	V53	0.636363636363636
90	V53	0.693181818181818
91	V53	0.602272727272727
92	V53	0.625
93	V53	0.602272727272727
94	V53	0.670454545454545
95	V53	0.659090909090909
96	V53	0.579545454545455
97	V53	0.670454545454545
98	V53	0.674418604651163
99	V53	0.593023255813954
100	V53	0.625
101	V53	0.556818181818182
102	V53	0.568181818181818
103	V53	0.681818181818182
104	V53	0.545454545454545
105	V53	0.625
106	V53	0.681818181818182
107	V53	0.613636363636364
108	V53	0.636363636363636
109	V53	0.636363636363636
110	V53	0.636363636363636
111	V53	0.681818181818182
112	V53	0.590909090909091
113	V53	0.602272727272727
114	V53	0.579545454545455
115	V53	0.590909090909091
116	V53	0.602272727272727
117	V53	0.625
118	V53	0.625
119	V53	0.704545454545455
120	V53	0.627906976744186
121	V53	0.590909090909091
122	V53	0.659090909090909
123	V53	0.545454545454545
124	V53	0.613636363636364
125	V53	0.704545454545455
126	V53	0.647727272727273
127	V53	0.613636363636364
128	V53	0.659090909090909
129	V53	0.659090909090909
130	V53	0.636363636363636
131	V53	0.613636363636364
132	V53	0.579545454545455
133	V53	0.647727272727273
134	V53	0.613636363636364
135	V53	0.715909090909091
136	V53	0.727272727272727
137	V53	0.625
138	V53	0.674418604651163
139	V53	0.613636363636364
140	V53	0.636363636363636
141	V53	0.579545454545455
142	V53	0.75
143	V53	0.693181818181818
144	V53	0.613636363636364
145	V53	0.613636363636364
146	V53	0.590909090909091
147	V53	0.636363636363636
148	V53	0.636363636363636
149	V53	0.659090909090909
1	V54	0.647727272727273
2	V54	0.556818181818182
3	V54	0.590909090909091
4	V54	0.522727272727273
5	V54	0.579545454545455
6	V54	0.590909090909091
7	V54	0.523255813953488
8	V54	0.636363636363636
9	V54	0.616279069767442
10	V54	0.613636363636364
11	V54	0.613636363636364
12	V54	0.75
13	V54	0.604651162790698
14	V54	0.625
15	V54	0.534090909090909
16	V54	0.636363636363636
17	V54	0.647727272727273
18	V54	0.627906976744186
19	V54	0.693181818181818
20	V54	0.636363636363636
21	V54	0.625
22	V54	0.590909090909091
23	V54	0.590909090909091
24	V54	0.647727272727273
25	V54	0.579545454545455
26	V54	0.568181818181818
27	V54	0.613636363636364
28	V54	0.625
29	V54	0.659090909090909
30	V54	0.568181818181818
31	V54	0.568181818181818
32	V54	0.602272727272727
33	V54	0.636363636363636
34	V54	0.5
35	V54	0.641025641025641
36	V54	0.653846153846154
37	V54	0.546511627906977
38	V54	0.659090909090909
39	V54	0.707317073170732
40	V54	0.6
41	V54	0.641025641025641
42	V54	0.551282051282051
43	V54	0.646341463414634
44	V54	0.555555555555556
45	V54	0.534090909090909
46	V54	0.670454545454545
47	V54	0.625
48	V54	0.593023255813954
49	V54	0.590909090909091
50	V54	0.602272727272727
51	V54	0.556818181818182
52	V54	0.604651162790698
53	V54	0.602272727272727
54	V54	1
55	V54	0.590909090909091
56	V54	0.647727272727273
57	V54	0.670454545454545
58	V54	0.590909090909091
59	V54	0.579545454545455
60	V54	0.602272727272727
61	V54	0.647727272727273
62	V54	0.534090909090909
63	V54	0.647727272727273
64	V54	0.681818181818182
65	V54	0.636363636363636
66	V54	0.704545454545455
67	V54	0.625
68	V54	0.556818181818182
69	V54	0.590909090909091
70	V54	0.545454545454545
71	V54	0.625
72	V54	0.613636363636364
73	V54	0.647727272727273
74	V54	0.590909090909091
75	V54	0.63953488372093
76	V54	0.579545454545455
77	V54	0.670454545454545
78	V54	0.715909090909091
79	V54	0.556818181818182
80	V54	0.568181818181818
81	V54	0.602272727272727
82	V54	0.604651162790698
83	V54	0.681818181818182
84	V54	0.613636363636364
85	V54	0.613636363636364
86	V54	0.625
87	V54	0.579545454545455
88	V54	0.625
89	V54	0.647727272727273
90	V54	0.545454545454545
91	V54	0.568181818181818
92	V54	0.613636363636364
93	V54	0.636363636363636
94	V54	0.590909090909091
95	V54	0.647727272727273
96	V54	0.636363636363636
97	V54	0.613636363636364
98	V54	0.616279069767442
99	V54	0.558139534883721
100	V54	0.636363636363636
101	V54	0.568181818181818
102	V54	0.602272727272727
103	V54	0.579545454545455
104	V54	0.465909090909091
105	V54	0.636363636363636
106	V54	0.625
107	V54	0.602272727272727
108	V54	0.693181818181818
109	V54	0.647727272727273
110	V54	0.602272727272727
111	V54	0.670454545454545
112	V54	0.647727272727273
113	V54	0.568181818181818
114	V54	0.568181818181818
115	V54	0.556818181818182
116	V54	0.659090909090909
117	V54	0.590909090909091
118	V54	0.568181818181818
119	V54	0.647727272727273
120	V54	0.511627906976744
121	V54	0.602272727272727
122	V54	0.511363636363636
123	V54	0.556818181818182
124	V54	0.602272727272727
125	V54	0.602272727272727
126	V54	0.659090909090909
127	V54	0.556818181818182
128	V54	0.579545454545455
129	V54	0.534090909090909
130	V54	0.579545454545455
131	V54	0.579545454545455
132	V54	0.659090909090909
133	V54	0.568181818181818
134	V54	0.579545454545455
135	V54	0.636363636363636
136	V54	0.602272727272727
137	V54	0.545454545454545
138	V54	0.593023255813954
139	V54	0.602272727272727
140	V54	0.602272727272727
141	V54	0.590909090909091
142	V54	0.625
143	V54	0.659090909090909
144	V54	0.647727272727273
145	V54	0.602272727272727
146	V54	0.647727272727273
147	V54	0.693181818181818
148	V54	0.602272727272727
149	V54	0.556818181818182
1	V55	0.670454545454545
2	V55	0.625
3	V55	0.613636363636364
4	V55	0.636363636363636
5	V55	0.693181818181818
6	V55	0.613636363636364
7	V55	0.63953488372093
8	V55	0.659090909090909
9	V55	0.604651162790698
10	V55	0.590909090909091
11	V55	0.681818181818182
12	V55	0.590909090909091
13	V55	0.651162790697674
14	V55	0.602272727272727
15	V55	0.647727272727273
16	V55	0.681818181818182
17	V55	0.625
18	V55	0.651162790697674
19	V55	0.556818181818182
20	V55	0.636363636363636
21	V55	0.625
22	V55	0.613636363636364
23	V55	0.590909090909091
24	V55	0.579545454545455
25	V55	0.693181818181818
26	V55	0.636363636363636
27	V55	0.636363636363636
28	V55	0.625
29	V55	0.613636363636364
30	V55	0.568181818181818
31	V55	0.659090909090909
32	V55	0.556818181818182
33	V55	0.659090909090909
34	V55	0.545454545454545
35	V55	0.67948717948718
36	V55	0.717948717948718
37	V55	0.662790697674419
38	V55	0.704545454545455
39	V55	0.560975609756098
40	V55	0.65
41	V55	0.653846153846154
42	V55	0.576923076923077
43	V55	0.634146341463415
44	V55	0.597222222222222
45	V55	0.670454545454545
46	V55	0.602272727272727
47	V55	0.670454545454545
48	V55	0.604651162790698
49	V55	0.636363636363636
50	V55	0.625
51	V55	0.625
52	V55	0.674418604651163
53	V55	0.715909090909091
54	V55	0.604651162790698
55	V55	1
56	V55	0.647727272727273
57	V55	0.625
58	V55	0.659090909090909
59	V55	0.602272727272727
60	V55	0.625
61	V55	0.625
62	V55	0.693181818181818
63	V55	0.602272727272727
64	V55	0.659090909090909
65	V55	0.613636363636364
66	V55	0.590909090909091
67	V55	0.602272727272727
68	V55	0.602272727272727
69	V55	0.681818181818182
70	V55	0.522727272727273
71	V55	0.670454545454545
72	V55	0.681818181818182
73	V55	0.625
74	V55	0.613636363636364
75	V55	0.732558139534884
76	V55	0.625
77	V55	0.647727272727273
78	V55	0.670454545454545
79	V55	0.602272727272727
80	V55	0.727272727272727
81	V55	0.715909090909091
82	V55	0.593023255813954
83	V55	0.636363636363636
84	V55	0.590909090909091
85	V55	0.636363636363636
86	V55	0.602272727272727
87	V55	0.602272727272727
88	V55	0.647727272727273
89	V55	0.647727272727273
90	V55	0.659090909090909
91	V55	0.568181818181818
92	V55	0.659090909090909
93	V55	0.613636363636364
94	V55	0.522727272727273
95	V55	0.647727272727273
96	V55	0.636363636363636
97	V55	0.659090909090909
98	V55	0.686046511627907
99	V55	0.558139534883721
100	V55	0.613636363636364
101	V55	0.636363636363636
102	V55	0.579545454545455
103	V55	0.602272727272727
104	V55	0.602272727272727
105	V55	0.613636363636364
106	V55	0.670454545454545
107	V55	0.556818181818182
108	V55	0.625
109	V55	0.625
110	V55	0.647727272727273
111	V55	0.670454545454545
112	V55	0.602272727272727
113	V55	0.613636363636364
114	V55	0.590909090909091
115	V55	0.625
116	V55	0.659090909090909
117	V55	0.636363636363636
118	V55	0.636363636363636
119	V55	0.670454545454545
120	V55	0.616279069767442
121	V55	0.625
122	V55	0.670454545454545
123	V55	0.579545454545455
124	V55	0.625
125	V55	0.670454545454545
126	V55	0.613636363636364
127	V55	0.602272727272727
128	V55	0.625
129	V55	0.670454545454545
130	V55	0.670454545454545
131	V55	0.625
132	V55	0.613636363636364
133	V55	0.613636363636364
134	V55	0.602272727272727
135	V55	0.704545454545455
136	V55	0.625
137	V55	0.568181818181818
138	V55	0.662790697674419
139	V55	0.670454545454545
140	V55	0.625
141	V55	0.590909090909091
142	V55	0.670454545454545
143	V55	0.636363636363636
144	V55	0.670454545454545
145	V55	0.647727272727273
146	V55	0.602272727272727
147	V55	0.625
148	V55	0.579545454545455
149	V55	0.579545454545455
1	V56	0.568181818181818
2	V56	0.636363636363636
3	V56	0.534090909090909
4	V56	0.579545454545455
5	V56	0.545454545454545
6	V56	0.556818181818182
7	V56	0.674418604651163
8	V56	0.670454545454545
9	V56	0.627906976744186
10	V56	0.579545454545455
11	V56	0.625
12	V56	0.647727272727273
13	V56	0.569767441860465
14	V56	0.613636363636364
15	V56	0.545454545454545
16	V56	0.625
17	V56	0.613636363636364
18	V56	0.593023255813954
19	V56	0.613636363636364
20	V56	0.670454545454545
21	V56	0.636363636363636
22	V56	0.715909090909091
23	V56	0.602272727272727
24	V56	0.636363636363636
25	V56	0.659090909090909
26	V56	0.534090909090909
27	V56	0.602272727272727
28	V56	0.659090909090909
29	V56	0.625
30	V56	0.556818181818182
31	V56	0.625
32	V56	0.659090909090909
33	V56	0.625
34	V56	0.625
35	V56	0.641025641025641
36	V56	0.602564102564103
37	V56	0.581395348837209
38	V56	0.625
39	V56	0.634146341463415
40	V56	0.625
41	V56	0.653846153846154
42	V56	0.525641025641026
43	V56	0.634146341463415
44	V56	0.611111111111111
45	V56	0.590909090909091
46	V56	0.568181818181818
47	V56	0.636363636363636
48	V56	0.569767441860465
49	V56	0.625
50	V56	0.590909090909091
51	V56	0.545454545454545
52	V56	0.581395348837209
53	V56	0.568181818181818
54	V56	0.662790697674419
55	V56	0.647727272727273
56	V56	1
57	V56	0.613636363636364
58	V56	0.579545454545455
59	V56	0.545454545454545
60	V56	0.590909090909091
61	V56	0.613636363636364
62	V56	0.659090909090909
63	V56	0.568181818181818
64	V56	0.738636363636364
65	V56	0.579545454545455
66	V56	0.670454545454545
67	V56	0.681818181818182
68	V56	0.590909090909091
69	V56	0.579545454545455
70	V56	0.579545454545455
71	V56	0.613636363636364
72	V56	0.647727272727273
73	V56	0.636363636363636
74	V56	0.511363636363636
75	V56	0.558139534883721
76	V56	0.590909090909091
77	V56	0.704545454545455
78	V56	0.545454545454545
79	V56	0.590909090909091
80	V56	0.602272727272727
81	V56	0.636363636363636
82	V56	0.593023255813954
83	V56	0.670454545454545
84	V56	0.579545454545455
85	V56	0.670454545454545
86	V56	0.613636363636364
87	V56	0.613636363636364
88	V56	0.613636363636364
89	V56	0.545454545454545
90	V56	0.602272727272727
91	V56	0.670454545454545
92	V56	0.647727272727273
93	V56	0.647727272727273
94	V56	0.625
95	V56	0.636363636363636
96	V56	0.602272727272727
97	V56	0.715909090909091
98	V56	0.63953488372093
99	V56	0.63953488372093
100	V56	0.647727272727273
101	V56	0.579545454545455
102	V56	0.590909090909091
103	V56	0.613636363636364
104	V56	0.590909090909091
105	V56	0.602272727272727
106	V56	0.590909090909091
107	V56	0.522727272727273
108	V56	0.613636363636364
109	V56	0.590909090909091
110	V56	0.636363636363636
111	V56	0.568181818181818
112	V56	0.636363636363636
113	V56	0.579545454545455
114	V56	0.625
115	V56	0.613636363636364
116	V56	0.625
117	V56	0.602272727272727
118	V56	0.670454545454545
119	V56	0.659090909090909
120	V56	0.558139534883721
121	V56	0.590909090909091
122	V56	0.590909090909091
123	V56	0.545454545454545
124	V56	0.636363636363636
125	V56	0.522727272727273
126	V56	0.579545454545455
127	V56	0.545454545454545
128	V56	0.568181818181818
129	V56	0.636363636363636
130	V56	0.659090909090909
131	V56	0.568181818181818
132	V56	0.556818181818182
133	V56	0.556818181818182
134	V56	0.613636363636364
135	V56	0.693181818181818
136	V56	0.704545454545455
137	V56	0.625
138	V56	0.546511627906977
139	V56	0.636363636363636
140	V56	0.522727272727273
141	V56	0.556818181818182
142	V56	0.590909090909091
143	V56	0.602272727272727
144	V56	0.704545454545455
145	V56	0.568181818181818
146	V56	0.613636363636364
147	V56	0.613636363636364
148	V56	0.636363636363636
149	V56	0.545454545454545
1	V57	0.704545454545455
2	V57	0.545454545454545
3	V57	0.556818181818182
4	V57	0.579545454545455
5	V57	0.659090909090909
6	V57	0.602272727272727
7	V57	0.593023255813954
8	V57	0.647727272727273
9	V57	0.593023255813954
10	V57	0.647727272727273
11	V57	0.693181818181818
12	V57	0.602272727272727
13	V57	0.569767441860465
14	V57	0.681818181818182
15	V57	0.613636363636364
16	V57	0.579545454545455
17	V57	0.590909090909091
18	V57	0.558139534883721
19	V57	0.590909090909091
20	V57	0.670454545454545
21	V57	0.568181818181818
22	V57	0.670454545454545
23	V57	0.670454545454545
24	V57	0.659090909090909
25	V57	0.659090909090909
26	V57	0.579545454545455
27	V57	0.715909090909091
28	V57	0.613636363636364
29	V57	0.602272727272727
30	V57	0.647727272727273
31	V57	0.625
32	V57	0.613636363636364
33	V57	0.579545454545455
34	V57	0.556818181818182
35	V57	0.666666666666667
36	V57	0.666666666666667
37	V57	0.569767441860465
38	V57	0.670454545454545
39	V57	0.670731707317073
40	V57	0.65
41	V57	0.615384615384615
42	V57	0.525641025641026
43	V57	0.658536585365854
44	V57	0.597222222222222
45	V57	0.568181818181818
46	V57	0.545454545454545
47	V57	0.613636363636364
48	V57	0.627906976744186
49	V57	0.647727272727273
50	V57	0.636363636363636
51	V57	0.613636363636364
52	V57	0.686046511627907
53	V57	0.659090909090909
54	V57	0.686046511627907
55	V57	0.625
56	V57	0.613636363636364
57	V57	1
58	V57	0.602272727272727
59	V57	0.659090909090909
60	V57	0.636363636363636
61	V57	0.590909090909091
62	V57	0.636363636363636
63	V57	0.659090909090909
64	V57	0.556818181818182
65	V57	0.625
66	V57	0.625
67	V57	0.613636363636364
68	V57	0.590909090909091
69	V57	0.602272727272727
70	V57	0.602272727272727
71	V57	0.568181818181818
72	V57	0.625
73	V57	0.727272727272727
74	V57	0.625
75	V57	0.651162790697674
76	V57	0.704545454545455
77	V57	0.613636363636364
78	V57	0.590909090909091
79	V57	0.613636363636364
80	V57	0.579545454545455
81	V57	0.681818181818182
82	V57	0.558139534883721
83	V57	0.647727272727273
84	V57	0.625
85	V57	0.715909090909091
86	V57	0.613636363636364
87	V57	0.568181818181818
88	V57	0.613636363636364
89	V57	0.613636363636364
90	V57	0.625
91	V57	0.647727272727273
92	V57	0.534090909090909
93	V57	0.625
94	V57	0.647727272727273
95	V57	0.681818181818182
96	V57	0.625
97	V57	0.670454545454545
98	V57	0.662790697674419
99	V57	0.593023255813954
100	V57	0.625
101	V57	0.602272727272727
102	V57	0.636363636363636
103	V57	0.636363636363636
104	V57	0.659090909090909
105	V57	0.579545454545455
106	V57	0.613636363636364
107	V57	0.590909090909091
108	V57	0.659090909090909
109	V57	0.659090909090909
110	V57	0.613636363636364
111	V57	0.681818181818182
112	V57	0.613636363636364
113	V57	0.534090909090909
114	V57	0.602272727272727
115	V57	0.522727272727273
116	V57	0.647727272727273
117	V57	0.602272727272727
118	V57	0.602272727272727
119	V57	0.681818181818182
120	V57	0.63953488372093
121	V57	0.613636363636364
122	V57	0.568181818181818
123	V57	0.545454545454545
124	V57	0.613636363636364
125	V57	0.590909090909091
126	V57	0.488636363636364
127	V57	0.636363636363636
128	V57	0.613636363636364
129	V57	0.545454545454545
130	V57	0.636363636363636
131	V57	0.636363636363636
132	V57	0.670454545454545
133	V57	0.625
134	V57	0.613636363636364
135	V57	0.647727272727273
136	V57	0.704545454545455
137	V57	0.556818181818182
138	V57	0.63953488372093
139	V57	0.613636363636364
140	V57	0.659090909090909
141	V57	0.625
142	V57	0.704545454545455
143	V57	0.693181818181818
144	V57	0.636363636363636
145	V57	0.659090909090909
146	V57	0.568181818181818
147	V57	0.659090909090909
148	V57	0.568181818181818
149	V57	0.636363636363636
1	V58	0.579545454545455
2	V58	0.534090909090909
3	V58	0.636363636363636
4	V58	0.613636363636364
5	V58	0.670454545454545
6	V58	0.545454545454545
7	V58	0.627906976744186
8	V58	0.636363636363636
9	V58	0.476744186046512
10	V58	0.568181818181818
11	V58	0.636363636363636
12	V58	0.613636363636364
13	V58	0.558139534883721
14	V58	0.579545454545455
15	V58	0.556818181818182
16	V58	0.659090909090909
17	V58	0.602272727272727
18	V58	0.593023255813954
19	V58	0.579545454545455
20	V58	0.681818181818182
21	V58	0.625
22	V58	0.613636363636364
23	V58	0.636363636363636
24	V58	0.511363636363636
25	V58	0.556818181818182
26	V58	0.636363636363636
27	V58	0.522727272727273
28	V58	0.625
29	V58	0.681818181818182
30	V58	0.545454545454545
31	V58	0.704545454545455
32	V58	0.625
33	V58	0.613636363636364
34	V58	0.568181818181818
35	V58	0.67948717948718
36	V58	0.551282051282051
37	V58	0.581395348837209
38	V58	0.636363636363636
39	V58	0.536585365853659
40	V58	0.5375
41	V58	0.576923076923077
42	V58	0.487179487179487
43	V58	0.646341463414634
44	V58	0.569444444444444
45	V58	0.625
46	V58	0.556818181818182
47	V58	0.602272727272727
48	V58	0.674418604651163
49	V58	0.613636363636364
50	V58	0.625
51	V58	0.670454545454545
52	V58	0.674418604651163
53	V58	0.625
54	V58	0.581395348837209
55	V58	0.659090909090909
56	V58	0.579545454545455
57	V58	0.602272727272727
58	V58	1
59	V58	0.693181818181818
60	V58	0.534090909090909
61	V58	0.556818181818182
62	V58	0.534090909090909
63	V58	0.556818181818182
64	V58	0.545454545454545
65	V58	0.636363636363636
66	V58	0.590909090909091
67	V58	0.602272727272727
68	V58	0.579545454545455
69	V58	0.681818181818182
70	V58	0.545454545454545
71	V58	0.625
72	V58	0.568181818181818
73	V58	0.602272727272727
74	V58	0.568181818181818
75	V58	0.593023255813954
76	V58	0.602272727272727
77	V58	0.625
78	V58	0.602272727272727
79	V58	0.534090909090909
80	V58	0.5
81	V58	0.602272727272727
82	V58	0.581395348837209
83	V58	0.590909090909091
84	V58	0.613636363636364
85	V58	0.636363636363636
86	V58	0.579545454545455
87	V58	0.579545454545455
88	V58	0.534090909090909
89	V58	0.625
90	V58	0.613636363636364
91	V58	0.590909090909091
92	V58	0.522727272727273
93	V58	0.568181818181818
94	V58	0.522727272727273
95	V58	0.693181818181818
96	V58	0.613636363636364
97	V58	0.568181818181818
98	V58	0.63953488372093
99	V58	0.511627906976744
100	V58	0.590909090909091
101	V58	0.613636363636364
102	V58	0.579545454545455
103	V58	0.602272727272727
104	V58	0.579545454545455
105	V58	0.568181818181818
106	V58	0.647727272727273
107	V58	0.534090909090909
108	V58	0.602272727272727
109	V58	0.602272727272727
110	V58	0.625
111	V58	0.579545454545455
112	V58	0.602272727272727
113	V58	0.659090909090909
114	V58	0.522727272727273
115	V58	0.556818181818182
116	V58	0.727272727272727
117	V58	0.704545454545455
118	V58	0.681818181818182
119	V58	0.647727272727273
120	V58	0.5
121	V58	0.534090909090909
122	V58	0.693181818181818
123	V58	0.579545454545455
124	V58	0.625
125	V58	0.556818181818182
126	V58	0.590909090909091
127	V58	0.647727272727273
128	V58	0.602272727272727
129	V58	0.625
130	V58	0.625
131	V58	0.579545454545455
132	V58	0.545454545454545
133	V58	0.568181818181818
134	V58	0.579545454545455
135	V58	0.659090909090909
136	V58	0.625
137	V58	0.681818181818182
138	V58	0.569767441860465
139	V58	0.534090909090909
140	V58	0.670454545454545
141	V58	0.613636363636364
142	V58	0.602272727272727
143	V58	0.613636363636364
144	V58	0.647727272727273
145	V58	0.602272727272727
146	V58	0.625
147	V58	0.602272727272727
148	V58	0.556818181818182
149	V58	0.647727272727273
1	V59	0.590909090909091
2	V59	0.522727272727273
3	V59	0.670454545454545
4	V59	0.511363636363636
5	V59	0.590909090909091
6	V59	0.579545454545455
7	V59	0.63953488372093
8	V59	0.625
9	V59	0.523255813953488
10	V59	0.647727272727273
11	V59	0.602272727272727
12	V59	0.602272727272727
13	V59	0.627906976744186
14	V59	0.704545454545455
15	V59	0.590909090909091
16	V59	0.579545454545455
17	V59	0.568181818181818
18	V59	0.604651162790698
19	V59	0.545454545454545
20	V59	0.602272727272727
21	V59	0.568181818181818
22	V59	0.602272727272727
23	V59	0.647727272727273
24	V59	0.568181818181818
25	V59	0.590909090909091
26	V59	0.579545454545455
27	V59	0.579545454545455
28	V59	0.659090909090909
29	V59	0.602272727272727
30	V59	0.465909090909091
31	V59	0.579545454545455
32	V59	0.659090909090909
33	V59	0.625
34	V59	0.511363636363636
35	V59	0.602564102564103
36	V59	0.615384615384615
37	V59	0.686046511627907
38	V59	0.579545454545455
39	V59	0.597560975609756
40	V59	0.525
41	V59	0.641025641025641
42	V59	0.5
43	V59	0.621951219512195
44	V59	0.611111111111111
45	V59	0.636363636363636
46	V59	0.590909090909091
47	V59	0.522727272727273
48	V59	0.63953488372093
49	V59	0.625
50	V59	0.636363636363636
51	V59	0.636363636363636
52	V59	0.546511627906977
53	V59	0.613636363636364
54	V59	0.581395348837209
55	V59	0.602272727272727
56	V59	0.545454545454545
57	V59	0.659090909090909
58	V59	0.693181818181818
59	V59	1
60	V59	0.568181818181818
61	V59	0.590909090909091
62	V59	0.590909090909091
63	V59	0.636363636363636
64	V59	0.579545454545455
65	V59	0.693181818181818
66	V59	0.579545454545455
67	V59	0.613636363636364
68	V59	0.613636363636364
69	V59	0.693181818181818
70	V59	0.579545454545455
71	V59	0.704545454545455
72	V59	0.693181818181818
73	V59	0.659090909090909
74	V59	0.488636363636364
75	V59	0.616279069767442
76	V59	0.545454545454545
77	V59	0.613636363636364
78	V59	0.636363636363636
79	V59	0.659090909090909
80	V59	0.465909090909091
81	V59	0.704545454545455
82	V59	0.627906976744186
83	V59	0.625
84	V59	0.693181818181818
85	V59	0.579545454545455
86	V59	0.613636363636364
87	V59	0.590909090909091
88	V59	0.613636363636364
89	V59	0.568181818181818
90	V59	0.647727272727273
91	V59	0.602272727272727
92	V59	0.556818181818182
93	V59	0.534090909090909
94	V59	0.625
95	V59	0.636363636363636
96	V59	0.579545454545455
97	V59	0.579545454545455
98	V59	0.709302325581395
99	V59	0.604651162790698
100	V59	0.556818181818182
101	V59	0.579545454545455
102	V59	0.636363636363636
103	V59	0.613636363636364
104	V59	0.568181818181818
105	V59	0.579545454545455
106	V59	0.681818181818182
107	V59	0.613636363636364
108	V59	0.681818181818182
109	V59	0.681818181818182
110	V59	0.636363636363636
111	V59	0.590909090909091
112	V59	0.590909090909091
113	V59	0.602272727272727
114	V59	0.534090909090909
115	V59	0.568181818181818
116	V59	0.647727272727273
117	V59	0.625
118	V59	0.647727272727273
119	V59	0.636363636363636
120	V59	0.581395348837209
121	V59	0.636363636363636
122	V59	0.590909090909091
123	V59	0.545454545454545
124	V59	0.545454545454545
125	V59	0.568181818181818
126	V59	0.625
127	V59	0.704545454545455
128	V59	0.590909090909091
129	V59	0.568181818181818
130	V59	0.636363636363636
131	V59	0.545454545454545
132	V59	0.534090909090909
133	V59	0.693181818181818
134	V59	0.636363636363636
135	V59	0.625
136	V59	0.590909090909091
137	V59	0.602272727272727
138	V59	0.569767441860465
139	V59	0.545454545454545
140	V59	0.568181818181818
141	V59	0.534090909090909
142	V59	0.613636363636364
143	V59	0.625
144	V59	0.636363636363636
145	V59	0.636363636363636
146	V59	0.568181818181818
147	V59	0.681818181818182
148	V59	0.590909090909091
149	V59	0.590909090909091
1	V60	0.522727272727273
2	V60	0.5
3	V60	0.625
4	V60	0.579545454545455
5	V60	0.659090909090909
6	V60	0.534090909090909
7	V60	0.569767441860465
8	V60	0.670454545454545
9	V60	0.604651162790698
10	V60	0.625
11	V60	0.647727272727273
12	V60	0.625
13	V60	0.686046511627907
14	V60	0.659090909090909
15	V60	0.568181818181818
16	V60	0.579545454545455
17	V60	0.704545454545455
18	V60	0.581395348837209
19	V60	0.545454545454545
20	V60	0.579545454545455
21	V60	0.613636363636364
22	V60	0.693181818181818
23	V60	0.602272727272727
24	V60	0.568181818181818
25	V60	0.613636363636364
26	V60	0.602272727272727
27	V60	0.602272727272727
28	V60	0.681818181818182
29	V60	0.647727272727273
30	V60	0.647727272727273
31	V60	0.625
32	V60	0.636363636363636
33	V60	0.670454545454545
34	V60	0.534090909090909
35	V60	0.641025641025641
36	V60	0.717948717948718
37	V60	0.593023255813954
38	V60	0.693181818181818
39	V60	0.621951219512195
40	V60	0.6125
41	V60	0.67948717948718
42	V60	0.717948717948718
43	V60	0.621951219512195
44	V60	0.638888888888889
45	V60	0.568181818181818
46	V60	0.636363636363636
47	V60	0.568181818181818
48	V60	0.627906976744186
49	V60	0.670454545454545
50	V60	0.659090909090909
51	V60	0.659090909090909
52	V60	0.651162790697674
53	V60	0.613636363636364
54	V60	0.616279069767442
55	V60	0.625
56	V60	0.590909090909091
57	V60	0.636363636363636
58	V60	0.534090909090909
59	V60	0.568181818181818
60	V60	1
61	V60	0.568181818181818
62	V60	0.590909090909091
63	V60	0.613636363636364
64	V60	0.579545454545455
65	V60	0.647727272727273
66	V60	0.602272727272727
67	V60	0.659090909090909
68	V60	0.636363636363636
69	V60	0.602272727272727
70	V60	0.625
71	V60	0.590909090909091
72	V60	0.647727272727273
73	V60	0.681818181818182
74	V60	0.715909090909091
75	V60	0.651162790697674
76	V60	0.636363636363636
77	V60	0.681818181818182
78	V60	0.613636363636364
79	V60	0.613636363636364
80	V60	0.534090909090909
81	V60	0.590909090909091
82	V60	0.662790697674419
83	V60	0.647727272727273
84	V60	0.670454545454545
85	V60	0.670454545454545
86	V60	0.636363636363636
87	V60	0.659090909090909
88	V60	0.659090909090909
89	V60	0.545454545454545
90	V60	0.602272727272727
91	V60	0.556818181818182
92	V60	0.693181818181818
93	V60	0.602272727272727
94	V60	0.511363636363636
95	V60	0.636363636363636
96	V60	0.625
97	V60	0.693181818181818
98	V60	0.581395348837209
99	V60	0.63953488372093
100	V60	0.602272727272727
101	V60	0.715909090909091
102	V60	0.727272727272727
103	V60	0.568181818181818
104	V60	0.590909090909091
105	V60	0.602272727272727
106	V60	0.636363636363636
107	V60	0.590909090909091
108	V60	0.704545454545455
109	V60	0.613636363636364
110	V60	0.681818181818182
111	V60	0.636363636363636
112	V60	0.636363636363636
113	V60	0.579545454545455
114	V60	0.579545454545455
115	V60	0.568181818181818
116	V60	0.670454545454545
117	V60	0.647727272727273
118	V60	0.602272727272727
119	V60	0.659090909090909
120	V60	0.651162790697674
121	V60	0.590909090909091
122	V60	0.613636363636364
123	V60	0.659090909090909
124	V60	0.568181818181818
125	V60	0.681818181818182
126	V60	0.556818181818182
127	V60	0.613636363636364
128	V60	0.590909090909091
129	V60	0.568181818181818
130	V60	0.704545454545455
131	V60	0.636363636363636
132	V60	0.670454545454545
133	V60	0.579545454545455
134	V60	0.613636363636364
135	V60	0.693181818181818
136	V60	0.659090909090909
137	V60	0.579545454545455
138	V60	0.674418604651163
139	V60	0.613636363636364
140	V60	0.636363636363636
141	V60	0.647727272727273
142	V60	0.659090909090909
143	V60	0.693181818181818
144	V60	0.568181818181818
145	V60	0.659090909090909
146	V60	0.590909090909091
147	V60	0.704545454545455
148	V60	0.613636363636364
149	V60	0.568181818181818
1	V61	0.568181818181818
2	V61	0.545454545454545
3	V61	0.625
4	V61	0.579545454545455
5	V61	0.613636363636364
6	V61	0.556818181818182
7	V61	0.558139534883721
8	V61	0.715909090909091
9	V61	0.604651162790698
10	V61	0.534090909090909
11	V61	0.602272727272727
12	V61	0.625
13	V61	0.558139534883721
14	V61	0.568181818181818
15	V61	0.568181818181818
16	V61	0.511363636363636
17	V61	0.704545454545455
18	V61	0.616279069767442
19	V61	0.522727272727273
20	V61	0.625
21	V61	0.568181818181818
22	V61	0.602272727272727
23	V61	0.488636363636364
24	V61	0.5
25	V61	0.568181818181818
26	V61	0.511363636363636
27	V61	0.647727272727273
28	V61	0.659090909090909
29	V61	0.647727272727273
30	V61	0.534090909090909
31	V61	0.579545454545455
32	V61	0.613636363636364
33	V61	0.579545454545455
34	V61	0.556818181818182
35	V61	0.653846153846154
36	V61	0.576923076923077
37	V61	0.581395348837209
38	V61	0.715909090909091
39	V61	0.560975609756098
40	V61	0.55
41	V61	0.58974358974359
42	V61	0.512820512820513
43	V61	0.634146341463415
44	V61	0.5
45	V61	0.636363636363636
46	V61	0.568181818181818
47	V61	0.613636363636364
48	V61	0.593023255813954
49	V61	0.625
50	V61	0.613636363636364
51	V61	0.568181818181818
52	V61	0.558139534883721
53	V61	0.568181818181818
54	V61	0.651162790697674
55	V61	0.625
56	V61	0.613636363636364
57	V61	0.590909090909091
58	V61	0.556818181818182
59	V61	0.590909090909091
60	V61	0.568181818181818
61	V61	1
62	V61	0.522727272727273
63	V61	0.545454545454545
64	V61	0.625
65	V61	0.625
66	V61	0.647727272727273
67	V61	0.636363636363636
68	V61	0.522727272727273
69	V61	0.579545454545455
70	V61	0.602272727272727
71	V61	0.704545454545455
72	V61	0.579545454545455
73	V61	0.613636363636364
74	V61	0.579545454545455
75	V61	0.616279069767442
76	V61	0.545454545454545
77	V61	0.613636363636364
78	V61	0.590909090909091
79	V61	0.522727272727273
80	V61	0.625
81	V61	0.590909090909091
82	V61	0.569767441860465
83	V61	0.602272727272727
84	V61	0.579545454545455
85	V61	0.647727272727273
86	V61	0.545454545454545
87	V61	0.5
88	V61	0.590909090909091
89	V61	0.545454545454545
90	V61	0.625
91	V61	0.556818181818182
92	V61	0.556818181818182
93	V61	0.602272727272727
94	V61	0.602272727272727
95	V61	0.636363636363636
96	V61	0.602272727272727
97	V61	0.579545454545455
98	V61	0.686046511627907
99	V61	0.558139534883721
100	V61	0.602272727272727
101	V61	0.579545454545455
102	V61	0.590909090909091
103	V61	0.659090909090909
104	V61	0.5
105	V61	0.625
106	V61	0.636363636363636
107	V61	0.568181818181818
108	V61	0.636363636363636
109	V61	0.545454545454545
110	V61	0.636363636363636
111	V61	0.568181818181818
112	V61	0.613636363636364
113	V61	0.602272727272727
114	V61	0.556818181818182
115	V61	0.522727272727273
116	V61	0.693181818181818
117	V61	0.579545454545455
118	V61	0.579545454545455
119	V61	0.704545454545455
120	V61	0.534883720930233
121	V61	0.568181818181818
122	V61	0.545454545454545
123	V61	0.590909090909091
124	V61	0.522727272727273
125	V61	0.590909090909091
126	V61	0.534090909090909
127	V61	0.613636363636364
128	V61	0.659090909090909
129	V61	0.613636363636364
130	V61	0.613636363636364
131	V61	0.636363636363636
132	V61	0.670454545454545
133	V61	0.602272727272727
134	V61	0.545454545454545
135	V61	0.602272727272727
136	V61	0.613636363636364
137	V61	0.534090909090909
138	V61	0.569767441860465
139	V61	0.522727272727273
140	V61	0.659090909090909
141	V61	0.579545454545455
142	V61	0.545454545454545
143	V61	0.693181818181818
144	V61	0.522727272727273
145	V61	0.568181818181818
146	V61	0.568181818181818
147	V61	0.636363636363636
148	V61	0.568181818181818
149	V61	0.5
1	V62	0.613636363636364
2	V62	0.636363636363636
3	V62	0.693181818181818
4	V62	0.602272727272727
5	V62	0.568181818181818
6	V62	0.511363636363636
7	V62	0.651162790697674
8	V62	0.602272727272727
9	V62	0.616279069767442
10	V62	0.556818181818182
11	V62	0.625
12	V62	0.556818181818182
13	V62	0.569767441860465
14	V62	0.568181818181818
15	V62	0.545454545454545
16	V62	0.579545454545455
17	V62	0.568181818181818
18	V62	0.616279069767442
19	V62	0.522727272727273
20	V62	0.670454545454545
21	V62	0.568181818181818
22	V62	0.602272727272727
23	V62	0.647727272727273
24	V62	0.568181818181818
25	V62	0.613636363636364
26	V62	0.625
27	V62	0.625
28	V62	0.590909090909091
29	V62	0.511363636363636
30	V62	0.602272727272727
31	V62	0.602272727272727
32	V62	0.568181818181818
33	V62	0.647727272727273
34	V62	0.647727272727273
35	V62	0.602564102564103
36	V62	0.576923076923077
37	V62	0.651162790697674
38	V62	0.602272727272727
39	V62	0.51219512195122
40	V62	0.7125
41	V62	0.641025641025641
42	V62	0.576923076923077
43	V62	0.658536585365854
44	V62	0.5
45	V62	0.704545454545455
46	V62	0.5
47	V62	0.590909090909091
48	V62	0.558139534883721
49	V62	0.534090909090909
50	V62	0.613636363636364
51	V62	0.613636363636364
52	V62	0.604651162790698
53	V62	0.613636363636364
54	V62	0.546511627906977
55	V62	0.693181818181818
56	V62	0.659090909090909
57	V62	0.636363636363636
58	V62	0.534090909090909
59	V62	0.590909090909091
60	V62	0.590909090909091
61	V62	0.522727272727273
62	V62	1
63	V62	0.5
64	V62	0.647727272727273
65	V62	0.579545454545455
66	V62	0.534090909090909
67	V62	0.613636363636364
68	V62	0.590909090909091
69	V62	0.556818181818182
70	V62	0.511363636363636
71	V62	0.545454545454545
72	V62	0.693181818181818
73	V62	0.636363636363636
74	V62	0.625
75	V62	0.627906976744186
76	V62	0.613636363636364
77	V62	0.568181818181818
78	V62	0.477272727272727
79	V62	0.613636363636364
80	V62	0.534090909090909
81	V62	0.704545454545455
82	V62	0.581395348837209
83	V62	0.670454545454545
84	V62	0.579545454545455
85	V62	0.625
86	V62	0.590909090909091
87	V62	0.568181818181818
88	V62	0.590909090909091
89	V62	0.590909090909091
90	V62	0.670454545454545
91	V62	0.602272727272727
92	V62	0.647727272727273
93	V62	0.556818181818182
94	V62	0.647727272727273
95	V62	0.590909090909091
96	V62	0.602272727272727
97	V62	0.647727272727273
98	V62	0.63953488372093
99	V62	0.593023255813954
100	V62	0.556818181818182
101	V62	0.534090909090909
102	V62	0.522727272727273
103	V62	0.568181818181818
104	V62	0.590909090909091
105	V62	0.579545454545455
106	V62	0.568181818181818
107	V62	0.613636363636364
108	V62	0.636363636363636
109	V62	0.545454545454545
110	V62	0.681818181818182
111	V62	0.545454545454545
112	V62	0.590909090909091
113	V62	0.579545454545455
114	V62	0.534090909090909
115	V62	0.636363636363636
116	V62	0.556818181818182
117	V62	0.511363636363636
118	V62	0.625
119	V62	0.590909090909091
120	V62	0.569767441860465
121	V62	0.590909090909091
122	V62	0.636363636363636
123	V62	0.5
124	V62	0.522727272727273
125	V62	0.613636363636364
126	V62	0.488636363636364
127	V62	0.590909090909091
128	V62	0.590909090909091
129	V62	0.636363636363636
130	V62	0.590909090909091
131	V62	0.590909090909091
132	V62	0.602272727272727
133	V62	0.556818181818182
134	V62	0.704545454545455
135	V62	0.625
136	V62	0.636363636363636
137	V62	0.511363636363636
138	V62	0.63953488372093
139	V62	0.704545454545455
140	V62	0.590909090909091
141	V62	0.420454545454545
142	V62	0.590909090909091
143	V62	0.625
144	V62	0.568181818181818
145	V62	0.613636363636364
146	V62	0.545454545454545
147	V62	0.636363636363636
148	V62	0.545454545454545
149	V62	0.545454545454545
1	V63	0.636363636363636
2	V63	0.477272727272727
3	V63	0.534090909090909
4	V63	0.670454545454545
5	V63	0.590909090909091
6	V63	0.534090909090909
7	V63	0.558139534883721
8	V63	0.579545454545455
9	V63	0.523255813953488
10	V63	0.602272727272727
11	V63	0.625
12	V63	0.579545454545455
13	V63	0.581395348837209
14	V63	0.636363636363636
15	V63	0.590909090909091
16	V63	0.579545454545455
17	V63	0.568181818181818
18	V63	0.616279069767442
19	V63	0.636363636363636
20	V63	0.625
21	V63	0.613636363636364
22	V63	0.625
23	V63	0.602272727272727
24	V63	0.636363636363636
25	V63	0.545454545454545
26	V63	0.511363636363636
27	V63	0.625
28	V63	0.590909090909091
29	V63	0.670454545454545
30	V63	0.534090909090909
31	V63	0.534090909090909
32	V63	0.590909090909091
33	V63	0.602272727272727
34	V63	0.465909090909091
35	V63	0.576923076923077
36	V63	0.666666666666667
37	V63	0.488372093023256
38	V63	0.647727272727273
39	V63	0.646341463414634
40	V63	0.6625
41	V63	0.67948717948718
42	V63	0.576923076923077
43	V63	0.560975609756098
44	V63	0.680555555555556
45	V63	0.522727272727273
46	V63	0.659090909090909
47	V63	0.477272727272727
48	V63	0.686046511627907
49	V63	0.715909090909091
50	V63	0.613636363636364
51	V63	0.522727272727273
52	V63	0.627906976744186
53	V63	0.590909090909091
54	V63	0.651162790697674
55	V63	0.602272727272727
56	V63	0.568181818181818
57	V63	0.659090909090909
58	V63	0.556818181818182
59	V63	0.636363636363636
60	V63	0.613636363636364
61	V63	0.545454545454545
62	V63	0.5
63	V63	1
64	V63	0.556818181818182
65	V63	0.647727272727273
66	V63	0.579545454545455
67	V63	0.568181818181818
68	V63	0.5
69	V63	0.602272727272727
70	V63	0.625
71	V63	0.545454545454545
72	V63	0.579545454545455
73	V63	0.568181818181818
74	V63	0.602272727272727
75	V63	0.662790697674419
76	V63	0.545454545454545
77	V63	0.681818181818182
78	V63	0.681818181818182
79	V63	0.545454545454545
80	V63	0.579545454545455
81	V63	0.659090909090909
82	V63	0.604651162790698
83	V63	0.625
84	V63	0.579545454545455
85	V63	0.625
86	V63	0.613636363636364
87	V63	0.636363636363636
88	V63	0.636363636363636
89	V63	0.681818181818182
90	V63	0.602272727272727
91	V63	0.602272727272727
92	V63	0.579545454545455
93	V63	0.647727272727273
94	V63	0.534090909090909
95	V63	0.613636363636364
96	V63	0.670454545454545
97	V63	0.625
98	V63	0.593023255813954
99	V63	0.604651162790698
100	V63	0.693181818181818
101	V63	0.625
102	V63	0.568181818181818
103	V63	0.568181818181818
104	V63	0.590909090909091
105	V63	0.443181818181818
106	V63	0.659090909090909
107	V63	0.568181818181818
108	V63	0.613636363636364
109	V63	0.727272727272727
110	V63	0.5
111	V63	0.613636363636364
112	V63	0.704545454545455
113	V63	0.579545454545455
114	V63	0.693181818181818
115	V63	0.568181818181818
116	V63	0.625
117	V63	0.625
118	V63	0.579545454545455
119	V63	0.522727272727273
120	V63	0.627906976744186
121	V63	0.636363636363636
122	V63	0.568181818181818
123	V63	0.545454545454545
124	V63	0.659090909090909
125	V63	0.613636363636364
126	V63	0.556818181818182
127	V63	0.659090909090909
128	V63	0.545454545454545
129	V63	0.545454545454545
130	V63	0.613636363636364
131	V63	0.590909090909091
132	V63	0.602272727272727
133	V63	0.556818181818182
134	V63	0.568181818181818
135	V63	0.556818181818182
136	V63	0.590909090909091
137	V63	0.556818181818182
138	V63	0.546511627906977
139	V63	0.568181818181818
140	V63	0.613636363636364
141	V63	0.625
142	V63	0.636363636363636
143	V63	0.579545454545455
144	V63	0.659090909090909
145	V63	0.636363636363636
146	V63	0.568181818181818
147	V63	0.613636363636364
148	V63	0.613636363636364
149	V63	0.568181818181818
1	V64	0.625
2	V64	0.693181818181818
3	V64	0.590909090909091
4	V64	0.568181818181818
5	V64	0.602272727272727
6	V64	0.590909090909091
7	V64	0.755813953488372
8	V64	0.704545454545455
9	V64	0.662790697674419
10	V64	0.613636363636364
11	V64	0.613636363636364
12	V64	0.681818181818182
13	V64	0.662790697674419
14	V64	0.625
15	V64	0.556818181818182
16	V64	0.613636363636364
17	V64	0.647727272727273
18	V64	0.697674418604651
19	V64	0.670454545454545
20	V64	0.636363636363636
21	V64	0.647727272727273
22	V64	0.613636363636364
23	V64	0.568181818181818
24	V64	0.625
25	V64	0.625
26	V64	0.613636363636364
27	V64	0.659090909090909
28	V64	0.625
29	V64	0.613636363636364
30	V64	0.568181818181818
31	V64	0.590909090909091
32	V64	0.534090909090909
33	V64	0.636363636363636
34	V64	0.590909090909091
35	V64	0.628205128205128
36	V64	0.564102564102564
37	V64	0.569767441860465
38	V64	0.613636363636364
39	V64	0.658536585365854
40	V64	0.6875
41	V64	0.717948717948718
42	V64	0.512820512820513
43	V64	0.634146341463415
44	V64	0.527777777777778
45	V64	0.693181818181818
46	V64	0.625
47	V64	0.647727272727273
48	V64	0.569767441860465
49	V64	0.545454545454545
50	V64	0.647727272727273
51	V64	0.602272727272727
52	V64	0.546511627906977
53	V64	0.602272727272727
54	V64	0.686046511627907
55	V64	0.659090909090909
56	V64	0.738636363636364
57	V64	0.556818181818182
58	V64	0.545454545454545
59	V64	0.579545454545455
60	V64	0.579545454545455
61	V64	0.625
62	V64	0.647727272727273
63	V64	0.556818181818182
64	V64	1
65	V64	0.636363636363636
66	V64	0.636363636363636
67	V64	0.670454545454545
68	V64	0.534090909090909
69	V64	0.545454545454545
70	V64	0.590909090909091
71	V64	0.693181818181818
72	V64	0.704545454545455
73	V64	0.602272727272727
74	V64	0.5
75	V64	0.627906976744186
76	V64	0.556818181818182
77	V64	0.693181818181818
78	V64	0.579545454545455
79	V64	0.556818181818182
80	V64	0.636363636363636
81	V64	0.647727272727273
82	V64	0.604651162790698
83	V64	0.613636363636364
84	V64	0.681818181818182
85	V64	0.636363636363636
86	V64	0.693181818181818
87	V64	0.625
88	V64	0.647727272727273
89	V64	0.579545454545455
90	V64	0.636363636363636
91	V64	0.636363636363636
92	V64	0.636363636363636
93	V64	0.704545454545455
94	V64	0.636363636363636
95	V64	0.556818181818182
96	V64	0.681818181818182
97	V64	0.659090909090909
98	V64	0.697674418604651
99	V64	0.616279069767442
100	V64	0.590909090909091
101	V64	0.590909090909091
102	V64	0.625
103	V64	0.579545454545455
104	V64	0.534090909090909
105	V64	0.636363636363636
106	V64	0.625
107	V64	0.556818181818182
108	V64	0.670454545454545
109	V64	0.625
110	V64	0.670454545454545
111	V64	0.579545454545455
112	V64	0.625
113	V64	0.636363636363636
114	V64	0.613636363636364
115	V64	0.647727272727273
116	V64	0.659090909090909
117	V64	0.568181818181818
118	V64	0.659090909090909
119	V64	0.647727272727273
120	V64	0.546511627906977
121	V64	0.670454545454545
122	V64	0.625
123	V64	0.556818181818182
124	V64	0.579545454545455
125	V64	0.625
126	V64	0.613636363636364
127	V64	0.579545454545455
128	V64	0.602272727272727
129	V64	0.670454545454545
130	V64	0.579545454545455
131	V64	0.579545454545455
132	V64	0.613636363636364
133	V64	0.568181818181818
134	V64	0.625
135	V64	0.659090909090909
136	V64	0.625
137	V64	0.590909090909091
138	V64	0.651162790697674
139	V64	0.625
140	V64	0.511363636363636
141	V64	0.5
142	V64	0.625
143	V64	0.681818181818182
144	V64	0.670454545454545
145	V64	0.579545454545455
146	V64	0.625
147	V64	0.670454545454545
148	V64	0.647727272727273
149	V64	0.534090909090909
1	V65	0.625
2	V65	0.556818181818182
3	V65	0.636363636363636
4	V65	0.636363636363636
5	V65	0.670454545454545
6	V65	0.613636363636364
7	V65	0.651162790697674
8	V65	0.659090909090909
9	V65	0.581395348837209
10	V65	0.568181818181818
11	V65	0.681818181818182
12	V65	0.704545454545455
13	V65	0.616279069767442
14	V65	0.670454545454545
15	V65	0.579545454545455
16	V65	0.681818181818182
17	V65	0.647727272727273
18	V65	0.616279069767442
19	V65	0.602272727272727
20	V65	0.681818181818182
21	V65	0.602272727272727
22	V65	0.613636363636364
23	V65	0.704545454545455
24	V65	0.647727272727273
25	V65	0.647727272727273
26	V65	0.659090909090909
27	V65	0.659090909090909
28	V65	0.670454545454545
29	V65	0.727272727272727
30	V65	0.659090909090909
31	V65	0.613636363636364
32	V65	0.670454545454545
33	V65	0.636363636363636
34	V65	0.636363636363636
35	V65	0.67948717948718
36	V65	0.692307692307692
37	V65	0.581395348837209
38	V65	0.75
39	V65	0.707317073170732
40	V65	0.6625
41	V65	0.743589743589744
42	V65	0.628205128205128
43	V65	0.74390243902439
44	V65	0.638888888888889
45	V65	0.670454545454545
46	V65	0.693181818181818
47	V65	0.693181818181818
48	V65	0.709302325581395
49	V65	0.659090909090909
50	V65	0.670454545454545
51	V65	0.647727272727273
52	V65	0.662790697674419
53	V65	0.602272727272727
54	V65	0.63953488372093
55	V65	0.613636363636364
56	V65	0.579545454545455
57	V65	0.625
58	V65	0.636363636363636
59	V65	0.693181818181818
60	V65	0.647727272727273
61	V65	0.625
62	V65	0.579545454545455
63	V65	0.647727272727273
64	V65	0.636363636363636
65	V65	1
66	V65	0.568181818181818
67	V65	0.670454545454545
68	V65	0.602272727272727
69	V65	0.613636363636364
70	V65	0.613636363636364
71	V65	0.670454545454545
72	V65	0.613636363636364
73	V65	0.670454545454545
74	V65	0.613636363636364
75	V65	0.674418604651163
76	V65	0.625
77	V65	0.693181818181818
78	V65	0.556818181818182
79	V65	0.534090909090909
80	V65	0.522727272727273
81	V65	0.715909090909091
82	V65	0.709302325581395
83	V65	0.659090909090909
84	V65	0.75
85	V65	0.636363636363636
86	V65	0.670454545454545
87	V65	0.579545454545455
88	V65	0.693181818181818
89	V65	0.625
90	V65	0.704545454545455
91	V65	0.659090909090909
92	V65	0.659090909090909
93	V65	0.681818181818182
94	V65	0.590909090909091
95	V65	0.670454545454545
96	V65	0.681818181818182
97	V65	0.636363636363636
98	V65	0.63953488372093
99	V65	0.63953488372093
100	V65	0.681818181818182
101	V65	0.681818181818182
102	V65	0.625
103	V65	0.625
104	V65	0.488636363636364
105	V65	0.659090909090909
106	V65	0.693181818181818
107	V65	0.602272727272727
108	V65	0.670454545454545
109	V65	0.715909090909091
110	V65	0.647727272727273
111	V65	0.647727272727273
112	V65	0.693181818181818
113	V65	0.613636363636364
114	V65	0.659090909090909
115	V65	0.625
116	V65	0.704545454545455
117	V65	0.636363636363636
118	V65	0.636363636363636
119	V65	0.670454545454545
120	V65	0.616279069767442
121	V65	0.693181818181818
122	V65	0.670454545454545
123	V65	0.625
124	V65	0.647727272727273
125	V65	0.738636363636364
126	V65	0.613636363636364
127	V65	0.693181818181818
128	V65	0.738636363636364
129	V65	0.670454545454545
130	V65	0.625
131	V65	0.602272727272727
132	V65	0.636363636363636
133	V65	0.613636363636364
134	V65	0.693181818181818
135	V65	0.636363636363636
136	V65	0.647727272727273
137	V65	0.704545454545455
138	V65	0.593023255813954
139	V65	0.693181818181818
140	V65	0.625
141	V65	0.681818181818182
142	V65	0.647727272727273
143	V65	0.659090909090909
144	V65	0.625
145	V65	0.806818181818182
146	V65	0.693181818181818
147	V65	0.670454545454545
148	V65	0.647727272727273
149	V65	0.647727272727273
1	V66	0.602272727272727
2	V66	0.625
3	V66	0.545454545454545
4	V66	0.545454545454545
5	V66	0.556818181818182
6	V66	0.636363636363636
7	V66	0.616279069767442
8	V66	0.659090909090909
9	V66	0.651162790697674
10	V66	0.590909090909091
11	V66	0.613636363636364
12	V66	0.590909090909091
13	V66	0.511627906976744
14	V66	0.715909090909091
15	V66	0.625
16	V66	0.568181818181818
17	V66	0.647727272727273
18	V66	0.558139534883721
19	V66	0.693181818181818
20	V66	0.636363636363636
21	V66	0.602272727272727
22	V66	0.613636363636364
23	V66	0.545454545454545
24	V66	0.602272727272727
25	V66	0.647727272727273
26	V66	0.590909090909091
27	V66	0.590909090909091
28	V66	0.647727272727273
29	V66	0.568181818181818
30	V66	0.522727272727273
31	V66	0.568181818181818
32	V66	0.602272727272727
33	V66	0.568181818181818
34	V66	0.590909090909091
35	V66	0.58974358974359
36	V66	0.628205128205128
37	V66	0.569767441860465
38	V66	0.613636363636364
39	V66	0.573170731707317
40	V66	0.55
41	V66	0.692307692307692
42	V66	0.525641025641026
43	V66	0.573170731707317
44	V66	0.527777777777778
45	V66	0.534090909090909
46	V66	0.602272727272727
47	V66	0.602272727272727
48	V66	0.581395348837209
49	V66	0.681818181818182
50	V66	0.556818181818182
51	V66	0.511363636363636
52	V66	0.534883720930233
53	V66	0.670454545454545
54	V66	0.697674418604651
55	V66	0.590909090909091
56	V66	0.670454545454545
57	V66	0.625
58	V66	0.590909090909091
59	V66	0.579545454545455
60	V66	0.602272727272727
61	V66	0.647727272727273
62	V66	0.534090909090909
63	V66	0.579545454545455
64	V66	0.636363636363636
65	V66	0.568181818181818
66	V66	1
67	V66	0.625
68	V66	0.579545454545455
69	V66	0.636363636363636
70	V66	0.613636363636364
71	V66	0.693181818181818
72	V66	0.568181818181818
73	V66	0.602272727272727
74	V66	0.568181818181818
75	V66	0.63953488372093
76	V66	0.647727272727273
77	V66	0.693181818181818
78	V66	0.579545454545455
79	V66	0.602272727272727
80	V66	0.613636363636364
81	V66	0.579545454545455
82	V66	0.616279069767442
83	V66	0.613636363636364
84	V66	0.590909090909091
85	V66	0.613636363636364
86	V66	0.670454545454545
87	V66	0.693181818181818
88	V66	0.602272727272727
89	V66	0.534090909090909
90	V66	0.613636363636364
91	V66	0.568181818181818
92	V66	0.613636363636364
93	V66	0.636363636363636
94	V66	0.568181818181818
95	V66	0.693181818181818
96	V66	0.590909090909091
97	V66	0.659090909090909
98	V66	0.616279069767442
99	V66	0.627906976744186
100	V66	0.545454545454545
101	V66	0.590909090909091
102	V66	0.556818181818182
103	V66	0.602272727272727
104	V66	0.488636363636364
105	V66	0.659090909090909
106	V66	0.625
107	V66	0.579545454545455
108	V66	0.670454545454545
109	V66	0.670454545454545
110	V66	0.625
111	V66	0.602272727272727
112	V66	0.625
113	V66	0.636363636363636
114	V66	0.568181818181818
115	V66	0.556818181818182
116	V66	0.704545454545455
117	V66	0.545454545454545
118	V66	0.522727272727273
119	V66	0.670454545454545
120	V66	0.662790697674419
121	V66	0.625
122	V66	0.556818181818182
123	V66	0.534090909090909
124	V66	0.625
125	V66	0.625
126	V66	0.568181818181818
127	V66	0.647727272727273
128	V66	0.625
129	V66	0.534090909090909
130	V66	0.625
131	V66	0.511363636363636
132	V66	0.522727272727273
133	V66	0.568181818181818
134	V66	0.579545454545455
135	V66	0.636363636363636
136	V66	0.693181818181818
137	V66	0.568181818181818
138	V66	0.63953488372093
139	V66	0.579545454545455
140	V66	0.625
141	V66	0.568181818181818
142	V66	0.579545454545455
143	V66	0.659090909090909
144	V66	0.602272727272727
145	V66	0.579545454545455
146	V66	0.602272727272727
147	V66	0.670454545454545
148	V66	0.670454545454545
149	V66	0.556818181818182
1	V67	0.568181818181818
2	V67	0.727272727272727
3	V67	0.647727272727273
4	V67	0.602272727272727
5	V67	0.681818181818182
6	V67	0.693181818181818
7	V67	0.616279069767442
8	V67	0.670454545454545
9	V67	0.627906976744186
10	V67	0.602272727272727
11	V67	0.647727272727273
12	V67	0.670454545454545
13	V67	0.604651162790698
14	V67	0.636363636363636
15	V67	0.545454545454545
16	V67	0.625
17	V67	0.681818181818182
18	V67	0.581395348837209
19	V67	0.636363636363636
20	V67	0.625
21	V67	0.681818181818182
22	V67	0.647727272727273
23	V67	0.693181818181818
24	V67	0.613636363636364
25	V67	0.613636363636364
26	V67	0.647727272727273
27	V67	0.579545454545455
28	V67	0.727272727272727
29	V67	0.647727272727273
30	V67	0.625
31	V67	0.556818181818182
32	V67	0.590909090909091
33	V67	0.625
34	V67	0.625
35	V67	0.628205128205128
36	V67	0.615384615384615
37	V67	0.63953488372093
38	V67	0.715909090909091
39	V67	0.621951219512195
40	V67	0.7
41	V67	0.641025641025641
42	V67	0.628205128205128
43	V67	0.634146341463415
44	V67	0.611111111111111
45	V67	0.636363636363636
46	V67	0.5
47	V67	0.636363636363636
48	V67	0.709302325581395
49	V67	0.602272727272727
50	V67	0.681818181818182
51	V67	0.704545454545455
52	V67	0.662790697674419
53	V67	0.568181818181818
54	V67	0.627906976744186
55	V67	0.602272727272727
56	V67	0.681818181818182
57	V67	0.613636363636364
58	V67	0.602272727272727
59	V67	0.613636363636364
60	V67	0.659090909090909
61	V67	0.636363636363636
62	V67	0.613636363636364
63	V67	0.568181818181818
64	V67	0.670454545454545
65	V67	0.670454545454545
66	V67	0.625
67	V67	1
68	V67	0.659090909090909
69	V67	0.579545454545455
70	V67	0.534090909090909
71	V67	0.704545454545455
72	V67	0.602272727272727
73	V67	0.613636363636364
74	V67	0.625
75	V67	0.593023255813954
76	V67	0.681818181818182
77	V67	0.704545454545455
78	V67	0.590909090909091
79	V67	0.568181818181818
80	V67	0.556818181818182
81	V67	0.636363636363636
82	V67	0.732558139534884
83	V67	0.579545454545455
84	V67	0.625
85	V67	0.625
86	V67	0.590909090909091
87	V67	0.727272727272727
88	V67	0.636363636363636
89	V67	0.545454545454545
90	V67	0.625
91	V67	0.602272727272727
92	V67	0.647727272727273
93	V67	0.670454545454545
94	V67	0.579545454545455
95	V67	0.659090909090909
96	V67	0.670454545454545
97	V67	0.693181818181818
98	V67	0.616279069767442
99	V67	0.720930232558139
100	V67	0.602272727272727
101	V67	0.602272727272727
102	V67	0.727272727272727
103	V67	0.568181818181818
104	V67	0.477272727272727
105	V67	0.625
106	V67	0.681818181818182
107	V67	0.613636363636364
108	V67	0.727272727272727
109	V67	0.659090909090909
110	V67	0.704545454545455
111	V67	0.613636363636364
112	V67	0.636363636363636
113	V67	0.625
114	V67	0.693181818181818
115	V67	0.590909090909091
116	V67	0.715909090909091
117	V67	0.625
118	V67	0.579545454545455
119	V67	0.659090909090909
120	V67	0.627906976744186
121	V67	0.659090909090909
122	V67	0.613636363636364
123	V67	0.568181818181818
124	V67	0.636363636363636
125	V67	0.681818181818182
126	V67	0.625
127	V67	0.659090909090909
128	V67	0.704545454545455
129	V67	0.681818181818182
130	V67	0.636363636363636
131	V67	0.681818181818182
132	V67	0.625
133	V67	0.579545454545455
134	V67	0.590909090909091
135	V67	0.647727272727273
136	V67	0.636363636363636
137	V67	0.556818181818182
138	V67	0.569767441860465
139	V67	0.568181818181818
140	V67	0.590909090909091
141	V67	0.647727272727273
142	V67	0.636363636363636
143	V67	0.625
144	V67	0.681818181818182
145	V67	0.636363636363636
146	V67	0.659090909090909
147	V67	0.727272727272727
148	V67	0.704545454545455
149	V67	0.568181818181818
1	V68	0.545454545454545
2	V68	0.590909090909091
3	V68	0.670454545454545
4	V68	0.579545454545455
5	V68	0.681818181818182
6	V68	0.670454545454545
7	V68	0.569767441860465
8	V68	0.625
9	V68	0.558139534883721
10	V68	0.556818181818182
11	V68	0.579545454545455
12	V68	0.579545454545455
13	V68	0.581395348837209
14	V68	0.613636363636364
15	V68	0.613636363636364
16	V68	0.534090909090909
17	V68	0.681818181818182
18	V68	0.558139534883721
19	V68	0.522727272727273
20	V68	0.602272727272727
21	V68	0.613636363636364
22	V68	0.647727272727273
23	V68	0.556818181818182
24	V68	0.568181818181818
25	V68	0.636363636363636
26	V68	0.647727272727273
27	V68	0.511363636363636
28	V68	0.659090909090909
29	V68	0.556818181818182
30	V68	0.534090909090909
31	V68	0.556818181818182
32	V68	0.522727272727273
33	V68	0.579545454545455
34	V68	0.602272727272727
35	V68	0.615384615384615
36	V68	0.628205128205128
37	V68	0.593023255813954
38	V68	0.625
39	V68	0.573170731707317
40	V68	0.5625
41	V68	0.512820512820513
42	V68	0.628205128205128
43	V68	0.634146341463415
44	V68	0.555555555555556
45	V68	0.590909090909091
46	V68	0.590909090909091
47	V68	0.681818181818182
48	V68	0.581395348837209
49	V68	0.579545454545455
50	V68	0.636363636363636
51	V68	0.613636363636364
52	V68	0.581395348837209
53	V68	0.613636363636364
54	V68	0.558139534883721
55	V68	0.602272727272727
56	V68	0.590909090909091
57	V68	0.590909090909091
58	V68	0.579545454545455
59	V68	0.613636363636364
60	V68	0.636363636363636
61	V68	0.522727272727273
62	V68	0.590909090909091
63	V68	0.5
64	V68	0.534090909090909
65	V68	0.602272727272727
66	V68	0.579545454545455
67	V68	0.659090909090909
68	V68	1
69	V68	0.602272727272727
70	V68	0.534090909090909
71	V68	0.636363636363636
72	V68	0.534090909090909
73	V68	0.659090909090909
74	V68	0.602272727272727
75	V68	0.523255813953488
76	V68	0.613636363636364
77	V68	0.636363636363636
78	V68	0.568181818181818
79	V68	0.568181818181818
80	V68	0.488636363636364
81	V68	0.636363636363636
82	V68	0.593023255813954
83	V68	0.534090909090909
84	V68	0.556818181818182
85	V68	0.579545454545455
86	V68	0.568181818181818
87	V68	0.590909090909091
88	V68	0.590909090909091
89	V68	0.590909090909091
90	V68	0.602272727272727
91	V68	0.647727272727273
92	V68	0.579545454545455
93	V68	0.511363636363636
94	V68	0.579545454545455
95	V68	0.545454545454545
96	V68	0.602272727272727
97	V68	0.625
98	V68	0.581395348837209
99	V68	0.651162790697674
100	V68	0.556818181818182
101	V68	0.602272727272727
102	V68	0.613636363636364
103	V68	0.545454545454545
104	V68	0.590909090909091
105	V68	0.625
106	V68	0.75
107	V68	0.522727272727273
108	V68	0.704545454545455
109	V68	0.568181818181818
110	V68	0.568181818181818
111	V68	0.590909090909091
112	V68	0.568181818181818
113	V68	0.693181818181818
114	V68	0.579545454545455
115	V68	0.522727272727273
116	V68	0.625
117	V68	0.625
118	V68	0.602272727272727
119	V68	0.613636363636364
120	V68	0.627906976744186
121	V68	0.590909090909091
122	V68	0.659090909090909
123	V68	0.545454545454545
124	V68	0.590909090909091
125	V68	0.659090909090909
126	V68	0.602272727272727
127	V68	0.659090909090909
128	V68	0.636363636363636
129	V68	0.636363636363636
130	V68	0.636363636363636
131	V68	0.681818181818182
132	V68	0.602272727272727
133	V68	0.534090909090909
134	V68	0.477272727272727
135	V68	0.625
136	V68	0.613636363636364
137	V68	0.534090909090909
138	V68	0.604651162790698
139	V68	0.613636363636364
140	V68	0.545454545454545
141	V68	0.625
142	V68	0.659090909090909
143	V68	0.579545454545455
144	V68	0.590909090909091
145	V68	0.613636363636364
146	V68	0.659090909090909
147	V68	0.704545454545455
148	V68	0.636363636363636
149	V68	0.704545454545455
1	V69	0.625
2	V69	0.534090909090909
3	V69	0.568181818181818
4	V69	0.568181818181818
5	V69	0.556818181818182
6	V69	0.568181818181818
7	V69	0.581395348837209
8	V69	0.659090909090909
9	V69	0.511627906976744
10	V69	0.659090909090909
11	V69	0.568181818181818
12	V69	0.613636363636364
13	V69	0.581395348837209
14	V69	0.693181818181818
15	V69	0.715909090909091
16	V69	0.636363636363636
17	V69	0.647727272727273
18	V69	0.593023255813954
19	V69	0.670454545454545
20	V69	0.613636363636364
21	V69	0.647727272727273
22	V69	0.568181818181818
23	V69	0.613636363636364
24	V69	0.556818181818182
25	V69	0.579545454545455
26	V69	0.613636363636364
27	V69	0.636363636363636
28	V69	0.647727272727273
29	V69	0.659090909090909
30	V69	0.545454545454545
31	V69	0.681818181818182
32	V69	0.602272727272727
33	V69	0.613636363636364
34	V69	0.522727272727273
35	V69	0.666666666666667
36	V69	0.58974358974359
37	V69	0.674418604651163
38	V69	0.613636363636364
39	V69	0.585365853658537
40	V69	0.625
41	V69	0.628205128205128
42	V69	0.487179487179487
43	V69	0.548780487804878
44	V69	0.694444444444444
45	V69	0.556818181818182
46	V69	0.579545454545455
47	V69	0.625
48	V69	0.581395348837209
49	V69	0.681818181818182
50	V69	0.556818181818182
51	V69	0.602272727272727
52	V69	0.534883720930233
53	V69	0.693181818181818
54	V69	0.604651162790698
55	V69	0.681818181818182
56	V69	0.579545454545455
57	V69	0.602272727272727
58	V69	0.681818181818182
59	V69	0.693181818181818
60	V69	0.602272727272727
61	V69	0.579545454545455
62	V69	0.556818181818182
63	V69	0.602272727272727
64	V69	0.545454545454545
65	V69	0.613636363636364
66	V69	0.636363636363636
67	V69	0.579545454545455
68	V69	0.602272727272727
69	V69	1
70	V69	0.545454545454545
71	V69	0.625
72	V69	0.636363636363636
73	V69	0.579545454545455
74	V69	0.613636363636364
75	V69	0.686046511627907
76	V69	0.579545454545455
77	V69	0.579545454545455
78	V69	0.625
79	V69	0.556818181818182
80	V69	0.590909090909091
81	V69	0.534090909090909
82	V69	0.662790697674419
83	V69	0.590909090909091
84	V69	0.681818181818182
85	V69	0.613636363636364
86	V69	0.670454545454545
87	V69	0.625
88	V69	0.602272727272727
89	V69	0.602272727272727
90	V69	0.659090909090909
91	V69	0.545454545454545
92	V69	0.590909090909091
93	V69	0.590909090909091
94	V69	0.590909090909091
95	V69	0.715909090909091
96	V69	0.590909090909091
97	V69	0.636363636363636
98	V69	0.593023255813954
99	V69	0.627906976744186
100	V69	0.636363636363636
101	V69	0.522727272727273
102	V69	0.579545454545455
103	V69	0.647727272727273
104	V69	0.556818181818182
105	V69	0.568181818181818
106	V69	0.647727272727273
107	V69	0.602272727272727
108	V69	0.579545454545455
109	V69	0.647727272727273
110	V69	0.625
111	V69	0.625
112	V69	0.602272727272727
113	V69	0.704545454545455
114	V69	0.613636363636364
115	V69	0.602272727272727
116	V69	0.636363636363636
117	V69	0.636363636363636
118	V69	0.590909090909091
119	V69	0.693181818181818
120	V69	0.593023255813954
121	V69	0.534090909090909
122	V69	0.625
123	V69	0.579545454545455
124	V69	0.602272727272727
125	V69	0.602272727272727
126	V69	0.613636363636364
127	V69	0.647727272727273
128	V69	0.579545454545455
129	V69	0.670454545454545
130	V69	0.602272727272727
131	V69	0.647727272727273
132	V69	0.613636363636364
133	V69	0.613636363636364
134	V69	0.602272727272727
135	V69	0.704545454545455
136	V69	0.693181818181818
137	V69	0.568181818181818
138	V69	0.616279069767442
139	V69	0.625
140	V69	0.647727272727273
141	V69	0.613636363636364
142	V69	0.670454545454545
143	V69	0.613636363636364
144	V69	0.647727272727273
145	V69	0.625
146	V69	0.602272727272727
147	V69	0.579545454545455
148	V69	0.647727272727273
149	V69	0.602272727272727
1	V70	0.465909090909091
2	V70	0.534090909090909
3	V70	0.590909090909091
4	V70	0.613636363636364
5	V70	0.579545454545455
6	V70	0.545454545454545
7	V70	0.627906976744186
8	V70	0.590909090909091
9	V70	0.476744186046512
10	V70	0.545454545454545
11	V70	0.568181818181818
12	V70	0.613636363636364
13	V70	0.63953488372093
14	V70	0.647727272727273
15	V70	0.647727272727273
16	V70	0.545454545454545
17	V70	0.579545454545455
18	V70	0.569767441860465
19	V70	0.647727272727273
20	V70	0.704545454545455
21	V70	0.625
22	V70	0.659090909090909
23	V70	0.568181818181818
24	V70	0.625
25	V70	0.625
26	V70	0.545454545454545
27	V70	0.636363636363636
28	V70	0.670454545454545
29	V70	0.681818181818182
30	V70	0.613636363636364
31	V70	0.568181818181818
32	V70	0.625
33	V70	0.545454545454545
34	V70	0.590909090909091
35	V70	0.58974358974359
36	V70	0.628205128205128
37	V70	0.465116279069767
38	V70	0.681818181818182
39	V70	0.597560975609756
40	V70	0.525
41	V70	0.58974358974359
42	V70	0.602564102564103
43	V70	0.536585365853659
44	V70	0.597222222222222
45	V70	0.625
46	V70	0.693181818181818
47	V70	0.556818181818182
48	V70	0.546511627906977
49	V70	0.659090909090909
50	V70	0.556818181818182
51	V70	0.579545454545455
52	V70	0.546511627906977
53	V70	0.602272727272727
54	V70	0.546511627906977
55	V70	0.522727272727273
56	V70	0.579545454545455
57	V70	0.602272727272727
58	V70	0.545454545454545
59	V70	0.579545454545455
60	V70	0.625
61	V70	0.602272727272727
62	V70	0.511363636363636
63	V70	0.625
64	V70	0.590909090909091
65	V70	0.613636363636364
66	V70	0.613636363636364
67	V70	0.534090909090909
68	V70	0.534090909090909
69	V70	0.545454545454545
70	V70	1
71	V70	0.602272727272727
72	V70	0.590909090909091
73	V70	0.556818181818182
74	V70	0.568181818181818
75	V70	0.558139534883721
76	V70	0.625
77	V70	0.647727272727273
78	V70	0.579545454545455
79	V70	0.534090909090909
80	V70	0.568181818181818
81	V70	0.534090909090909
82	V70	0.558139534883721
83	V70	0.659090909090909
84	V70	0.659090909090909
85	V70	0.704545454545455
86	V70	0.625
87	V70	0.534090909090909
88	V70	0.670454545454545
89	V70	0.602272727272727
90	V70	0.636363636363636
91	V70	0.613636363636364
92	V70	0.613636363636364
93	V70	0.568181818181818
94	V70	0.613636363636364
95	V70	0.625
96	V70	0.545454545454545
97	V70	0.613636363636364
98	V70	0.581395348837209
99	V70	0.569767441860465
100	V70	0.590909090909091
101	V70	0.613636363636364
102	V70	0.534090909090909
103	V70	0.602272727272727
104	V70	0.579545454545455
105	V70	0.522727272727273
106	V70	0.579545454545455
107	V70	0.534090909090909
108	V70	0.602272727272727
109	V70	0.625
110	V70	0.579545454545455
111	V70	0.670454545454545
112	V70	0.670454545454545
113	V70	0.590909090909091
114	V70	0.545454545454545
115	V70	0.602272727272727
116	V70	0.681818181818182
117	V70	0.5
118	V70	0.636363636363636
119	V70	0.602272727272727
120	V70	0.581395348837209
121	V70	0.488636363636364
122	V70	0.534090909090909
123	V70	0.488636363636364
124	V70	0.579545454545455
125	V70	0.556818181818182
126	V70	0.568181818181818
127	V70	0.670454545454545
128	V70	0.625
129	V70	0.602272727272727
130	V70	0.647727272727273
131	V70	0.556818181818182
132	V70	0.545454545454545
133	V70	0.568181818181818
134	V70	0.625
135	V70	0.613636363636364
136	V70	0.647727272727273
137	V70	0.613636363636364
138	V70	0.581395348837209
139	V70	0.534090909090909
140	V70	0.693181818181818
141	V70	0.568181818181818
142	V70	0.647727272727273
143	V70	0.568181818181818
144	V70	0.465909090909091
145	V70	0.602272727272727
146	V70	0.579545454545455
147	V70	0.602272727272727
148	V70	0.647727272727273
149	V70	0.625
1	V71	0.522727272727273
2	V71	0.613636363636364
3	V71	0.602272727272727
4	V71	0.579545454545455
5	V71	0.659090909090909
6	V71	0.647727272727273
7	V71	0.651162790697674
8	V71	0.647727272727273
9	V71	0.651162790697674
10	V71	0.556818181818182
11	V71	0.625
12	V71	0.647727272727273
13	V71	0.627906976744186
14	V71	0.681818181818182
15	V71	0.590909090909091
16	V71	0.579545454545455
17	V71	0.659090909090909
18	V71	0.63953488372093
19	V71	0.681818181818182
20	V71	0.670454545454545
21	V71	0.636363636363636
22	V71	0.579545454545455
23	V71	0.602272727272727
24	V71	0.613636363636364
25	V71	0.659090909090909
26	V71	0.602272727272727
27	V71	0.579545454545455
28	V71	0.681818181818182
29	V71	0.647727272727273
30	V71	0.511363636363636
31	V71	0.602272727272727
32	V71	0.590909090909091
33	V71	0.647727272727273
34	V71	0.602272727272727
35	V71	0.628205128205128
36	V71	0.653846153846154
37	V71	0.581395348837209
38	V71	0.693181818181818
39	V71	0.597560975609756
40	V71	0.6
41	V71	0.730769230769231
42	V71	0.58974358974359
43	V71	0.646341463414634
44	V71	0.638888888888889
45	V71	0.75
46	V71	0.636363636363636
47	V71	0.659090909090909
48	V71	0.63953488372093
49	V71	0.647727272727273
50	V71	0.613636363636364
51	V71	0.681818181818182
52	V71	0.546511627906977
53	V71	0.659090909090909
54	V71	0.627906976744186
55	V71	0.670454545454545
56	V71	0.613636363636364
57	V71	0.568181818181818
58	V71	0.625
59	V71	0.704545454545455
60	V71	0.590909090909091
61	V71	0.704545454545455
62	V71	0.545454545454545
63	V71	0.545454545454545
64	V71	0.693181818181818
65	V71	0.670454545454545
66	V71	0.693181818181818
67	V71	0.704545454545455
68	V71	0.636363636363636
69	V71	0.625
70	V71	0.602272727272727
71	V71	1
72	V71	0.647727272727273
73	V71	0.636363636363636
74	V71	0.556818181818182
75	V71	0.662790697674419
76	V71	0.568181818181818
77	V71	0.727272727272727
78	V71	0.659090909090909
79	V71	0.545454545454545
80	V71	0.602272727272727
81	V71	0.659090909090909
82	V71	0.686046511627907
83	V71	0.579545454545455
84	V71	0.670454545454545
85	V71	0.647727272727273
86	V71	0.613636363636364
87	V71	0.545454545454545
88	V71	0.613636363636364
89	V71	0.568181818181818
90	V71	0.670454545454545
91	V71	0.602272727272727
92	V71	0.602272727272727
93	V71	0.625
94	V71	0.556818181818182
95	V71	0.704545454545455
96	V71	0.625
97	V71	0.625
98	V71	0.616279069767442
99	V71	0.627906976744186
100	V71	0.534090909090909
101	V71	0.647727272727273
102	V71	0.659090909090909
103	V71	0.704545454545455
104	V71	0.5
105	V71	0.693181818181818
106	V71	0.704545454545455
107	V71	0.636363636363636
108	V71	0.727272727272727
109	V71	0.590909090909091
110	V71	0.704545454545455
111	V71	0.704545454545455
112	V71	0.636363636363636
113	V71	0.670454545454545
114	V71	0.556818181818182
115	V71	0.636363636363636
116	V71	0.693181818181818
117	V71	0.647727272727273
118	V71	0.625
119	V71	0.659090909090909
120	V71	0.674418604651163
121	V71	0.636363636363636
122	V71	0.659090909090909
123	V71	0.522727272727273
124	V71	0.590909090909091
125	V71	0.727272727272727
126	V71	0.761363636363636
127	V71	0.613636363636364
128	V71	0.704545454545455
129	V71	0.681818181818182
130	V71	0.704545454545455
131	V71	0.590909090909091
132	V71	0.556818181818182
133	V71	0.693181818181818
134	V71	0.636363636363636
135	V71	0.670454545454545
136	V71	0.636363636363636
137	V71	0.625
138	V71	0.616279069767442
139	V71	0.522727272727273
140	V71	0.613636363636364
141	V71	0.579545454545455
142	V71	0.681818181818182
143	V71	0.602272727272727
144	V71	0.636363636363636
145	V71	0.590909090909091
146	V71	0.545454545454545
147	V71	0.727272727272727
148	V71	0.704545454545455
149	V71	0.613636363636364
1	V72	0.602272727272727
2	V72	0.647727272727273
3	V72	0.636363636363636
4	V72	0.522727272727273
5	V72	0.579545454545455
6	V72	0.545454545454545
7	V72	0.616279069767442
8	V72	0.659090909090909
9	V72	0.686046511627907
10	V72	0.659090909090909
11	V72	0.613636363636364
12	V72	0.568181818181818
13	V72	0.720930232558139
14	V72	0.602272727272727
15	V72	0.534090909090909
16	V72	0.568181818181818
17	V72	0.625
18	V72	0.674418604651163
19	V72	0.625
20	V72	0.659090909090909
21	V72	0.579545454545455
22	V72	0.636363636363636
23	V72	0.613636363636364
24	V72	0.579545454545455
25	V72	0.579545454545455
26	V72	0.636363636363636
27	V72	0.636363636363636
28	V72	0.647727272727273
29	V72	0.590909090909091
30	V72	0.590909090909091
31	V72	0.659090909090909
32	V72	0.602272727272727
33	V72	0.636363636363636
34	V72	0.522727272727273
35	V72	0.602564102564103
36	V72	0.58974358974359
37	V72	0.709302325581395
38	V72	0.613636363636364
39	V72	0.597560975609756
40	V72	0.5625
41	V72	0.705128205128205
42	V72	0.551282051282051
43	V72	0.609756097560976
44	V72	0.611111111111111
45	V72	0.625
46	V72	0.579545454545455
47	V72	0.579545454545455
48	V72	0.5
49	V72	0.636363636363636
50	V72	0.579545454545455
51	V72	0.534090909090909
52	V72	0.534883720930233
53	V72	0.534090909090909
54	V72	0.627906976744186
55	V72	0.681818181818182
56	V72	0.647727272727273
57	V72	0.625
58	V72	0.568181818181818
59	V72	0.693181818181818
60	V72	0.647727272727273
61	V72	0.579545454545455
62	V72	0.693181818181818
63	V72	0.579545454545455
64	V72	0.704545454545455
65	V72	0.613636363636364
66	V72	0.568181818181818
67	V72	0.602272727272727
68	V72	0.534090909090909
69	V72	0.636363636363636
70	V72	0.590909090909091
71	V72	0.647727272727273
72	V72	1
73	V72	0.647727272727273
74	V72	0.590909090909091
75	V72	0.662790697674419
76	V72	0.511363636363636
77	V72	0.647727272727273
78	V72	0.579545454545455
79	V72	0.625
80	V72	0.613636363636364
81	V72	0.602272727272727
82	V72	0.627906976744186
83	V72	0.659090909090909
84	V72	0.636363636363636
85	V72	0.613636363636364
86	V72	0.693181818181818
87	V72	0.556818181818182
88	V72	0.625
89	V72	0.647727272727273
90	V72	0.568181818181818
91	V72	0.681818181818182
92	V72	0.613636363636364
93	V72	0.636363636363636
94	V72	0.545454545454545
95	V72	0.602272727272727
96	V72	0.659090909090909
97	V72	0.659090909090909
98	V72	0.616279069767442
99	V72	0.651162790697674
100	V72	0.613636363636364
101	V72	0.590909090909091
102	V72	0.602272727272727
103	V72	0.602272727272727
104	V72	0.579545454545455
105	V72	0.590909090909091
106	V72	0.579545454545455
107	V72	0.647727272727273
108	V72	0.715909090909091
109	V72	0.579545454545455
110	V72	0.625
111	V72	0.647727272727273
112	V72	0.647727272727273
113	V72	0.659090909090909
114	V72	0.522727272727273
115	V72	0.670454545454545
116	V72	0.636363636363636
117	V72	0.613636363636364
118	V72	0.681818181818182
119	V72	0.625
120	V72	0.616279069767442
121	V72	0.625
122	V72	0.579545454545455
123	V72	0.488636363636364
124	V72	0.579545454545455
125	V72	0.579545454545455
126	V72	0.568181818181818
127	V72	0.556818181818182
128	V72	0.556818181818182
129	V72	0.602272727272727
130	V72	0.602272727272727
131	V72	0.625
132	V72	0.636363636363636
133	V72	0.568181818181818
134	V72	0.625
135	V72	0.681818181818182
136	V72	0.579545454545455
137	V72	0.568181818181818
138	V72	0.662790697674419
139	V72	0.670454545454545
140	V72	0.556818181818182
141	V72	0.477272727272727
142	V72	0.670454545454545
143	V72	0.613636363636364
144	V72	0.579545454545455
145	V72	0.602272727272727
146	V72	0.556818181818182
147	V72	0.715909090909091
148	V72	0.602272727272727
149	V72	0.602272727272727
1	V73	0.590909090909091
2	V73	0.5
3	V73	0.625
4	V73	0.602272727272727
5	V73	0.636363636363636
6	V73	0.511363636363636
7	V73	0.546511627906977
8	V73	0.647727272727273
9	V73	0.627906976744186
10	V73	0.602272727272727
11	V73	0.579545454545455
12	V73	0.625
13	V73	0.593023255813954
14	V73	0.681818181818182
15	V73	0.522727272727273
16	V73	0.602272727272727
17	V73	0.636363636363636
18	V73	0.604651162790698
19	V73	0.5
20	V73	0.625
21	V73	0.522727272727273
22	V73	0.625
23	V73	0.647727272727273
24	V73	0.590909090909091
25	V73	0.590909090909091
26	V73	0.625
27	V73	0.556818181818182
28	V73	0.590909090909091
29	V73	0.602272727272727
30	V73	0.602272727272727
31	V73	0.602272727272727
32	V73	0.590909090909091
33	V73	0.693181818181818
34	V73	0.534090909090909
35	V73	0.628205128205128
36	V73	0.641025641025641
37	V73	0.569767441860465
38	V73	0.670454545454545
39	V73	0.621951219512195
40	V73	0.6125
41	V73	0.67948717948718
42	V73	0.576923076923077
43	V73	0.634146341463415
44	V73	0.652777777777778
45	V73	0.613636363636364
46	V73	0.522727272727273
47	V73	0.636363636363636
48	V73	0.581395348837209
49	V73	0.579545454545455
50	V73	0.613636363636364
51	V73	0.613636363636364
52	V73	0.627906976744186
53	V73	0.568181818181818
54	V73	0.662790697674419
55	V73	0.625
56	V73	0.636363636363636
57	V73	0.727272727272727
58	V73	0.602272727272727
59	V73	0.659090909090909
60	V73	0.681818181818182
61	V73	0.613636363636364
62	V73	0.636363636363636
63	V73	0.568181818181818
64	V73	0.602272727272727
65	V73	0.670454545454545
66	V73	0.602272727272727
67	V73	0.613636363636364
68	V73	0.659090909090909
69	V73	0.579545454545455
70	V73	0.556818181818182
71	V73	0.636363636363636
72	V73	0.647727272727273
73	V73	1
74	V73	0.670454545454545
75	V73	0.627906976744186
76	V73	0.613636363636364
77	V73	0.613636363636364
78	V73	0.522727272727273
79	V73	0.568181818181818
80	V73	0.556818181818182
81	V73	0.613636363636364
82	V73	0.593023255813954
83	V73	0.602272727272727
84	V73	0.647727272727273
85	V73	0.670454545454545
86	V73	0.636363636363636
87	V73	0.545454545454545
88	V73	0.613636363636364
89	V73	0.522727272727273
90	V73	0.670454545454545
91	V73	0.625
92	V73	0.602272727272727
93	V73	0.556818181818182
94	V73	0.625
95	V73	0.659090909090909
96	V73	0.670454545454545
97	V73	0.602272727272727
98	V73	0.581395348837209
99	V73	0.569767441860465
100	V73	0.647727272727273
101	V73	0.556818181818182
102	V73	0.613636363636364
103	V73	0.636363636363636
104	V73	0.659090909090909
105	V73	0.579545454545455
106	V73	0.590909090909091
107	V73	0.613636363636364
108	V73	0.659090909090909
109	V73	0.568181818181818
110	V73	0.568181818181818
111	V73	0.636363636363636
112	V73	0.545454545454545
113	V73	0.579545454545455
114	V73	0.602272727272727
115	V73	0.522727272727273
116	V73	0.715909090909091
117	V73	0.602272727272727
118	V73	0.625
119	V73	0.704545454545455
120	V73	0.569767441860465
121	V73	0.590909090909091
122	V73	0.568181818181818
123	V73	0.568181818181818
124	V73	0.545454545454545
125	V73	0.636363636363636
126	V73	0.534090909090909
127	V73	0.613636363636364
128	V73	0.590909090909091
129	V73	0.613636363636364
130	V73	0.636363636363636
131	V73	0.613636363636364
132	V73	0.647727272727273
133	V73	0.602272727272727
134	V73	0.613636363636364
135	V73	0.625
136	V73	0.613636363636364
137	V73	0.579545454545455
138	V73	0.604651162790698
139	V73	0.681818181818182
140	V73	0.590909090909091
141	V73	0.647727272727273
142	V73	0.613636363636364
143	V73	0.693181818181818
144	V73	0.659090909090909
145	V73	0.568181818181818
146	V73	0.636363636363636
147	V73	0.659090909090909
148	V73	0.568181818181818
149	V73	0.613636363636364
1	V74	0.647727272727273
2	V74	0.511363636363636
3	V74	0.545454545454545
4	V74	0.590909090909091
5	V74	0.579545454545455
6	V74	0.568181818181818
7	V74	0.534883720930233
8	V74	0.613636363636364
9	V74	0.593023255813954
10	V74	0.613636363636364
11	V74	0.681818181818182
12	V74	0.636363636363636
13	V74	0.534883720930233
14	V74	0.579545454545455
15	V74	0.670454545454545
16	V74	0.522727272727273
17	V74	0.625
18	V74	0.593023255813954
19	V74	0.556818181818182
20	V74	0.636363636363636
21	V74	0.602272727272727
22	V74	0.636363636363636
23	V74	0.545454545454545
24	V74	0.556818181818182
25	V74	0.647727272727273
26	V74	0.636363636363636
27	V74	0.636363636363636
28	V74	0.625
29	V74	0.590909090909091
30	V74	0.613636363636364
31	V74	0.613636363636364
32	V74	0.511363636363636
33	V74	0.636363636363636
34	V74	0.545454545454545
35	V74	0.576923076923077
36	V74	0.666666666666667
37	V74	0.488372093023256
38	V74	0.681818181818182
39	V74	0.597560975609756
40	V74	0.6375
41	V74	0.628205128205128
42	V74	0.67948717948718
43	V74	0.560975609756098
44	V74	0.541666666666667
45	V74	0.579545454545455
46	V74	0.488636363636364
47	V74	0.579545454545455
48	V74	0.523255813953488
49	V74	0.568181818181818
50	V74	0.511363636363636
51	V74	0.602272727272727
52	V74	0.674418604651163
53	V74	0.625
54	V74	0.604651162790698
55	V74	0.613636363636364
56	V74	0.511363636363636
57	V74	0.625
58	V74	0.568181818181818
59	V74	0.488636363636364
60	V74	0.715909090909091
61	V74	0.579545454545455
62	V74	0.625
63	V74	0.602272727272727
64	V74	0.5
65	V74	0.613636363636364
66	V74	0.568181818181818
67	V74	0.625
68	V74	0.602272727272727
69	V74	0.613636363636364
70	V74	0.568181818181818
71	V74	0.556818181818182
72	V74	0.590909090909091
73	V74	0.670454545454545
74	V74	1
75	V74	0.63953488372093
76	V74	0.625
77	V74	0.670454545454545
78	V74	0.579545454545455
79	V74	0.534090909090909
80	V74	0.590909090909091
81	V74	0.511363636363636
82	V74	0.558139534883721
83	V74	0.636363636363636
84	V74	0.522727272727273
85	V74	0.636363636363636
86	V74	0.534090909090909
87	V74	0.625
88	V74	0.670454545454545
89	V74	0.625
90	V74	0.636363636363636
91	V74	0.568181818181818
92	V74	0.613636363636364
93	V74	0.590909090909091
94	V74	0.545454545454545
95	V74	0.670454545454545
96	V74	0.659090909090909
97	V74	0.613636363636364
98	V74	0.511627906976744
99	V74	0.558139534883721
100	V74	0.613636363636364
101	V74	0.522727272727273
102	V74	0.602272727272727
103	V74	0.647727272727273
104	V74	0.556818181818182
105	V74	0.545454545454545
106	V74	0.534090909090909
107	V74	0.579545454545455
108	V74	0.647727272727273
109	V74	0.534090909090909
110	V74	0.556818181818182
111	V74	0.693181818181818
112	V74	0.602272727272727
113	V74	0.590909090909091
114	V74	0.568181818181818
115	V74	0.488636363636364
116	V74	0.590909090909091
117	V74	0.590909090909091
118	V74	0.636363636363636
119	V74	0.625
120	V74	0.593023255813954
121	V74	0.511363636363636
122	V74	0.579545454545455
123	V74	0.579545454545455
124	V74	0.602272727272727
125	V74	0.693181818181818
126	V74	0.545454545454545
127	V74	0.602272727272727
128	V74	0.602272727272727
129	V74	0.625
130	V74	0.647727272727273
131	V74	0.670454545454545
132	V74	0.681818181818182
133	V74	0.568181818181818
134	V74	0.602272727272727
135	V74	0.659090909090909
136	V74	0.602272727272727
137	V74	0.477272727272727
138	V74	0.674418604651163
139	V74	0.579545454545455
140	V74	0.715909090909091
141	V74	0.636363636363636
142	V74	0.625
143	V74	0.613636363636364
144	V74	0.534090909090909
145	V74	0.647727272727273
146	V74	0.556818181818182
147	V74	0.647727272727273
148	V74	0.556818181818182
149	V74	0.579545454545455
1	V75	0.670454545454545
2	V75	0.534090909090909
3	V75	0.613636363636364
4	V75	0.636363636363636
5	V75	0.625
6	V75	0.636363636363636
7	V75	0.63953488372093
8	V75	0.681818181818182
9	V75	0.709302325581395
10	V75	0.636363636363636
11	V75	0.659090909090909
12	V75	0.659090909090909
13	V75	0.686046511627907
14	V75	0.647727272727273
15	V75	0.625
16	V75	0.681818181818182
17	V75	0.693181818181818
18	V75	0.697674418604651
19	V75	0.647727272727273
20	V75	0.590909090909091
21	V75	0.625
22	V75	0.590909090909091
23	V75	0.590909090909091
24	V75	0.625
25	V75	0.647727272727273
26	V75	0.590909090909091
27	V75	0.659090909090909
28	V75	0.693181818181818
29	V75	0.681818181818182
30	V75	0.613636363636364
31	V75	0.681818181818182
32	V75	0.625
33	V75	0.681818181818182
34	V75	0.477272727272727
35	V75	0.692307692307692
36	V75	0.628205128205128
37	V75	0.593023255813954
38	V75	0.681818181818182
39	V75	0.585365853658537
40	V75	0.6375
41	V75	0.743589743589744
42	V75	0.564102564102564
43	V75	0.646341463414634
44	V75	0.652777777777778
45	V75	0.647727272727273
46	V75	0.625
47	V75	0.602272727272727
48	V75	0.651162790697674
49	V75	0.727272727272727
50	V75	0.602272727272727
51	V75	0.602272727272727
52	V75	0.63953488372093
53	V75	0.625
54	V75	0.63953488372093
55	V75	0.727272727272727
56	V75	0.556818181818182
57	V75	0.647727272727273
58	V75	0.590909090909091
59	V75	0.625
60	V75	0.647727272727273
61	V75	0.625
62	V75	0.625
63	V75	0.670454545454545
64	V75	0.636363636363636
65	V75	0.681818181818182
66	V75	0.636363636363636
67	V75	0.602272727272727
68	V75	0.534090909090909
69	V75	0.681818181818182
70	V75	0.568181818181818
71	V75	0.670454545454545
72	V75	0.659090909090909
73	V75	0.625
74	V75	0.636363636363636
75	V75	1
76	V75	0.625
77	V75	0.670454545454545
78	V75	0.693181818181818
79	V75	0.647727272727273
80	V75	0.681818181818182
81	V75	0.647727272727273
82	V75	0.697674418604651
83	V75	0.659090909090909
84	V75	0.659090909090909
85	V75	0.704545454545455
86	V75	0.670454545454545
87	V75	0.602272727272727
88	V75	0.670454545454545
89	V75	0.647727272727273
90	V75	0.659090909090909
91	V75	0.590909090909091
92	V75	0.659090909090909
93	V75	0.704545454545455
94	V75	0.545454545454545
95	V75	0.670454545454545
96	V75	0.727272727272727
97	V75	0.704545454545455
98	V75	0.63953488372093
99	V75	0.709302325581395
100	V75	0.613636363636364
101	V75	0.659090909090909
102	V75	0.647727272727273
103	V75	0.647727272727273
104	V75	0.511363636363636
105	V75	0.659090909090909
106	V75	0.670454545454545
107	V75	0.625
108	V75	0.693181818181818
109	V75	0.647727272727273
110	V75	0.647727272727273
111	V75	0.670454545454545
112	V75	0.670454545454545
113	V75	0.659090909090909
114	V75	0.613636363636364
115	V75	0.670454545454545
116	V75	0.681818181818182
117	V75	0.613636363636364
118	V75	0.613636363636364
119	V75	0.693181818181818
120	V75	0.674418604651163
121	V75	0.625
122	V75	0.602272727272727
123	V75	0.647727272727273
124	V75	0.602272727272727
125	V75	0.738636363636364
126	V75	0.568181818181818
127	V75	0.670454545454545
128	V75	0.602272727272727
129	V75	0.647727272727273
130	V75	0.647727272727273
131	V75	0.647727272727273
132	V75	0.636363636363636
133	V75	0.659090909090909
134	V75	0.602272727272727
135	V75	0.681818181818182
136	V75	0.647727272727273
137	V75	0.545454545454545
138	V75	0.662790697674419
139	V75	0.693181818181818
140	V75	0.738636363636364
141	V75	0.681818181818182
142	V75	0.693181818181818
143	V75	0.704545454545455
144	V75	0.647727272727273
145	V75	0.693181818181818
146	V75	0.625
147	V75	0.693181818181818
148	V75	0.625
149	V75	0.556818181818182
1	V76	0.545454545454545
2	V76	0.613636363636364
3	V76	0.602272727272727
4	V76	0.647727272727273
5	V76	0.681818181818182
6	V76	0.693181818181818
7	V76	0.593023255813954
8	V76	0.647727272727273
9	V76	0.523255813953488
10	V76	0.625
11	V76	0.602272727272727
12	V76	0.625
13	V76	0.569767441860465
14	V76	0.659090909090909
15	V76	0.681818181818182
16	V76	0.602272727272727
17	V76	0.681818181818182
18	V76	0.581395348837209
19	V76	0.522727272727273
20	V76	0.647727272727273
21	V76	0.522727272727273
22	V76	0.670454545454545
23	V76	0.647727272727273
24	V76	0.590909090909091
25	V76	0.636363636363636
26	V76	0.625
27	V76	0.647727272727273
28	V76	0.568181818181818
29	V76	0.602272727272727
30	V76	0.761363636363636
31	V76	0.556818181818182
32	V76	0.681818181818182
33	V76	0.625
34	V76	0.556818181818182
35	V76	0.628205128205128
36	V76	0.666666666666667
37	V76	0.616279069767442
38	V76	0.693181818181818
39	V76	0.634146341463415
40	V76	0.5625
41	V76	0.653846153846154
42	V76	0.67948717948718
43	V76	0.634146341463415
44	V76	0.569444444444444
45	V76	0.636363636363636
46	V76	0.613636363636364
47	V76	0.659090909090909
48	V76	0.593023255813954
49	V76	0.647727272727273
50	V76	0.613636363636364
51	V76	0.681818181818182
52	V76	0.732558139534884
53	V76	0.681818181818182
54	V76	0.593023255813954
55	V76	0.625
56	V76	0.590909090909091
57	V76	0.704545454545455
58	V76	0.602272727272727
59	V76	0.545454545454545
60	V76	0.636363636363636
61	V76	0.545454545454545
62	V76	0.613636363636364
63	V76	0.545454545454545
64	V76	0.556818181818182
65	V76	0.625
66	V76	0.647727272727273
67	V76	0.681818181818182
68	V76	0.613636363636364
69	V76	0.579545454545455
70	V76	0.625
71	V76	0.568181818181818
72	V76	0.511363636363636
73	V76	0.613636363636364
74	V76	0.625
75	V76	0.627906976744186
76	V76	1
77	V76	0.613636363636364
78	V76	0.568181818181818
79	V76	0.545454545454545
80	V76	0.579545454545455
81	V76	0.613636363636364
82	V76	0.651162790697674
83	V76	0.579545454545455
84	V76	0.579545454545455
85	V76	0.693181818181818
86	V76	0.590909090909091
87	V76	0.590909090909091
88	V76	0.659090909090909
89	V76	0.590909090909091
90	V76	0.579545454545455
91	V76	0.556818181818182
92	V76	0.647727272727273
93	V76	0.625
94	V76	0.647727272727273
95	V76	0.704545454545455
96	V76	0.556818181818182
97	V76	0.647727272727273
98	V76	0.616279069767442
99	V76	0.616279069767442
100	V76	0.556818181818182
101	V76	0.556818181818182
102	V76	0.659090909090909
103	V76	0.613636363636364
104	V76	0.613636363636364
105	V76	0.602272727272727
106	V76	0.613636363636364
107	V76	0.545454545454545
108	V76	0.590909090909091
109	V76	0.590909090909091
110	V76	0.681818181818182
111	V76	0.681818181818182
112	V76	0.590909090909091
113	V76	0.488636363636364
114	V76	0.693181818181818
115	V76	0.568181818181818
116	V76	0.647727272727273
117	V76	0.602272727272727
118	V76	0.579545454545455
119	V76	0.659090909090909
120	V76	0.697674418604651
121	V76	0.613636363636364
122	V76	0.613636363636364
123	V76	0.568181818181818
124	V76	0.590909090909091
125	V76	0.613636363636364
126	V76	0.511363636363636
127	V76	0.659090909090909
128	V76	0.704545454545455
129	V76	0.636363636363636
130	V76	0.636363636363636
131	V76	0.613636363636364
132	V76	0.579545454545455
133	V76	0.602272727272727
134	V76	0.545454545454545
135	V76	0.693181818181818
136	V76	0.704545454545455
137	V76	0.579545454545455
138	V76	0.569767441860465
139	V76	0.590909090909091
140	V76	0.659090909090909
141	V76	0.625
142	V76	0.681818181818182
143	V76	0.556818181818182
144	V76	0.613636363636364
145	V76	0.636363636363636
146	V76	0.681818181818182
147	V76	0.590909090909091
148	V76	0.613636363636364
149	V76	0.613636363636364
1	V77	0.613636363636364
2	V77	0.590909090909091
3	V77	0.579545454545455
4	V77	0.579545454545455
5	V77	0.681818181818182
6	V77	0.647727272727273
7	V77	0.627906976744186
8	V77	0.738636363636364
9	V77	0.651162790697674
10	V77	0.625
11	V77	0.670454545454545
12	V77	0.625
13	V77	0.627906976744186
14	V77	0.704545454545455
15	V77	0.659090909090909
16	V77	0.602272727272727
17	V77	0.681818181818182
18	V77	0.686046511627907
19	V77	0.681818181818182
20	V77	0.647727272727273
21	V77	0.704545454545455
22	V77	0.647727272727273
23	V77	0.602272727272727
24	V77	0.659090909090909
25	V77	0.636363636363636
26	V77	0.602272727272727
27	V77	0.647727272727273
28	V77	0.704545454545455
29	V77	0.670454545454545
30	V77	0.556818181818182
31	V77	0.625
32	V77	0.545454545454545
33	V77	0.625
34	V77	0.647727272727273
35	V77	0.67948717948718
36	V77	0.717948717948718
37	V77	0.558139534883721
38	V77	0.738636363636364
39	V77	0.621951219512195
40	V77	0.6625
41	V77	0.756410256410256
42	V77	0.641025641025641
43	V77	0.670731707317073
44	V77	0.611111111111111
45	V77	0.704545454545455
46	V77	0.636363636363636
47	V77	0.636363636363636
48	V77	0.662790697674419
49	V77	0.647727272727273
50	V77	0.613636363636364
51	V77	0.590909090909091
52	V77	0.593023255813954
53	V77	0.636363636363636
54	V77	0.674418604651163
55	V77	0.647727272727273
56	V77	0.704545454545455
57	V77	0.613636363636364
58	V77	0.625
59	V77	0.613636363636364
60	V77	0.681818181818182
61	V77	0.613636363636364
62	V77	0.568181818181818
63	V77	0.681818181818182
64	V77	0.693181818181818
65	V77	0.693181818181818
66	V77	0.693181818181818
67	V77	0.704545454545455
68	V77	0.636363636363636
69	V77	0.579545454545455
70	V77	0.647727272727273
71	V77	0.727272727272727
72	V77	0.647727272727273
73	V77	0.613636363636364
74	V77	0.670454545454545
75	V77	0.662790697674419
76	V77	0.613636363636364
77	V77	1
78	V77	0.727272727272727
79	V77	0.613636363636364
80	V77	0.647727272727273
81	V77	0.659090909090909
82	V77	0.686046511627907
83	V77	0.647727272727273
84	V77	0.625
85	V77	0.670454545454545
86	V77	0.636363636363636
87	V77	0.727272727272727
88	V77	0.704545454545455
89	V77	0.613636363636364
90	V77	0.693181818181818
91	V77	0.647727272727273
92	V77	0.625
93	V77	0.715909090909091
94	V77	0.579545454545455
95	V77	0.681818181818182
96	V77	0.670454545454545
97	V77	0.715909090909091
98	V77	0.686046511627907
99	V77	0.651162790697674
100	V77	0.625
101	V77	0.670454545454545
102	V77	0.613636363636364
103	V77	0.636363636363636
104	V77	0.568181818181818
105	V77	0.579545454545455
106	V77	0.704545454545455
107	V77	0.568181818181818
108	V77	0.727272727272727
109	V77	0.636363636363636
110	V77	0.636363636363636
111	V77	0.704545454545455
112	V77	0.681818181818182
113	V77	0.670454545454545
114	V77	0.625
115	V77	0.545454545454545
116	V77	0.670454545454545
117	V77	0.670454545454545
118	V77	0.625
119	V77	0.681818181818182
120	V77	0.651162790697674
121	V77	0.659090909090909
122	V77	0.613636363636364
123	V77	0.568181818181818
124	V77	0.659090909090909
125	V77	0.659090909090909
126	V77	0.715909090909091
127	V77	0.727272727272727
128	V77	0.636363636363636
129	V77	0.590909090909091
130	V77	0.704545454545455
131	V77	0.636363636363636
132	V77	0.625
133	V77	0.579545454545455
134	V77	0.613636363636364
135	V77	0.693181818181818
136	V77	0.681818181818182
137	V77	0.579545454545455
138	V77	0.662790697674419
139	V77	0.636363636363636
140	V77	0.659090909090909
141	V77	0.647727272727273
142	V77	0.659090909090909
143	V77	0.647727272727273
144	V77	0.704545454545455
145	V77	0.636363636363636
146	V77	0.613636363636364
147	V77	0.727272727272727
148	V77	0.681818181818182
149	V77	0.545454545454545
1	V78	0.613636363636364
2	V78	0.5
3	V78	0.602272727272727
4	V78	0.556818181818182
5	V78	0.659090909090909
6	V78	0.647727272727273
7	V78	0.511627906976744
8	V78	0.670454545454545
9	V78	0.558139534883721
10	V78	0.625
11	V78	0.602272727272727
12	V78	0.625
13	V78	0.604651162790698
14	V78	0.681818181818182
15	V78	0.704545454545455
16	V78	0.625
17	V78	0.659090909090909
18	V78	0.63953488372093
19	V78	0.568181818181818
20	V78	0.602272727272727
21	V78	0.636363636363636
22	V78	0.579545454545455
23	V78	0.579545454545455
24	V78	0.681818181818182
25	V78	0.568181818181818
26	V78	0.579545454545455
27	V78	0.625
28	V78	0.681818181818182
29	V78	0.625
30	V78	0.511363636363636
31	V78	0.602272727272727
32	V78	0.613636363636364
33	V78	0.625
34	V78	0.488636363636364
35	V78	0.628205128205128
36	V78	0.705128205128205
37	V78	0.558139534883721
38	V78	0.647727272727273
39	V78	0.585365853658537
40	V78	0.55
41	V78	0.641025641025641
42	V78	0.641025641025641
43	V78	0.621951219512195
44	V78	0.597222222222222
45	V78	0.613636363636364
46	V78	0.636363636363636
47	V78	0.590909090909091
48	V78	0.63953488372093
49	V78	0.647727272727273
50	V78	0.613636363636364
51	V78	0.613636363636364
52	V78	0.662790697674419
53	V78	0.636363636363636
54	V78	0.720930232558139
55	V78	0.670454545454545
56	V78	0.545454545454545
57	V78	0.590909090909091
58	V78	0.602272727272727
59	V78	0.636363636363636
60	V78	0.613636363636364
61	V78	0.590909090909091
62	V78	0.477272727272727
63	V78	0.681818181818182
64	V78	0.579545454545455
65	V78	0.556818181818182
66	V78	0.579545454545455
67	V78	0.590909090909091
68	V78	0.568181818181818
69	V78	0.625
70	V78	0.579545454545455
71	V78	0.659090909090909
72	V78	0.579545454545455
73	V78	0.522727272727273
74	V78	0.579545454545455
75	V78	0.686046511627907
76	V78	0.568181818181818
77	V78	0.727272727272727
78	V78	1
79	V78	0.659090909090909
80	V78	0.647727272727273
81	V78	0.590909090909091
82	V78	0.569767441860465
83	V78	0.602272727272727
84	V78	0.647727272727273
85	V78	0.670454545454545
86	V78	0.590909090909091
87	V78	0.659090909090909
88	V78	0.613636363636364
89	V78	0.590909090909091
90	V78	0.579545454545455
91	V78	0.534090909090909
92	V78	0.602272727272727
93	V78	0.647727272727273
94	V78	0.488636363636364
95	V78	0.659090909090909
96	V78	0.625
97	V78	0.602272727272727
98	V78	0.593023255813954
99	V78	0.534883720930233
100	V78	0.625
101	V78	0.625
102	V78	0.590909090909091
103	V78	0.568181818181818
104	V78	0.522727272727273
105	V78	0.556818181818182
106	V78	0.613636363636364
107	V78	0.545454545454545
108	V78	0.613636363636364
109	V78	0.590909090909091
110	V78	0.568181818181818
111	V78	0.636363636363636
112	V78	0.636363636363636
113	V78	0.579545454545455
114	V78	0.579545454545455
115	V78	0.659090909090909
116	V78	0.625
117	V78	0.625
118	V78	0.647727272727273
119	V78	0.590909090909091
120	V78	0.593023255813954
121	V78	0.568181818181818
122	V78	0.613636363636364
123	V78	0.568181818181818
124	V78	0.659090909090909
125	V78	0.590909090909091
126	V78	0.738636363636364
127	V78	0.659090909090909
128	V78	0.568181818181818
129	V78	0.568181818181818
130	V78	0.681818181818182
131	V78	0.659090909090909
132	V78	0.625
133	V78	0.602272727272727
134	V78	0.522727272727273
135	V78	0.647727272727273
136	V78	0.545454545454545
137	V78	0.511363636363636
138	V78	0.662790697674419
139	V78	0.590909090909091
140	V78	0.613636363636364
141	V78	0.625
142	V78	0.659090909090909
143	V78	0.579545454545455
144	V78	0.659090909090909
145	V78	0.590909090909091
146	V78	0.590909090909091
147	V78	0.613636363636364
148	V78	0.613636363636364
149	V78	0.568181818181818
1	V79	0.568181818181818
2	V79	0.568181818181818
3	V79	0.556818181818182
4	V79	0.602272727272727
5	V79	0.613636363636364
6	V79	0.602272727272727
7	V79	0.651162790697674
8	V79	0.625
9	V79	0.651162790697674
10	V79	0.625
11	V79	0.693181818181818
12	V79	0.556818181818182
13	V79	0.569767441860465
14	V79	0.659090909090909
15	V79	0.613636363636364
16	V79	0.647727272727273
17	V79	0.545454545454545
18	V79	0.546511627906977
19	V79	0.522727272727273
20	V79	0.602272727272727
21	V79	0.568181818181818
22	V79	0.670454545454545
23	V79	0.602272727272727
24	V79	0.681818181818182
25	V79	0.590909090909091
26	V79	0.511363636363636
27	V79	0.625
28	V79	0.590909090909091
29	V79	0.579545454545455
30	V79	0.625
31	V79	0.670454545454545
32	V79	0.613636363636364
33	V79	0.556818181818182
34	V79	0.511363636363636
35	V79	0.641025641025641
36	V79	0.641025641025641
37	V79	0.627906976744186
38	V79	0.579545454545455
39	V79	0.5
40	V79	0.5375
41	V79	0.602564102564103
42	V79	0.576923076923077
43	V79	0.609756097560976
44	V79	0.555555555555556
45	V79	0.568181818181818
46	V79	0.522727272727273
47	V79	0.477272727272727
48	V79	0.616279069767442
49	V79	0.534090909090909
50	V79	0.568181818181818
51	V79	0.568181818181818
52	V79	0.523255813953488
53	V79	0.613636363636364
54	V79	0.546511627906977
55	V79	0.602272727272727
56	V79	0.590909090909091
57	V79	0.613636363636364
58	V79	0.534090909090909
59	V79	0.659090909090909
60	V79	0.613636363636364
61	V79	0.522727272727273
62	V79	0.613636363636364
63	V79	0.545454545454545
64	V79	0.556818181818182
65	V79	0.534090909090909
66	V79	0.602272727272727
67	V79	0.568181818181818
68	V79	0.568181818181818
69	V79	0.556818181818182
70	V79	0.534090909090909
71	V79	0.545454545454545
72	V79	0.625
73	V79	0.568181818181818
74	V79	0.534090909090909
75	V79	0.651162790697674
76	V79	0.545454545454545
77	V79	0.613636363636364
78	V79	0.659090909090909
79	V79	1
80	V79	0.579545454545455
81	V79	0.613636363636364
82	V79	0.616279069767442
83	V79	0.556818181818182
84	V79	0.625
85	V79	0.579545454545455
86	V79	0.568181818181818
87	V79	0.659090909090909
88	V79	0.613636363636364
89	V79	0.568181818181818
90	V79	0.625
91	V79	0.579545454545455
92	V79	0.556818181818182
93	V79	0.625
94	V79	0.602272727272727
95	V79	0.568181818181818
96	V79	0.602272727272727
97	V79	0.693181818181818
98	V79	0.616279069767442
99	V79	0.569767441860465
100	V79	0.602272727272727
101	V79	0.625
102	V79	0.590909090909091
103	V79	0.568181818181818
104	V79	0.568181818181818
105	V79	0.556818181818182
106	V79	0.545454545454545
107	V79	0.590909090909091
108	V79	0.704545454545455
109	V79	0.613636363636364
110	V79	0.590909090909091
111	V79	0.568181818181818
112	V79	0.590909090909091
113	V79	0.556818181818182
114	V79	0.625
115	V79	0.545454545454545
116	V79	0.579545454545455
117	V79	0.534090909090909
118	V79	0.602272727272727
119	V79	0.636363636363636
120	V79	0.63953488372093
121	V79	0.590909090909091
122	V79	0.590909090909091
123	V79	0.568181818181818
124	V79	0.636363636363636
125	V79	0.590909090909091
126	V79	0.556818181818182
127	V79	0.636363636363636
128	V79	0.545454545454545
129	V79	0.590909090909091
130	V79	0.636363636363636
131	V79	0.636363636363636
132	V79	0.579545454545455
133	V79	0.579545454545455
134	V79	0.613636363636364
135	V79	0.670454545454545
136	V79	0.568181818181818
137	V79	0.579545454545455
138	V79	0.709302325581395
139	V79	0.636363636363636
140	V79	0.590909090909091
141	V79	0.556818181818182
142	V79	0.613636363636364
143	V79	0.670454545454545
144	V79	0.613636363636364
145	V79	0.590909090909091
146	V79	0.522727272727273
147	V79	0.704545454545455
148	V79	0.545454545454545
149	V79	0.590909090909091
1	V80	0.579545454545455
2	V80	0.602272727272727
3	V80	0.5
4	V80	0.590909090909091
5	V80	0.625
6	V80	0.545454545454545
7	V80	0.593023255813954
8	V80	0.681818181818182
9	V80	0.616279069767442
10	V80	0.613636363636364
11	V80	0.613636363636364
12	V80	0.590909090909091
13	V80	0.488372093023256
14	V80	0.579545454545455
15	V80	0.647727272727273
16	V80	0.568181818181818
17	V80	0.579545454545455
18	V80	0.674418604651163
19	V80	0.602272727272727
20	V80	0.613636363636364
21	V80	0.693181818181818
22	V80	0.613636363636364
23	V80	0.545454545454545
24	V80	0.556818181818182
25	V80	0.602272727272727
26	V80	0.568181818181818
27	V80	0.659090909090909
28	V80	0.602272727272727
29	V80	0.545454545454545
30	V80	0.613636363636364
31	V80	0.636363636363636
32	V80	0.488636363636364
33	V80	0.568181818181818
34	V80	0.477272727272727
35	V80	0.628205128205128
36	V80	0.615384615384615
37	V80	0.523255813953488
38	V80	0.659090909090909
39	V80	0.634146341463415
40	V80	0.575
41	V80	0.666666666666667
42	V80	0.58974358974359
43	V80	0.597560975609756
44	V80	0.625
45	V80	0.534090909090909
46	V80	0.579545454545455
47	V80	0.647727272727273
48	V80	0.488372093023256
49	V80	0.613636363636364
50	V80	0.488636363636364
51	V80	0.488636363636364
52	V80	0.534883720930233
53	V80	0.556818181818182
54	V80	0.581395348837209
55	V80	0.727272727272727
56	V80	0.602272727272727
57	V80	0.579545454545455
58	V80	0.5
59	V80	0.465909090909091
60	V80	0.534090909090909
61	V80	0.625
62	V80	0.534090909090909
63	V80	0.579545454545455
64	V80	0.636363636363636
65	V80	0.522727272727273
66	V80	0.613636363636364
67	V80	0.556818181818182
68	V80	0.488636363636364
69	V80	0.590909090909091
70	V80	0.568181818181818
71	V80	0.602272727272727
72	V80	0.613636363636364
73	V80	0.556818181818182
74	V80	0.590909090909091
75	V80	0.686046511627907
76	V80	0.579545454545455
77	V80	0.647727272727273
78	V80	0.647727272727273
79	V80	0.579545454545455
80	V80	1
81	V80	0.556818181818182
82	V80	0.604651162790698
83	V80	0.590909090909091
84	V80	0.522727272727273
85	V80	0.590909090909091
86	V80	0.579545454545455
87	V80	0.534090909090909
88	V80	0.647727272727273
89	V80	0.579545454545455
90	V80	0.568181818181818
91	V80	0.590909090909091
92	V80	0.5
93	V80	0.613636363636364
94	V80	0.409090909090909
95	V80	0.670454545454545
96	V80	0.568181818181818
97	V80	0.659090909090909
98	V80	0.534883720930233
99	V80	0.558139534883721
100	V80	0.681818181818182
101	V80	0.613636363636364
102	V80	0.534090909090909
103	V80	0.556818181818182
104	V80	0.579545454545455
105	V80	0.545454545454545
106	V80	0.556818181818182
107	V80	0.465909090909091
108	V80	0.534090909090909
109	V80	0.534090909090909
110	V80	0.534090909090909
111	V80	0.670454545454545
112	V80	0.602272727272727
113	V80	0.568181818181818
114	V80	0.545454545454545
115	V80	0.579545454545455
116	V80	0.636363636363636
117	V80	0.545454545454545
118	V80	0.568181818181818
119	V80	0.556818181818182
120	V80	0.604651162790698
121	V80	0.579545454545455
122	V80	0.534090909090909
123	V80	0.556818181818182
124	V80	0.647727272727273
125	V80	0.579545454545455
126	V80	0.545454545454545
127	V80	0.602272727272727
128	V80	0.579545454545455
129	V80	0.579545454545455
130	V80	0.602272727272727
131	V80	0.579545454545455
132	V80	0.545454545454545
133	V80	0.568181818181818
134	V80	0.488636363636364
135	V80	0.659090909090909
136	V80	0.556818181818182
137	V80	0.431818181818182
138	V80	0.651162790697674
139	V80	0.579545454545455
140	V80	0.625
141	V80	0.636363636363636
142	V80	0.602272727272727
143	V80	0.590909090909091
144	V80	0.602272727272727
145	V80	0.556818181818182
146	V80	0.556818181818182
147	V80	0.534090909090909
148	V80	0.579545454545455
149	V80	0.511363636363636
1	V81	0.613636363636364
2	V81	0.590909090909091
3	V81	0.693181818181818
4	V81	0.602272727272727
5	V81	0.704545454545455
6	V81	0.602272727272727
7	V81	0.686046511627907
8	V81	0.625
9	V81	0.569767441860465
10	V81	0.625
11	V81	0.647727272727273
12	V81	0.625
13	V81	0.558139534883721
14	V81	0.613636363636364
15	V81	0.545454545454545
16	V81	0.602272727272727
17	V81	0.636363636363636
18	V81	0.627906976744186
19	V81	0.568181818181818
20	V81	0.670454545454545
21	V81	0.590909090909091
22	V81	0.625
23	V81	0.693181818181818
24	V81	0.590909090909091
25	V81	0.636363636363636
26	V81	0.579545454545455
27	V81	0.647727272727273
28	V81	0.636363636363636
29	V81	0.602272727272727
30	V81	0.602272727272727
31	V81	0.579545454545455
32	V81	0.636363636363636
33	V81	0.647727272727273
34	V81	0.534090909090909
35	V81	0.628205128205128
36	V81	0.67948717948718
37	V81	0.593023255813954
38	V81	0.670454545454545
39	V81	0.646341463414634
40	V81	0.6625
41	V81	0.666666666666667
42	V81	0.576923076923077
43	V81	0.682926829268293
44	V81	0.583333333333333
45	V81	0.636363636363636
46	V81	0.568181818181818
47	V81	0.545454545454545
48	V81	0.720930232558139
49	V81	0.579545454545455
50	V81	0.75
51	V81	0.636363636363636
52	V81	0.686046511627907
53	V81	0.681818181818182
54	V81	0.604651162790698
55	V81	0.715909090909091
56	V81	0.636363636363636
57	V81	0.681818181818182
58	V81	0.602272727272727
59	V81	0.704545454545455
60	V81	0.590909090909091
61	V81	0.590909090909091
62	V81	0.704545454545455
63	V81	0.659090909090909
64	V81	0.647727272727273
65	V81	0.715909090909091
66	V81	0.579545454545455
67	V81	0.636363636363636
68	V81	0.636363636363636
69	V81	0.534090909090909
70	V81	0.534090909090909
71	V81	0.659090909090909
72	V81	0.602272727272727
73	V81	0.613636363636364
74	V81	0.511363636363636
75	V81	0.63953488372093
76	V81	0.613636363636364
77	V81	0.659090909090909
78	V81	0.590909090909091
79	V81	0.613636363636364
80	V81	0.556818181818182
81	V81	1
82	V81	0.651162790697674
83	V81	0.602272727272727
84	V81	0.625
85	V81	0.625
86	V81	0.568181818181818
87	V81	0.568181818181818
88	V81	0.636363636363636
89	V81	0.681818181818182
90	V81	0.647727272727273
91	V81	0.670454545454545
92	V81	0.625
93	V81	0.625
94	V81	0.647727272727273
95	V81	0.613636363636364
96	V81	0.647727272727273
97	V81	0.670454545454545
98	V81	0.767441860465116
99	V81	0.604651162790698
100	V81	0.602272727272727
101	V81	0.670454545454545
102	V81	0.613636363636364
103	V81	0.659090909090909
104	V81	0.590909090909091
105	V81	0.670454545454545
106	V81	0.727272727272727
107	V81	0.613636363636364
108	V81	0.659090909090909
109	V81	0.659090909090909
110	V81	0.636363636363636
111	V81	0.613636363636364
112	V81	0.613636363636364
113	V81	0.602272727272727
114	V81	0.556818181818182
115	V81	0.613636363636364
116	V81	0.602272727272727
117	V81	0.647727272727273
118	V81	0.579545454545455
119	V81	0.636363636363636
120	V81	0.697674418604651
121	V81	0.727272727272727
122	V81	0.636363636363636
123	V81	0.545454545454545
124	V81	0.613636363636364
125	V81	0.659090909090909
126	V81	0.556818181818182
127	V81	0.636363636363636
128	V81	0.659090909090909
129	V81	0.590909090909091
130	V81	0.636363636363636
131	V81	0.590909090909091
132	V81	0.579545454545455
133	V81	0.647727272727273
134	V81	0.613636363636364
135	V81	0.625
136	V81	0.681818181818182
137	V81	0.647727272727273
138	V81	0.581395348837209
139	V81	0.613636363636364
140	V81	0.545454545454545
141	V81	0.579545454545455
142	V81	0.681818181818182
143	V81	0.625
144	V81	0.613636363636364
145	V81	0.659090909090909
146	V81	0.545454545454545
147	V81	0.659090909090909
148	V81	0.568181818181818
149	V81	0.636363636363636
1	V82	0.522727272727273
2	V82	0.590909090909091
3	V82	0.625
4	V82	0.625
5	V82	0.704545454545455
6	V82	0.579545454545455
7	V82	0.569767441860465
8	V82	0.625
9	V82	0.616279069767442
10	V82	0.625
11	V82	0.670454545454545
12	V82	0.625
13	V82	0.604651162790698
14	V82	0.636363636363636
15	V82	0.522727272727273
16	V82	0.670454545454545
17	V82	0.704545454545455
18	V82	0.627906976744186
19	V82	0.636363636363636
20	V82	0.647727272727273
21	V82	0.636363636363636
22	V82	0.647727272727273
23	V82	0.670454545454545
24	V82	0.613636363636364
25	V82	0.613636363636364
26	V82	0.579545454545455
27	V82	0.602272727272727
28	V82	0.659090909090909
29	V82	0.738636363636364
30	V82	0.670454545454545
31	V82	0.625
32	V82	0.636363636363636
33	V82	0.602272727272727
34	V82	0.556818181818182
35	V82	0.666666666666667
36	V82	0.628205128205128
37	V82	0.686046511627907
38	V82	0.625
39	V82	0.597560975609756
40	V82	0.7
41	V82	0.705128205128205
42	V82	0.628205128205128
43	V82	0.707317073170732
44	V82	0.680555555555556
45	V82	0.636363636363636
46	V82	0.636363636363636
47	V82	0.613636363636364
48	V82	0.709302325581395
49	V82	0.693181818181818
50	V82	0.681818181818182
51	V82	0.681818181818182
52	V82	0.569767441860465
53	V82	0.590909090909091
54	V82	0.604651162790698
55	V82	0.602272727272727
56	V82	0.590909090909091
57	V82	0.568181818181818
58	V82	0.579545454545455
59	V82	0.636363636363636
60	V82	0.659090909090909
61	V82	0.568181818181818
62	V82	0.590909090909091
63	V82	0.613636363636364
64	V82	0.602272727272727
65	V82	0.715909090909091
66	V82	0.625
67	V82	0.727272727272727
68	V82	0.590909090909091
69	V82	0.670454545454545
70	V82	0.556818181818182
71	V82	0.681818181818182
72	V82	0.625
73	V82	0.590909090909091
74	V82	0.556818181818182
75	V82	0.686046511627907
76	V82	0.659090909090909
77	V82	0.681818181818182
78	V82	0.568181818181818
79	V82	0.613636363636364
80	V82	0.602272727272727
81	V82	0.659090909090909
82	V82	1
83	V82	0.579545454545455
84	V82	0.693181818181818
85	V82	0.602272727272727
86	V82	0.636363636363636
87	V82	0.636363636363636
88	V82	0.636363636363636
89	V82	0.636363636363636
90	V82	0.625
91	V82	0.579545454545455
92	V82	0.693181818181818
93	V82	0.625
94	V82	0.556818181818182
95	V82	0.681818181818182
96	V82	0.625
97	V82	0.715909090909091
98	V82	0.604651162790698
99	V82	0.651162790697674
100	V82	0.579545454545455
101	V82	0.602272727272727
102	V82	0.681818181818182
103	V82	0.636363636363636
104	V82	0.545454545454545
105	V82	0.625
106	V82	0.681818181818182
107	V82	0.659090909090909
108	V82	0.681818181818182
109	V82	0.636363636363636
110	V82	0.727272727272727
111	V82	0.636363636363636
112	V82	0.659090909090909
113	V82	0.647727272727273
114	V82	0.647727272727273
115	V82	0.613636363636364
116	V82	0.670454545454545
117	V82	0.693181818181818
118	V82	0.579545454545455
119	V82	0.636363636363636
120	V82	0.744186046511628
121	V82	0.590909090909091
122	V82	0.681818181818182
123	V82	0.659090909090909
124	V82	0.613636363636364
125	V82	0.704545454545455
126	V82	0.602272727272727
127	V82	0.704545454545455
128	V82	0.659090909090909
129	V82	0.613636363636364
130	V82	0.681818181818182
131	V82	0.613636363636364
132	V82	0.602272727272727
133	V82	0.579545454545455
134	V82	0.590909090909091
135	V82	0.693181818181818
136	V82	0.636363636363636
137	V82	0.579545454545455
138	V82	0.651162790697674
139	V82	0.636363636363636
140	V82	0.590909090909091
141	V82	0.715909090909091
142	V82	0.681818181818182
143	V82	0.625
144	V82	0.590909090909091
145	V82	0.704545454545455
146	V82	0.613636363636364
147	V82	0.681818181818182
148	V82	0.613636363636364
149	V82	0.681818181818182
1	V83	0.534090909090909
2	V83	0.488636363636364
3	V83	0.636363636363636
4	V83	0.613636363636364
5	V83	0.556818181818182
6	V83	0.659090909090909
7	V83	0.593023255813954
8	V83	0.659090909090909
9	V83	0.593023255813954
10	V83	0.590909090909091
11	V83	0.704545454545455
12	V83	0.659090909090909
13	V83	0.627906976744186
14	V83	0.625
15	V83	0.534090909090909
16	V83	0.545454545454545
17	V83	0.602272727272727
18	V83	0.674418604651163
19	V83	0.602272727272727
20	V83	0.659090909090909
21	V83	0.602272727272727
22	V83	0.613636363636364
23	V83	0.545454545454545
24	V83	0.670454545454545
25	V83	0.670454545454545
26	V83	0.590909090909091
27	V83	0.613636363636364
28	V83	0.715909090909091
29	V83	0.590909090909091
30	V83	0.613636363636364
31	V83	0.590909090909091
32	V83	0.625
33	V83	0.681818181818182
34	V83	0.590909090909091
35	V83	0.717948717948718
36	V83	0.666666666666667
37	V83	0.523255813953488
38	V83	0.659090909090909
39	V83	0.585365853658537
40	V83	0.5875
41	V83	0.628205128205128
42	V83	0.641025641025641
43	V83	0.646341463414634
44	V83	0.569444444444444
45	V83	0.556818181818182
46	V83	0.602272727272727
47	V83	0.602272727272727
48	V83	0.616279069767442
49	V83	0.613636363636364
50	V83	0.556818181818182
51	V83	0.625
52	V83	0.569767441860465
53	V83	0.602272727272727
54	V83	0.697674418604651
55	V83	0.636363636363636
56	V83	0.670454545454545
57	V83	0.647727272727273
58	V83	0.590909090909091
59	V83	0.625
60	V83	0.647727272727273
61	V83	0.602272727272727
62	V83	0.670454545454545
63	V83	0.625
64	V83	0.613636363636364
65	V83	0.659090909090909
66	V83	0.613636363636364
67	V83	0.579545454545455
68	V83	0.534090909090909
69	V83	0.590909090909091
70	V83	0.659090909090909
71	V83	0.579545454545455
72	V83	0.659090909090909
73	V83	0.602272727272727
74	V83	0.636363636363636
75	V83	0.662790697674419
76	V83	0.579545454545455
77	V83	0.647727272727273
78	V83	0.602272727272727
79	V83	0.556818181818182
80	V83	0.590909090909091
81	V83	0.602272727272727
82	V83	0.581395348837209
83	V83	1
84	V83	0.590909090909091
85	V83	0.704545454545455
86	V83	0.579545454545455
87	V83	0.579545454545455
88	V83	0.647727272727273
89	V83	0.556818181818182
90	V83	0.613636363636364
91	V83	0.568181818181818
92	V83	0.75
93	V83	0.568181818181818
94	V83	0.545454545454545
95	V83	0.670454545454545
96	V83	0.568181818181818
97	V83	0.704545454545455
98	V83	0.604651162790698
99	V83	0.627906976744186
100	V83	0.568181818181818
101	V83	0.568181818181818
102	V83	0.511363636363636
103	V83	0.556818181818182
104	V83	0.556818181818182
105	V83	0.522727272727273
106	V83	0.625
107	V83	0.534090909090909
108	V83	0.625
109	V83	0.670454545454545
110	V83	0.647727272727273
111	V83	0.602272727272727
112	V83	0.602272727272727
113	V83	0.568181818181818
114	V83	0.545454545454545
115	V83	0.602272727272727
116	V83	0.681818181818182
117	V83	0.522727272727273
118	V83	0.659090909090909
119	V83	0.602272727272727
120	V83	0.558139534883721
121	V83	0.670454545454545
122	V83	0.556818181818182
123	V83	0.602272727272727
124	V83	0.579545454545455
125	V83	0.556818181818182
126	V83	0.613636363636364
127	V83	0.602272727272727
128	V83	0.579545454545455
129	V83	0.556818181818182
130	V83	0.625
131	V83	0.556818181818182
132	V83	0.568181818181818
133	V83	0.568181818181818
134	V83	0.602272727272727
135	V83	0.659090909090909
136	V83	0.670454545454545
137	V83	0.454545454545455
138	V83	0.581395348837209
139	V83	0.625
140	V83	0.579545454545455
141	V83	0.568181818181818
142	V83	0.625
143	V83	0.659090909090909
144	V83	0.602272727272727
145	V83	0.761363636363636
146	V83	0.647727272727273
147	V83	0.625
148	V83	0.556818181818182
149	V83	0.534090909090909
1	V84	0.556818181818182
2	V84	0.511363636363636
3	V84	0.659090909090909
4	V84	0.590909090909091
5	V84	0.647727272727273
6	V84	0.590909090909091
7	V84	0.674418604651163
8	V84	0.704545454545455
9	V84	0.569767441860465
10	V84	0.636363636363636
11	V84	0.636363636363636
12	V84	0.613636363636364
13	V84	0.63953488372093
14	V84	0.784090909090909
15	V84	0.579545454545455
16	V84	0.727272727272727
17	V84	0.647727272727273
18	V84	0.616279069767442
19	V84	0.602272727272727
20	V84	0.659090909090909
21	V84	0.625
22	V84	0.636363636363636
23	V84	0.704545454545455
24	V84	0.625
25	V84	0.647727272727273
26	V84	0.681818181818182
27	V84	0.681818181818182
28	V84	0.670454545454545
29	V84	0.681818181818182
30	V84	0.636363636363636
31	V84	0.636363636363636
32	V84	0.647727272727273
33	V84	0.613636363636364
34	V84	0.636363636363636
35	V84	0.615384615384615
36	V84	0.628205128205128
37	V84	0.627906976744186
38	V84	0.659090909090909
39	V84	0.682926829268293
40	V84	0.65
41	V84	0.692307692307692
42	V84	0.551282051282051
43	V84	0.658536585365854
44	V84	0.680555555555556
45	V84	0.579545454545455
46	V84	0.647727272727273
47	V84	0.647727272727273
48	V84	0.686046511627907
49	V84	0.613636363636364
50	V84	0.784090909090909
51	V84	0.715909090909091
52	V84	0.593023255813954
53	V84	0.579545454545455
54	V84	0.616279069767442
55	V84	0.590909090909091
56	V84	0.579545454545455
57	V84	0.625
58	V84	0.613636363636364
59	V84	0.693181818181818
60	V84	0.670454545454545
61	V84	0.579545454545455
62	V84	0.579545454545455
63	V84	0.579545454545455
64	V84	0.681818181818182
65	V84	0.75
66	V84	0.590909090909091
67	V84	0.625
68	V84	0.556818181818182
69	V84	0.681818181818182
70	V84	0.659090909090909
71	V84	0.670454545454545
72	V84	0.636363636363636
73	V84	0.647727272727273
74	V84	0.522727272727273
75	V84	0.651162790697674
76	V84	0.579545454545455
77	V84	0.625
78	V84	0.647727272727273
79	V84	0.625
80	V84	0.522727272727273
81	V84	0.625
82	V84	0.697674418604651
83	V84	0.590909090909091
84	V84	1
85	V84	0.704545454545455
86	V84	0.738636363636364
87	V84	0.602272727272727
88	V84	0.625
89	V84	0.556818181818182
90	V84	0.727272727272727
91	V84	0.659090909090909
92	V84	0.636363636363636
93	V84	0.727272727272727
94	V84	0.590909090909091
95	V84	0.670454545454545
96	V84	0.659090909090909
97	V84	0.681818181818182
98	V84	0.674418604651163
99	V84	0.569767441860465
100	V84	0.590909090909091
101	V84	0.704545454545455
102	V84	0.625
103	V84	0.625
104	V84	0.556818181818182
105	V84	0.636363636363636
106	V84	0.647727272727273
107	V84	0.647727272727273
108	V84	0.647727272727273
109	V84	0.670454545454545
110	V84	0.715909090909091
111	V84	0.625
112	V84	0.693181818181818
113	V84	0.613636363636364
114	V84	0.590909090909091
115	V84	0.647727272727273
116	V84	0.704545454545455
117	V84	0.613636363636364
118	V84	0.568181818181818
119	V84	0.670454545454545
120	V84	0.627906976744186
121	V84	0.625
122	V84	0.715909090909091
123	V84	0.556818181818182
124	V84	0.670454545454545
125	V84	0.715909090909091
126	V84	0.659090909090909
127	V84	0.715909090909091
128	V84	0.670454545454545
129	V84	0.670454545454545
130	V84	0.625
131	V84	0.579545454545455
132	V84	0.613636363636364
133	V84	0.613636363636364
134	V84	0.670454545454545
135	V84	0.659090909090909
136	V84	0.647727272727273
137	V84	0.681818181818182
138	V84	0.627906976744186
139	V84	0.647727272727273
140	V84	0.602272727272727
141	V84	0.590909090909091
142	V84	0.670454545454545
143	V84	0.636363636363636
144	V84	0.647727272727273
145	V84	0.715909090909091
146	V84	0.647727272727273
147	V84	0.647727272727273
148	V84	0.670454545454545
149	V84	0.647727272727273
1	V85	0.579545454545455
2	V85	0.534090909090909
3	V85	0.636363636363636
4	V85	0.681818181818182
5	V85	0.693181818181818
6	V85	0.636363636363636
7	V85	0.697674418604651
8	V85	0.704545454545455
9	V85	0.593023255813954
10	V85	0.613636363636364
11	V85	0.636363636363636
12	V85	0.659090909090909
13	V85	0.627906976744186
14	V85	0.670454545454545
15	V85	0.602272727272727
16	V85	0.590909090909091
17	V85	0.693181818181818
18	V85	0.732558139534884
19	V85	0.579545454545455
20	V85	0.659090909090909
21	V85	0.556818181818182
22	V85	0.636363636363636
23	V85	0.613636363636364
24	V85	0.647727272727273
25	V85	0.602272727272727
26	V85	0.613636363636364
27	V85	0.704545454545455
28	V85	0.670454545454545
29	V85	0.659090909090909
30	V85	0.659090909090909
31	V85	0.590909090909091
32	V85	0.670454545454545
33	V85	0.681818181818182
34	V85	0.590909090909091
35	V85	0.705128205128205
36	V85	0.628205128205128
37	V85	0.488372093023256
38	V85	0.727272727272727
39	V85	0.670731707317073
40	V85	0.625
41	V85	0.692307692307692
42	V85	0.576923076923077
43	V85	0.670731707317073
44	V85	0.625
45	V85	0.670454545454545
46	V85	0.602272727272727
47	V85	0.647727272727273
48	V85	0.627906976744186
49	V85	0.704545454545455
50	V85	0.625
51	V85	0.670454545454545
52	V85	0.709302325581395
53	V85	0.647727272727273
54	V85	0.627906976744186
55	V85	0.636363636363636
56	V85	0.670454545454545
57	V85	0.715909090909091
58	V85	0.636363636363636
59	V85	0.579545454545455
60	V85	0.670454545454545
61	V85	0.647727272727273
62	V85	0.625
63	V85	0.625
64	V85	0.636363636363636
65	V85	0.636363636363636
66	V85	0.613636363636364
67	V85	0.625
68	V85	0.579545454545455
69	V85	0.613636363636364
70	V85	0.704545454545455
71	V85	0.647727272727273
72	V85	0.613636363636364
73	V85	0.670454545454545
74	V85	0.636363636363636
75	V85	0.709302325581395
76	V85	0.693181818181818
77	V85	0.670454545454545
78	V85	0.670454545454545
79	V85	0.579545454545455
80	V85	0.590909090909091
81	V85	0.625
82	V85	0.604651162790698
83	V85	0.704545454545455
84	V85	0.704545454545455
85	V85	1
86	V85	0.647727272727273
87	V85	0.602272727272727
88	V85	0.625
89	V85	0.625
90	V85	0.681818181818182
91	V85	0.613636363636364
92	V85	0.681818181818182
93	V85	0.636363636363636
94	V85	0.613636363636364
95	V85	0.670454545454545
96	V85	0.636363636363636
97	V85	0.681818181818182
98	V85	0.604651162790698
99	V85	0.604651162790698
100	V85	0.613636363636364
101	V85	0.659090909090909
102	V85	0.602272727272727
103	V85	0.670454545454545
104	V85	0.625
105	V85	0.590909090909091
106	V85	0.602272727272727
107	V85	0.579545454545455
108	V85	0.670454545454545
109	V85	0.602272727272727
110	V85	0.625
111	V85	0.625
112	V85	0.670454545454545
113	V85	0.613636363636364
114	V85	0.613636363636364
115	V85	0.670454545454545
116	V85	0.704545454545455
117	V85	0.681818181818182
118	V85	0.704545454545455
119	V85	0.625
120	V85	0.63953488372093
121	V85	0.602272727272727
122	V85	0.602272727272727
123	V85	0.602272727272727
124	V85	0.602272727272727
125	V85	0.670454545454545
126	V85	0.568181818181818
127	V85	0.625
128	V85	0.647727272727273
129	V85	0.670454545454545
130	V85	0.784090909090909
131	V85	0.625
132	V85	0.613636363636364
133	V85	0.613636363636364
134	V85	0.625
135	V85	0.659090909090909
136	V85	0.738636363636364
137	V85	0.568181818181818
138	V85	0.604651162790698
139	V85	0.647727272727273
140	V85	0.670454545454545
141	V85	0.659090909090909
142	V85	0.715909090909091
143	V85	0.636363636363636
144	V85	0.625
145	V85	0.647727272727273
146	V85	0.579545454545455
147	V85	0.670454545454545
148	V85	0.647727272727273
149	V85	0.670454545454545
1	V86	0.568181818181818
2	V86	0.613636363636364
3	V86	0.602272727272727
4	V86	0.579545454545455
5	V86	0.590909090909091
6	V86	0.534090909090909
7	V86	0.616279069767442
8	V86	0.625
9	V86	0.593023255813954
10	V86	0.534090909090909
11	V86	0.534090909090909
12	V86	0.534090909090909
13	V86	0.569767441860465
14	V86	0.704545454545455
15	V86	0.568181818181818
16	V86	0.670454545454545
17	V86	0.659090909090909
18	V86	0.697674418604651
19	V86	0.636363636363636
20	V86	0.625
21	V86	0.659090909090909
22	V86	0.556818181818182
23	V86	0.625
24	V86	0.522727272727273
25	V86	0.613636363636364
26	V86	0.647727272727273
27	V86	0.602272727272727
28	V86	0.613636363636364
29	V86	0.625
30	V86	0.602272727272727
31	V86	0.579545454545455
32	V86	0.568181818181818
33	V86	0.670454545454545
34	V86	0.625
35	V86	0.628205128205128
36	V86	0.564102564102564
37	V86	0.569767441860465
38	V86	0.556818181818182
39	V86	0.597560975609756
40	V86	0.6375
41	V86	0.717948717948718
42	V86	0.564102564102564
43	V86	0.573170731707317
44	V86	0.625
45	V86	0.613636363636364
46	V86	0.681818181818182
47	V86	0.636363636363636
48	V86	0.627906976744186
49	V86	0.670454545454545
50	V86	0.636363636363636
51	V86	0.568181818181818
52	V86	0.569767441860465
53	V86	0.636363636363636
54	V86	0.63953488372093
55	V86	0.602272727272727
56	V86	0.613636363636364
57	V86	0.613636363636364
58	V86	0.579545454545455
59	V86	0.613636363636364
60	V86	0.636363636363636
61	V86	0.545454545454545
62	V86	0.590909090909091
63	V86	0.613636363636364
64	V86	0.693181818181818
65	V86	0.670454545454545
66	V86	0.670454545454545
67	V86	0.590909090909091
68	V86	0.568181818181818
69	V86	0.670454545454545
70	V86	0.625
71	V86	0.613636363636364
72	V86	0.693181818181818
73	V86	0.636363636363636
74	V86	0.534090909090909
75	V86	0.674418604651163
76	V86	0.590909090909091
77	V86	0.636363636363636
78	V86	0.590909090909091
79	V86	0.568181818181818
80	V86	0.579545454545455
81	V86	0.568181818181818
82	V86	0.627906976744186
83	V86	0.579545454545455
84	V86	0.738636363636364
85	V86	0.647727272727273
86	V86	1
87	V86	0.636363636363636
88	V86	0.590909090909091
89	V86	0.590909090909091
90	V86	0.625
91	V86	0.602272727272727
92	V86	0.625
93	V86	0.670454545454545
94	V86	0.556818181818182
95	V86	0.590909090909091
96	V86	0.602272727272727
97	V86	0.647727272727273
98	V86	0.546511627906977
99	V86	0.616279069767442
100	V86	0.625
101	V86	0.602272727272727
102	V86	0.522727272727273
103	V86	0.590909090909091
104	V86	0.5
105	V86	0.579545454545455
106	V86	0.681818181818182
107	V86	0.636363636363636
108	V86	0.636363636363636
109	V86	0.613636363636364
110	V86	0.659090909090909
111	V86	0.636363636363636
112	V86	0.636363636363636
113	V86	0.738636363636364
114	V86	0.625
115	V86	0.681818181818182
116	V86	0.670454545454545
117	V86	0.647727272727273
118	V86	0.625
119	V86	0.704545454545455
120	V86	0.627906976744186
121	V86	0.636363636363636
122	V86	0.613636363636364
123	V86	0.545454545454545
124	V86	0.590909090909091
125	V86	0.681818181818182
126	V86	0.579545454545455
127	V86	0.636363636363636
128	V86	0.636363636363636
129	V86	0.659090909090909
130	V86	0.613636363636364
131	V86	0.590909090909091
132	V86	0.625
133	V86	0.579545454545455
134	V86	0.590909090909091
135	V86	0.647727272727273
136	V86	0.568181818181818
137	V86	0.579545454545455
138	V86	0.709302325581395
139	V86	0.704545454545455
140	V86	0.568181818181818
141	V86	0.534090909090909
142	V86	0.659090909090909
143	V86	0.670454545454545
144	V86	0.681818181818182
145	V86	0.659090909090909
146	V86	0.681818181818182
147	V86	0.636363636363636
148	V86	0.727272727272727
149	V86	0.681818181818182
1	V87	0.613636363636364
2	V87	0.590909090909091
3	V87	0.579545454545455
4	V87	0.534090909090909
5	V87	0.613636363636364
6	V87	0.602272727272727
7	V87	0.604651162790698
8	V87	0.625
9	V87	0.616279069767442
10	V87	0.602272727272727
11	V87	0.602272727272727
12	V87	0.534090909090909
13	V87	0.593023255813954
14	V87	0.704545454545455
15	V87	0.613636363636364
16	V87	0.579545454545455
17	V87	0.590909090909091
18	V87	0.523255813953488
19	V87	0.636363636363636
20	V87	0.511363636363636
21	V87	0.590909090909091
22	V87	0.579545454545455
23	V87	0.579545454545455
24	V87	0.659090909090909
25	V87	0.590909090909091
26	V87	0.602272727272727
27	V87	0.579545454545455
28	V87	0.613636363636364
29	V87	0.602272727272727
30	V87	0.534090909090909
31	V87	0.602272727272727
32	V87	0.5
33	V87	0.602272727272727
34	V87	0.579545454545455
35	V87	0.615384615384615
36	V87	0.641025641025641
37	V87	0.604651162790698
38	V87	0.625
39	V87	0.548780487804878
40	V87	0.6625
41	V87	0.653846153846154
42	V87	0.602564102564103
43	V87	0.573170731707317
44	V87	0.583333333333333
45	V87	0.590909090909091
46	V87	0.5
47	V87	0.522727272727273
48	V87	0.616279069767442
49	V87	0.625
50	V87	0.590909090909091
51	V87	0.590909090909091
52	V87	0.593023255813954
53	V87	0.590909090909091
54	V87	0.569767441860465
55	V87	0.602272727272727
56	V87	0.613636363636364
57	V87	0.568181818181818
58	V87	0.579545454545455
59	V87	0.590909090909091
60	V87	0.659090909090909
61	V87	0.5
62	V87	0.568181818181818
63	V87	0.636363636363636
64	V87	0.625
65	V87	0.579545454545455
66	V87	0.693181818181818
67	V87	0.727272727272727
68	V87	0.590909090909091
69	V87	0.625
70	V87	0.534090909090909
71	V87	0.545454545454545
72	V87	0.556818181818182
73	V87	0.545454545454545
74	V87	0.625
75	V87	0.604651162790698
76	V87	0.590909090909091
77	V87	0.727272727272727
78	V87	0.659090909090909
79	V87	0.659090909090909
80	V87	0.534090909090909
81	V87	0.568181818181818
82	V87	0.627906976744186
83	V87	0.579545454545455
84	V87	0.602272727272727
85	V87	0.602272727272727
86	V87	0.636363636363636
87	V87	1
88	V87	0.659090909090909
89	V87	0.545454545454545
90	V87	0.670454545454545
91	V87	0.534090909090909
92	V87	0.670454545454545
93	V87	0.625
94	V87	0.579545454545455
95	V87	0.568181818181818
96	V87	0.625
97	V87	0.670454545454545
98	V87	0.593023255813954
99	V87	0.686046511627907
100	V87	0.579545454545455
101	V87	0.556818181818182
102	V87	0.590909090909091
103	V87	0.522727272727273
104	V87	0.477272727272727
105	V87	0.579545454545455
106	V87	0.613636363636364
107	V87	0.545454545454545
108	V87	0.636363636363636
109	V87	0.636363636363636
110	V87	0.636363636363636
111	V87	0.545454545454545
112	V87	0.590909090909091
113	V87	0.579545454545455
114	V87	0.602272727272727
115	V87	0.545454545454545
116	V87	0.647727272727273
117	V87	0.579545454545455
118	V87	0.556818181818182
119	V87	0.590909090909091
120	V87	0.604651162790698
121	V87	0.568181818181818
122	V87	0.545454545454545
123	V87	0.590909090909091
124	V87	0.613636363636364
125	V87	0.590909090909091
126	V87	0.602272727272727
127	V87	0.727272727272727
128	V87	0.545454545454545
129	V87	0.613636363636364
130	V87	0.636363636363636
131	V87	0.636363636363636
132	V87	0.625
133	V87	0.511363636363636
134	V87	0.590909090909091
135	V87	0.625
136	V87	0.590909090909091
137	V87	0.534090909090909
138	V87	0.686046511627907
139	V87	0.636363636363636
140	V87	0.613636363636364
141	V87	0.556818181818182
142	V87	0.636363636363636
143	V87	0.693181818181818
144	V87	0.704545454545455
145	V87	0.659090909090909
146	V87	0.590909090909091
147	V87	0.636363636363636
148	V87	0.636363636363636
149	V87	0.5
1	V88	0.636363636363636
2	V88	0.590909090909091
3	V88	0.556818181818182
4	V88	0.579545454545455
5	V88	0.613636363636364
6	V88	0.602272727272727
7	V88	0.63953488372093
8	V88	0.693181818181818
9	V88	0.616279069767442
10	V88	0.647727272727273
11	V88	0.670454545454545
12	V88	0.602272727272727
13	V88	0.651162790697674
14	V88	0.636363636363636
15	V88	0.681818181818182
16	V88	0.579545454545455
17	V88	0.613636363636364
18	V88	0.651162790697674
19	V88	0.659090909090909
20	V88	0.715909090909091
21	V88	0.636363636363636
22	V88	0.693181818181818
23	V88	0.647727272727273
24	V88	0.636363636363636
25	V88	0.659090909090909
26	V88	0.670454545454545
27	V88	0.670454545454545
28	V88	0.659090909090909
29	V88	0.647727272727273
30	V88	0.693181818181818
31	V88	0.647727272727273
32	V88	0.636363636363636
33	V88	0.625
34	V88	0.579545454545455
35	V88	0.666666666666667
36	V88	0.641025641025641
37	V88	0.616279069767442
38	V88	0.693181818181818
39	V88	0.707317073170732
40	V88	0.65
41	V88	0.743589743589744
42	V88	0.628205128205128
43	V88	0.646341463414634
44	V88	0.569444444444444
45	V88	0.681818181818182
46	V88	0.613636363636364
47	V88	0.613636363636364
48	V88	0.569767441860465
49	V88	0.579545454545455
50	V88	0.590909090909091
51	V88	0.545454545454545
52	V88	0.63953488372093
53	V88	0.636363636363636
54	V88	0.627906976744186
55	V88	0.647727272727273
56	V88	0.613636363636364
57	V88	0.613636363636364
58	V88	0.534090909090909
59	V88	0.613636363636364
60	V88	0.659090909090909
61	V88	0.590909090909091
62	V88	0.590909090909091
63	V88	0.636363636363636
64	V88	0.647727272727273
65	V88	0.693181818181818
66	V88	0.602272727272727
67	V88	0.636363636363636
68	V88	0.590909090909091
69	V88	0.602272727272727
70	V88	0.670454545454545
71	V88	0.613636363636364
72	V88	0.625
73	V88	0.613636363636364
74	V88	0.670454545454545
75	V88	0.662790697674419
76	V88	0.659090909090909
77	V88	0.704545454545455
78	V88	0.613636363636364
79	V88	0.613636363636364
80	V88	0.647727272727273
81	V88	0.636363636363636
82	V88	0.627906976744186
83	V88	0.647727272727273
84	V88	0.625
85	V88	0.625
86	V88	0.590909090909091
87	V88	0.659090909090909
88	V88	1
89	V88	0.613636363636364
90	V88	0.715909090909091
91	V88	0.693181818181818
92	V88	0.579545454545455
93	V88	0.670454545454545
94	V88	0.579545454545455
95	V88	0.636363636363636
96	V88	0.647727272727273
97	V88	0.670454545454545
98	V88	0.593023255813954
99	V88	0.651162790697674
100	V88	0.670454545454545
101	V88	0.556818181818182
102	V88	0.636363636363636
103	V88	0.659090909090909
104	V88	0.522727272727273
105	V88	0.579545454545455
106	V88	0.636363636363636
107	V88	0.590909090909091
108	V88	0.681818181818182
109	V88	0.727272727272727
110	V88	0.590909090909091
111	V88	0.704545454545455
112	V88	0.659090909090909
113	V88	0.602272727272727
114	V88	0.602272727272727
115	V88	0.568181818181818
116	V88	0.625
117	V88	0.556818181818182
118	V88	0.602272727272727
119	V88	0.659090909090909
120	V88	0.616279069767442
121	V88	0.636363636363636
122	V88	0.545454545454545
123	V88	0.568181818181818
124	V88	0.568181818181818
125	V88	0.613636363636364
126	V88	0.625
127	V88	0.681818181818182
128	V88	0.613636363636364
129	V88	0.613636363636364
130	V88	0.636363636363636
131	V88	0.590909090909091
132	V88	0.602272727272727
133	V88	0.579545454545455
134	V88	0.659090909090909
135	V88	0.715909090909091
136	V88	0.681818181818182
137	V88	0.625
138	V88	0.569767441860465
139	V88	0.636363636363636
140	V88	0.681818181818182
141	V88	0.625
142	V88	0.613636363636364
143	V88	0.647727272727273
144	V88	0.590909090909091
145	V88	0.704545454545455
146	V88	0.659090909090909
147	V88	0.681818181818182
148	V88	0.659090909090909
149	V88	0.522727272727273
1	V89	0.636363636363636
2	V89	0.613636363636364
3	V89	0.647727272727273
4	V89	0.647727272727273
5	V89	0.727272727272727
6	V89	0.511363636363636
7	V89	0.616279069767442
8	V89	0.556818181818182
9	V89	0.616279069767442
10	V89	0.579545454545455
11	V89	0.670454545454545
12	V89	0.602272727272727
13	V89	0.616279069767442
14	V89	0.568181818181818
15	V89	0.590909090909091
16	V89	0.625
17	V89	0.636363636363636
18	V89	0.651162790697674
19	V89	0.659090909090909
20	V89	0.715909090909091
21	V89	0.613636363636364
22	V89	0.647727272727273
23	V89	0.511363636363636
24	V89	0.568181818181818
25	V89	0.590909090909091
26	V89	0.602272727272727
27	V89	0.625
28	V89	0.590909090909091
29	V89	0.647727272727273
30	V89	0.647727272727273
31	V89	0.647727272727273
32	V89	0.590909090909091
33	V89	0.647727272727273
34	V89	0.511363636363636
35	V89	0.602564102564103
36	V89	0.666666666666667
37	V89	0.523255813953488
38	V89	0.602272727272727
39	V89	0.670731707317073
40	V89	0.625
41	V89	0.615384615384615
42	V89	0.576923076923077
43	V89	0.634146341463415
44	V89	0.611111111111111
45	V89	0.636363636363636
46	V89	0.727272727272727
47	V89	0.545454545454545
48	V89	0.604651162790698
49	V89	0.602272727272727
50	V89	0.590909090909091
51	V89	0.545454545454545
52	V89	0.662790697674419
53	V89	0.636363636363636
54	V89	0.63953488372093
55	V89	0.647727272727273
56	V89	0.545454545454545
57	V89	0.613636363636364
58	V89	0.625
59	V89	0.568181818181818
60	V89	0.545454545454545
61	V89	0.545454545454545
62	V89	0.590909090909091
63	V89	0.681818181818182
64	V89	0.579545454545455
65	V89	0.625
66	V89	0.534090909090909
67	V89	0.545454545454545
68	V89	0.590909090909091
69	V89	0.602272727272727
70	V89	0.602272727272727
71	V89	0.568181818181818
72	V89	0.647727272727273
73	V89	0.522727272727273
74	V89	0.625
75	V89	0.651162790697674
76	V89	0.590909090909091
77	V89	0.613636363636364
78	V89	0.590909090909091
79	V89	0.568181818181818
80	V89	0.579545454545455
81	V89	0.681818181818182
82	V89	0.627906976744186
83	V89	0.556818181818182
84	V89	0.556818181818182
85	V89	0.625
86	V89	0.590909090909091
87	V89	0.545454545454545
88	V89	0.613636363636364
89	V89	1
90	V89	0.625
91	V89	0.625
92	V89	0.556818181818182
93	V89	0.579545454545455
94	V89	0.579545454545455
95	V89	0.568181818181818
96	V89	0.715909090909091
97	V89	0.602272727272727
98	V89	0.593023255813954
99	V89	0.593023255813954
100	V89	0.625
101	V89	0.602272727272727
102	V89	0.590909090909091
103	V89	0.613636363636364
104	V89	0.590909090909091
105	V89	0.625
106	V89	0.659090909090909
107	V89	0.636363636363636
108	V89	0.659090909090909
109	V89	0.590909090909091
110	V89	0.545454545454545
111	V89	0.636363636363636
112	V89	0.704545454545455
113	V89	0.647727272727273
114	V89	0.534090909090909
115	V89	0.613636363636364
116	V89	0.647727272727273
117	V89	0.693181818181818
118	V89	0.693181818181818
119	V89	0.590909090909091
120	V89	0.604651162790698
121	V89	0.545454545454545
122	V89	0.636363636363636
123	V89	0.545454545454545
124	V89	0.659090909090909
125	V89	0.681818181818182
126	V89	0.534090909090909
127	V89	0.590909090909091
128	V89	0.636363636363636
129	V89	0.636363636363636
130	V89	0.659090909090909
131	V89	0.704545454545455
132	V89	0.670454545454545
133	V89	0.579545454545455
134	V89	0.613636363636364
135	V89	0.647727272727273
136	V89	0.613636363636364
137	V89	0.602272727272727
138	V89	0.686046511627907
139	V89	0.568181818181818
140	V89	0.659090909090909
141	V89	0.534090909090909
142	V89	0.75
143	V89	0.625
144	V89	0.545454545454545
145	V89	0.613636363636364
146	V89	0.545454545454545
147	V89	0.659090909090909
148	V89	0.613636363636364
149	V89	0.659090909090909
1	V90	0.625
2	V90	0.534090909090909
3	V90	0.613636363636364
4	V90	0.659090909090909
5	V90	0.670454545454545
6	V90	0.590909090909091
7	V90	0.674418604651163
8	V90	0.681818181818182
9	V90	0.651162790697674
10	V90	0.613636363636364
11	V90	0.659090909090909
12	V90	0.568181818181818
13	V90	0.569767441860465
14	V90	0.715909090909091
15	V90	0.602272727272727
16	V90	0.636363636363636
17	V90	0.602272727272727
18	V90	0.616279069767442
19	V90	0.625
20	V90	0.704545454545455
21	V90	0.625
22	V90	0.636363636363636
23	V90	0.590909090909091
24	V90	0.579545454545455
25	V90	0.670454545454545
26	V90	0.681818181818182
27	V90	0.659090909090909
28	V90	0.602272727272727
29	V90	0.636363636363636
30	V90	0.590909090909091
31	V90	0.659090909090909
32	V90	0.534090909090909
33	V90	0.681818181818182
34	V90	0.659090909090909
35	V90	0.67948717948718
36	V90	0.615384615384615
37	V90	0.558139534883721
38	V90	0.681818181818182
39	V90	0.597560975609756
40	V90	0.6875
41	V90	0.67948717948718
42	V90	0.602564102564103
43	V90	0.646341463414634
44	V90	0.597222222222222
45	V90	0.715909090909091
46	V90	0.602272727272727
47	V90	0.647727272727273
48	V90	0.604651162790698
49	V90	0.568181818181818
50	V90	0.625
51	V90	0.579545454545455
52	V90	0.616279069767442
53	V90	0.693181818181818
54	V90	0.546511627906977
55	V90	0.659090909090909
56	V90	0.602272727272727
57	V90	0.625
58	V90	0.613636363636364
59	V90	0.647727272727273
60	V90	0.602272727272727
61	V90	0.625
62	V90	0.670454545454545
63	V90	0.602272727272727
64	V90	0.636363636363636
65	V90	0.704545454545455
66	V90	0.613636363636364
67	V90	0.625
68	V90	0.602272727272727
69	V90	0.659090909090909
70	V90	0.636363636363636
71	V90	0.670454545454545
72	V90	0.568181818181818
73	V90	0.670454545454545
74	V90	0.636363636363636
75	V90	0.651162790697674
76	V90	0.579545454545455
77	V90	0.693181818181818
78	V90	0.579545454545455
79	V90	0.625
80	V90	0.568181818181818
81	V90	0.647727272727273
82	V90	0.616279069767442
83	V90	0.613636363636364
84	V90	0.727272727272727
85	V90	0.681818181818182
86	V90	0.625
87	V90	0.670454545454545
88	V90	0.715909090909091
89	V90	0.625
90	V90	1
91	V90	0.636363636363636
92	V90	0.568181818181818
93	V90	0.636363636363636
94	V90	0.636363636363636
95	V90	0.647727272727273
96	V90	0.704545454545455
97	V90	0.681818181818182
98	V90	0.651162790697674
99	V90	0.593023255813954
100	V90	0.659090909090909
101	V90	0.590909090909091
102	V90	0.602272727272727
103	V90	0.693181818181818
104	V90	0.602272727272727
105	V90	0.613636363636364
106	V90	0.670454545454545
107	V90	0.602272727272727
108	V90	0.647727272727273
109	V90	0.670454545454545
110	V90	0.647727272727273
111	V90	0.625
112	V90	0.625
113	V90	0.636363636363636
114	V90	0.590909090909091
115	V90	0.556818181818182
116	V90	0.659090909090909
117	V90	0.568181818181818
118	V90	0.659090909090909
119	V90	0.647727272727273
120	V90	0.651162790697674
121	V90	0.625
122	V90	0.670454545454545
123	V90	0.534090909090909
124	V90	0.602272727272727
125	V90	0.715909090909091
126	V90	0.681818181818182
127	V90	0.670454545454545
128	V90	0.670454545454545
129	V90	0.693181818181818
130	V90	0.670454545454545
131	V90	0.602272727272727
132	V90	0.613636363636364
133	V90	0.636363636363636
134	V90	0.715909090909091
135	V90	0.659090909090909
136	V90	0.647727272727273
137	V90	0.590909090909091
138	V90	0.674418604651163
139	V90	0.693181818181818
140	V90	0.693181818181818
141	V90	0.545454545454545
142	V90	0.625
143	V90	0.727272727272727
144	V90	0.647727272727273
145	V90	0.647727272727273
146	V90	0.647727272727273
147	V90	0.647727272727273
148	V90	0.670454545454545
149	V90	0.556818181818182
1	V91	0.670454545454545
2	V91	0.625
3	V91	0.568181818181818
4	V91	0.590909090909091
5	V91	0.602272727272727
6	V91	0.613636363636364
7	V91	0.627906976744186
8	V91	0.727272727272727
9	V91	0.593023255813954
10	V91	0.568181818181818
11	V91	0.636363636363636
12	V91	0.568181818181818
13	V91	0.593023255813954
14	V91	0.625
15	V91	0.579545454545455
16	V91	0.568181818181818
17	V91	0.556818181818182
18	V91	0.63953488372093
19	V91	0.625
20	V91	0.704545454545455
21	V91	0.625
22	V91	0.704545454545455
23	V91	0.636363636363636
24	V91	0.602272727272727
25	V91	0.693181818181818
26	V91	0.659090909090909
27	V91	0.636363636363636
28	V91	0.738636363636364
29	V91	0.636363636363636
30	V91	0.613636363636364
31	V91	0.636363636363636
32	V91	0.625
33	V91	0.590909090909091
34	V91	0.636363636363636
35	V91	0.58974358974359
36	V91	0.58974358974359
37	V91	0.627906976744186
38	V91	0.636363636363636
39	V91	0.74390243902439
40	V91	0.575
41	V91	0.641025641025641
42	V91	0.576923076923077
43	V91	0.621951219512195
44	V91	0.583333333333333
45	V91	0.625
46	V91	0.556818181818182
47	V91	0.625
48	V91	0.569767441860465
49	V91	0.568181818181818
50	V91	0.602272727272727
51	V91	0.534090909090909
52	V91	0.569767441860465
53	V91	0.602272727272727
54	V91	0.569767441860465
55	V91	0.568181818181818
56	V91	0.670454545454545
57	V91	0.647727272727273
58	V91	0.590909090909091
59	V91	0.602272727272727
60	V91	0.556818181818182
61	V91	0.556818181818182
62	V91	0.602272727272727
63	V91	0.602272727272727
64	V91	0.636363636363636
65	V91	0.659090909090909
66	V91	0.568181818181818
67	V91	0.602272727272727
68	V91	0.647727272727273
69	V91	0.545454545454545
70	V91	0.613636363636364
71	V91	0.602272727272727
72	V91	0.681818181818182
73	V91	0.625
74	V91	0.568181818181818
75	V91	0.581395348837209
76	V91	0.556818181818182
77	V91	0.647727272727273
78	V91	0.534090909090909
79	V91	0.579545454545455
80	V91	0.590909090909091
81	V91	0.670454545454545
82	V91	0.581395348837209
83	V91	0.568181818181818
84	V91	0.659090909090909
85	V91	0.613636363636364
86	V91	0.602272727272727
87	V91	0.534090909090909
88	V91	0.693181818181818
89	V91	0.625
90	V91	0.636363636363636
91	V91	1
92	V91	0.522727272727273
93	V91	0.727272727272727
94	V91	0.613636363636364
95	V91	0.602272727272727
96	V91	0.75
97	V91	0.659090909090909
98	V91	0.662790697674419
99	V91	0.686046511627907
100	V91	0.75
101	V91	0.636363636363636
102	V91	0.625
103	V91	0.602272727272727
104	V91	0.625
105	V91	0.659090909090909
106	V91	0.647727272727273
107	V91	0.602272727272727
108	V91	0.693181818181818
109	V91	0.625
110	V91	0.534090909090909
111	V91	0.647727272727273
112	V91	0.715909090909091
113	V91	0.568181818181818
114	V91	0.613636363636364
115	V91	0.579545454545455
116	V91	0.613636363636364
117	V91	0.613636363636364
118	V91	0.659090909090909
119	V91	0.602272727272727
120	V91	0.63953488372093
121	V91	0.625
122	V91	0.670454545454545
123	V91	0.465909090909091
124	V91	0.715909090909091
125	V91	0.647727272727273
126	V91	0.568181818181818
127	V91	0.647727272727273
128	V91	0.625
129	V91	0.647727272727273
130	V91	0.579545454545455
131	V91	0.625
132	V91	0.568181818181818
133	V91	0.522727272727273
134	V91	0.625
135	V91	0.613636363636364
136	V91	0.670454545454545
137	V91	0.659090909090909
138	V91	0.593023255813954
139	V91	0.625
140	V91	0.647727272727273
141	V91	0.545454545454545
142	V91	0.693181818181818
143	V91	0.568181818181818
144	V91	0.534090909090909
145	V91	0.625
146	V91	0.602272727272727
147	V91	0.693181818181818
148	V91	0.602272727272727
149	V91	0.647727272727273
1	V92	0.534090909090909
2	V92	0.556818181818182
3	V92	0.636363636363636
4	V92	0.613636363636364
5	V92	0.602272727272727
6	V92	0.681818181818182
7	V92	0.593023255813954
8	V92	0.613636363636364
9	V92	0.593023255813954
10	V92	0.522727272727273
11	V92	0.613636363636364
12	V92	0.681818181818182
13	V92	0.697674418604651
14	V92	0.625
15	V92	0.511363636363636
16	V92	0.613636363636364
17	V92	0.647727272727273
18	V92	0.604651162790698
19	V92	0.579545454545455
20	V92	0.613636363636364
21	V92	0.556818181818182
22	V92	0.568181818181818
23	V92	0.590909090909091
24	V92	0.715909090909091
25	V92	0.670454545454545
26	V92	0.590909090909091
27	V92	0.613636363636364
28	V92	0.625
29	V92	0.590909090909091
30	V92	0.636363636363636
31	V92	0.590909090909091
32	V92	0.670454545454545
33	V92	0.681818181818182
34	V92	0.568181818181818
35	V92	0.58974358974359
36	V92	0.705128205128205
37	V92	0.616279069767442
38	V92	0.659090909090909
39	V92	0.536585365853659
40	V92	0.6375
41	V92	0.653846153846154
42	V92	0.641025641025641
43	V92	0.609756097560976
44	V92	0.652777777777778
45	V92	0.602272727272727
46	V92	0.602272727272727
47	V92	0.579545454545455
48	V92	0.63953488372093
49	V92	0.681818181818182
50	V92	0.647727272727273
51	V92	0.715909090909091
52	V92	0.616279069767442
53	V92	0.625
54	V92	0.627906976744186
55	V92	0.659090909090909
56	V92	0.647727272727273
57	V92	0.534090909090909
58	V92	0.522727272727273
59	V92	0.556818181818182
60	V92	0.693181818181818
61	V92	0.556818181818182
62	V92	0.647727272727273
63	V92	0.579545454545455
64	V92	0.636363636363636
65	V92	0.659090909090909
66	V92	0.613636363636364
67	V92	0.647727272727273
68	V92	0.579545454545455
69	V92	0.590909090909091
70	V92	0.613636363636364
71	V92	0.602272727272727
72	V92	0.613636363636364
73	V92	0.602272727272727
74	V92	0.613636363636364
75	V92	0.662790697674419
76	V92	0.647727272727273
77	V92	0.625
78	V92	0.602272727272727
79	V92	0.556818181818182
80	V92	0.5
81	V92	0.625
82	V92	0.697674418604651
83	V92	0.75
84	V92	0.636363636363636
85	V92	0.681818181818182
86	V92	0.625
87	V92	0.670454545454545
88	V92	0.579545454545455
89	V92	0.556818181818182
90	V92	0.568181818181818
91	V92	0.522727272727273
92	V92	1
93	V92	0.613636363636364
94	V92	0.613636363636364
95	V92	0.647727272727273
96	V92	0.590909090909091
97	V92	0.704545454545455
98	V92	0.627906976744186
99	V92	0.651162790697674
100	V92	0.522727272727273
101	V92	0.613636363636364
102	V92	0.579545454545455
103	V92	0.534090909090909
104	V92	0.556818181818182
105	V92	0.568181818181818
106	V92	0.602272727272727
107	V92	0.625
108	V92	0.625
109	V92	0.602272727272727
110	V92	0.647727272727273
111	V92	0.602272727272727
112	V92	0.625
113	V92	0.545454545454545
114	V92	0.613636363636364
115	V92	0.625
116	V92	0.659090909090909
117	V92	0.568181818181818
118	V92	0.613636363636364
119	V92	0.625
120	V92	0.63953488372093
121	V92	0.602272727272727
122	V92	0.625
123	V92	0.647727272727273
124	V92	0.579545454545455
125	V92	0.625
126	V92	0.590909090909091
127	V92	0.579545454545455
128	V92	0.579545454545455
129	V92	0.625
130	V92	0.602272727272727
131	V92	0.602272727272727
132	V92	0.613636363636364
133	V92	0.590909090909091
134	V92	0.625
135	V92	0.659090909090909
136	V92	0.647727272727273
137	V92	0.522727272727273
138	V92	0.627906976744186
139	V92	0.693181818181818
140	V92	0.534090909090909
141	V92	0.636363636363636
142	V92	0.670454545454545
143	V92	0.590909090909091
144	V92	0.579545454545455
145	V92	0.693181818181818
146	V92	0.647727272727273
147	V92	0.625
148	V92	0.579545454545455
149	V92	0.625
1	V93	0.693181818181818
2	V93	0.670454545454545
3	V93	0.545454545454545
4	V93	0.636363636363636
5	V93	0.625
6	V93	0.704545454545455
7	V93	0.662790697674419
8	V93	0.75
9	V93	0.662790697674419
10	V93	0.636363636363636
11	V93	0.681818181818182
12	V93	0.636363636363636
13	V93	0.63953488372093
14	V93	0.670454545454545
15	V93	0.602272727272727
16	V93	0.727272727272727
17	V93	0.602272727272727
18	V93	0.651162790697674
19	V93	0.647727272727273
20	V93	0.636363636363636
21	V93	0.625
22	V93	0.613636363636364
23	V93	0.704545454545455
24	V93	0.625
25	V93	0.670454545454545
26	V93	0.659090909090909
27	V93	0.75
28	V93	0.670454545454545
29	V93	0.681818181818182
30	V93	0.704545454545455
31	V93	0.704545454545455
32	V93	0.602272727272727
33	V93	0.590909090909091
34	V93	0.659090909090909
35	V93	0.641025641025641
36	V93	0.67948717948718
37	V93	0.569767441860465
38	V93	0.681818181818182
39	V93	0.731707317073171
40	V93	0.6375
41	V93	0.705128205128205
42	V93	0.615384615384615
43	V93	0.646341463414634
44	V93	0.708333333333333
45	V93	0.625
46	V93	0.579545454545455
47	V93	0.647727272727273
48	V93	0.686046511627907
49	V93	0.636363636363636
50	V93	0.647727272727273
51	V93	0.602272727272727
52	V93	0.604651162790698
53	V93	0.602272727272727
54	V93	0.63953488372093
55	V93	0.613636363636364
56	V93	0.647727272727273
57	V93	0.625
58	V93	0.568181818181818
59	V93	0.534090909090909
60	V93	0.602272727272727
61	V93	0.602272727272727
62	V93	0.556818181818182
63	V93	0.647727272727273
64	V93	0.704545454545455
65	V93	0.681818181818182
66	V93	0.636363636363636
67	V93	0.670454545454545
68	V93	0.511363636363636
69	V93	0.590909090909091
70	V93	0.568181818181818
71	V93	0.625
72	V93	0.636363636363636
73	V93	0.556818181818182
74	V93	0.590909090909091
75	V93	0.697674418604651
76	V93	0.625
77	V93	0.715909090909091
78	V93	0.647727272727273
79	V93	0.625
80	V93	0.613636363636364
81	V93	0.625
82	V93	0.627906976744186
83	V93	0.568181818181818
84	V93	0.727272727272727
85	V93	0.636363636363636
86	V93	0.670454545454545
87	V93	0.625
88	V93	0.670454545454545
89	V93	0.579545454545455
90	V93	0.636363636363636
91	V93	0.727272727272727
92	V93	0.613636363636364
93	V93	1
94	V93	0.636363636363636
95	V93	0.647727272727273
96	V93	0.75
97	V93	0.727272727272727
98	V93	0.627906976744186
99	V93	0.63953488372093
100	V93	0.659090909090909
101	V93	0.659090909090909
102	V93	0.647727272727273
103	V93	0.647727272727273
104	V93	0.534090909090909
105	V93	0.659090909090909
106	V93	0.625
107	V93	0.579545454545455
108	V93	0.715909090909091
109	V93	0.647727272727273
110	V93	0.602272727272727
111	V93	0.625
112	V93	0.715909090909091
113	V93	0.613636363636364
114	V93	0.704545454545455
115	V93	0.693181818181818
116	V93	0.659090909090909
117	V93	0.590909090909091
118	V93	0.568181818181818
119	V93	0.670454545454545
120	V93	0.674418604651163
121	V93	0.670454545454545
122	V93	0.693181818181818
123	V93	0.556818181818182
124	V93	0.738636363636364
125	V93	0.670454545454545
126	V93	0.545454545454545
127	V93	0.647727272727273
128	V93	0.693181818181818
129	V93	0.693181818181818
130	V93	0.579545454545455
131	V93	0.625
132	V93	0.613636363636364
133	V93	0.590909090909091
134	V93	0.579545454545455
135	V93	0.636363636363636
136	V93	0.693181818181818
137	V93	0.659090909090909
138	V93	0.604651162790698
139	V93	0.602272727272727
140	V93	0.647727272727273
141	V93	0.590909090909091
142	V93	0.625
143	V93	0.590909090909091
144	V93	0.647727272727273
145	V93	0.647727272727273
146	V93	0.647727272727273
147	V93	0.715909090909091
148	V93	0.693181818181818
149	V93	0.579545454545455
1	V94	0.602272727272727
2	V94	0.602272727272727
3	V94	0.545454545454545
4	V94	0.590909090909091
5	V94	0.579545454545455
6	V94	0.590909090909091
7	V94	0.593023255813954
8	V94	0.636363636363636
9	V94	0.534883720930233
10	V94	0.545454545454545
11	V94	0.590909090909091
12	V94	0.636363636363636
13	V94	0.569767441860465
14	V94	0.670454545454545
15	V94	0.625
16	V94	0.545454545454545
17	V94	0.579545454545455
18	V94	0.534883720930233
19	V94	0.579545454545455
20	V94	0.590909090909091
21	V94	0.511363636363636
22	V94	0.522727272727273
23	V94	0.568181818181818
24	V94	0.647727272727273
25	V94	0.579545454545455
26	V94	0.5
27	V94	0.659090909090909
28	V94	0.534090909090909
29	V94	0.636363636363636
30	V94	0.636363636363636
31	V94	0.545454545454545
32	V94	0.579545454545455
33	V94	0.636363636363636
34	V94	0.568181818181818
35	V94	0.615384615384615
36	V94	0.641025641025641
37	V94	0.569767441860465
38	V94	0.636363636363636
39	V94	0.621951219512195
40	V94	0.625
41	V94	0.551282051282051
42	V94	0.538461538461538
43	V94	0.524390243902439
44	V94	0.513888888888889
45	V94	0.670454545454545
46	V94	0.511363636363636
47	V94	0.579545454545455
48	V94	0.593023255813954
49	V94	0.545454545454545
50	V94	0.602272727272727
51	V94	0.556818181818182
52	V94	0.511627906976744
53	V94	0.670454545454545
54	V94	0.593023255813954
55	V94	0.522727272727273
56	V94	0.625
57	V94	0.647727272727273
58	V94	0.522727272727273
59	V94	0.625
60	V94	0.511363636363636
61	V94	0.602272727272727
62	V94	0.647727272727273
63	V94	0.534090909090909
64	V94	0.636363636363636
65	V94	0.590909090909091
66	V94	0.568181818181818
67	V94	0.579545454545455
68	V94	0.579545454545455
69	V94	0.590909090909091
70	V94	0.613636363636364
71	V94	0.556818181818182
72	V94	0.545454545454545
73	V94	0.625
74	V94	0.545454545454545
75	V94	0.534883720930233
76	V94	0.647727272727273
77	V94	0.579545454545455
78	V94	0.488636363636364
79	V94	0.602272727272727
80	V94	0.409090909090909
81	V94	0.647727272727273
82	V94	0.546511627906977
83	V94	0.545454545454545
84	V94	0.590909090909091
85	V94	0.613636363636364
86	V94	0.556818181818182
87	V94	0.579545454545455
88	V94	0.579545454545455
89	V94	0.579545454545455
90	V94	0.636363636363636
91	V94	0.613636363636364
92	V94	0.613636363636364
93	V94	0.636363636363636
94	V94	1
95	V94	0.534090909090909
96	V94	0.568181818181818
97	V94	0.636363636363636
98	V94	0.674418604651163
99	V94	0.523255813953488
100	V94	0.545454545454545
101	V94	0.454545454545455
102	V94	0.556818181818182
103	V94	0.625
104	V94	0.625
105	V94	0.568181818181818
106	V94	0.579545454545455
107	V94	0.647727272727273
108	V94	0.602272727272727
109	V94	0.625
110	V94	0.602272727272727
111	V94	0.556818181818182
112	V94	0.556818181818182
113	V94	0.545454545454545
114	V94	0.659090909090909
115	V94	0.602272727272727
116	V94	0.568181818181818
117	V94	0.5
118	V94	0.590909090909091
119	V94	0.647727272727273
120	V94	0.604651162790698
121	V94	0.534090909090909
122	V94	0.579545454545455
123	V94	0.534090909090909
124	V94	0.534090909090909
125	V94	0.556818181818182
126	V94	0.5
127	V94	0.579545454545455
128	V94	0.602272727272727
129	V94	0.647727272727273
130	V94	0.556818181818182
131	V94	0.625
132	V94	0.659090909090909
133	V94	0.568181818181818
134	V94	0.625
135	V94	0.613636363636364
136	V94	0.647727272727273
137	V94	0.659090909090909
138	V94	0.534883720930233
139	V94	0.602272727272727
140	V94	0.625
141	V94	0.5
142	V94	0.625
143	V94	0.659090909090909
144	V94	0.534090909090909
145	V94	0.556818181818182
146	V94	0.534090909090909
147	V94	0.602272727272727
148	V94	0.556818181818182
149	V94	0.579545454545455
1	V95	0.613636363636364
2	V95	0.5
3	V95	0.602272727272727
4	V95	0.602272727272727
5	V95	0.636363636363636
6	V95	0.647727272727273
7	V95	0.534883720930233
8	V95	0.693181818181818
9	V95	0.581395348837209
10	V95	0.602272727272727
11	V95	0.625
12	V95	0.693181818181818
13	V95	0.569767441860465
14	V95	0.636363636363636
15	V95	0.659090909090909
16	V95	0.579545454545455
17	V95	0.613636363636364
18	V95	0.63953488372093
19	V95	0.613636363636364
20	V95	0.693181818181818
21	V95	0.636363636363636
22	V95	0.693181818181818
23	V95	0.715909090909091
24	V95	0.636363636363636
25	V95	0.636363636363636
26	V95	0.579545454545455
27	V95	0.670454545454545
28	V95	0.659090909090909
29	V95	0.670454545454545
30	V95	0.647727272727273
31	V95	0.647727272727273
32	V95	0.681818181818182
33	V95	0.670454545454545
34	V95	0.534090909090909
35	V95	0.653846153846154
36	V95	0.628205128205128
37	V95	0.581395348837209
38	V95	0.738636363636364
39	V95	0.670731707317073
40	V95	0.5875
41	V95	0.730769230769231
42	V95	0.628205128205128
43	V95	0.658536585365854
44	V95	0.597222222222222
45	V95	0.636363636363636
46	V95	0.568181818181818
47	V95	0.681818181818182
48	V95	0.651162790697674
49	V95	0.715909090909091
50	V95	0.613636363636364
51	V95	0.659090909090909
52	V95	0.662790697674419
53	V95	0.659090909090909
54	V95	0.662790697674419
55	V95	0.647727272727273
56	V95	0.636363636363636
57	V95	0.681818181818182
58	V95	0.693181818181818
59	V95	0.636363636363636
60	V95	0.636363636363636
61	V95	0.636363636363636
62	V95	0.590909090909091
63	V95	0.613636363636364
64	V95	0.556818181818182
65	V95	0.670454545454545
66	V95	0.693181818181818
67	V95	0.659090909090909
68	V95	0.545454545454545
69	V95	0.715909090909091
70	V95	0.625
71	V95	0.704545454545455
72	V95	0.602272727272727
73	V95	0.659090909090909
74	V95	0.670454545454545
75	V95	0.674418604651163
76	V95	0.704545454545455
77	V95	0.681818181818182
78	V95	0.659090909090909
79	V95	0.568181818181818
80	V95	0.670454545454545
81	V95	0.613636363636364
82	V95	0.686046511627907
83	V95	0.670454545454545
84	V95	0.670454545454545
85	V95	0.670454545454545
86	V95	0.590909090909091
87	V95	0.568181818181818
88	V95	0.636363636363636
89	V95	0.568181818181818
90	V95	0.647727272727273
91	V95	0.602272727272727
92	V95	0.647727272727273
93	V95	0.647727272727273
94	V95	0.534090909090909
95	V95	1
96	V95	0.625
97	V95	0.693181818181818
98	V95	0.662790697674419
99	V95	0.616279069767442
100	V95	0.647727272727273
101	V95	0.647727272727273
102	V95	0.613636363636364
103	V95	0.704545454545455
104	V95	0.613636363636364
105	V95	0.625
106	V95	0.613636363636364
107	V95	0.568181818181818
108	V95	0.613636363636364
109	V95	0.613636363636364
110	V95	0.659090909090909
111	V95	0.75
112	V95	0.704545454545455
113	V95	0.602272727272727
114	V95	0.579545454545455
115	V95	0.590909090909091
116	V95	0.715909090909091
117	V95	0.579545454545455
118	V95	0.647727272727273
119	V95	0.704545454545455
120	V95	0.604651162790698
121	V95	0.659090909090909
122	V95	0.659090909090909
123	V95	0.522727272727273
124	V95	0.681818181818182
125	V95	0.590909090909091
126	V95	0.625
127	V95	0.681818181818182
128	V95	0.704545454545455
129	V95	0.636363636363636
130	V95	0.636363636363636
131	V95	0.568181818181818
132	V95	0.556818181818182
133	V95	0.738636363636364
134	V95	0.613636363636364
135	V95	0.670454545454545
136	V95	0.704545454545455
137	V95	0.625
138	V95	0.593023255813954
139	V95	0.613636363636364
140	V95	0.681818181818182
141	V95	0.647727272727273
142	V95	0.681818181818182
143	V95	0.602272727272727
144	V95	0.613636363636364
145	V95	0.636363636363636
146	V95	0.636363636363636
147	V95	0.613636363636364
148	V95	0.613636363636364
149	V95	0.613636363636364
1	V96	0.738636363636364
2	V96	0.602272727272727
3	V96	0.545454545454545
4	V96	0.659090909090909
5	V96	0.647727272727273
6	V96	0.568181818181818
7	V96	0.627906976744186
8	V96	0.704545454545455
9	V96	0.662790697674419
10	V96	0.590909090909091
11	V96	0.659090909090909
12	V96	0.590909090909091
13	V96	0.674418604651163
14	V96	0.670454545454545
15	V96	0.602272727272727
16	V96	0.704545454545455
17	V96	0.625
18	V96	0.662790697674419
19	V96	0.625
20	V96	0.636363636363636
21	V96	0.579545454545455
22	V96	0.681818181818182
23	V96	0.590909090909091
24	V96	0.602272727272727
25	V96	0.647727272727273
26	V96	0.681818181818182
27	V96	0.636363636363636
28	V96	0.738636363636364
29	V96	0.681818181818182
30	V96	0.568181818181818
31	V96	0.681818181818182
32	V96	0.579545454545455
33	V96	0.636363636363636
34	V96	0.568181818181818
35	V96	0.58974358974359
36	V96	0.653846153846154
37	V96	0.558139534883721
38	V96	0.681818181818182
39	V96	0.682926829268293
40	V96	0.6875
41	V96	0.692307692307692
42	V96	0.551282051282051
43	V96	0.707317073170732
44	V96	0.611111111111111
45	V96	0.647727272727273
46	V96	0.579545454545455
47	V96	0.602272727272727
48	V96	0.651162790697674
49	V96	0.568181818181818
50	V96	0.625
51	V96	0.579545454545455
52	V96	0.662790697674419
53	V96	0.579545454545455
54	V96	0.627906976744186
55	V96	0.636363636363636
56	V96	0.602272727272727
57	V96	0.625
58	V96	0.613636363636364
59	V96	0.579545454545455
60	V96	0.625
61	V96	0.602272727272727
62	V96	0.602272727272727
63	V96	0.670454545454545
64	V96	0.681818181818182
65	V96	0.681818181818182
66	V96	0.590909090909091
67	V96	0.670454545454545
68	V96	0.602272727272727
69	V96	0.590909090909091
70	V96	0.545454545454545
71	V96	0.625
72	V96	0.659090909090909
73	V96	0.670454545454545
74	V96	0.659090909090909
75	V96	0.732558139534884
76	V96	0.556818181818182
77	V96	0.670454545454545
78	V96	0.625
79	V96	0.602272727272727
80	V96	0.568181818181818
81	V96	0.647727272727273
82	V96	0.627906976744186
83	V96	0.568181818181818
84	V96	0.659090909090909
85	V96	0.636363636363636
86	V96	0.602272727272727
87	V96	0.625
88	V96	0.647727272727273
89	V96	0.715909090909091
90	V96	0.704545454545455
91	V96	0.75
92	V96	0.590909090909091
93	V96	0.75
94	V96	0.568181818181818
95	V96	0.625
96	V96	1
97	V96	0.659090909090909
98	V96	0.616279069767442
99	V96	0.627906976744186
100	V96	0.727272727272727
101	V96	0.613636363636364
102	V96	0.693181818181818
103	V96	0.647727272727273
104	V96	0.602272727272727
105	V96	0.704545454545455
106	V96	0.693181818181818
107	V96	0.625
108	V96	0.715909090909091
109	V96	0.693181818181818
110	V96	0.579545454545455
111	V96	0.647727272727273
112	V96	0.693181818181818
113	V96	0.613636363636364
114	V96	0.636363636363636
115	V96	0.579545454545455
116	V96	0.659090909090909
117	V96	0.613636363636364
118	V96	0.681818181818182
119	V96	0.670454545454545
120	V96	0.627906976744186
121	V96	0.647727272727273
122	V96	0.715909090909091
123	V96	0.556818181818182
124	V96	0.670454545454545
125	V96	0.738636363636364
126	V96	0.568181818181818
127	V96	0.693181818181818
128	V96	0.602272727272727
129	V96	0.693181818181818
130	V96	0.647727272727273
131	V96	0.693181818181818
132	V96	0.659090909090909
133	V96	0.590909090909091
134	V96	0.625
135	V96	0.590909090909091
136	V96	0.625
137	V96	0.568181818181818
138	V96	0.63953488372093
139	V96	0.625
140	V96	0.670454545454545
141	V96	0.545454545454545
142	V96	0.670454545454545
143	V96	0.659090909090909
144	V96	0.602272727272727
145	V96	0.579545454545455
146	V96	0.602272727272727
147	V96	0.715909090909091
148	V96	0.625
149	V96	0.602272727272727
1	V97	0.625
2	V97	0.579545454545455
3	V97	0.636363636363636
4	V97	0.613636363636364
5	V97	0.647727272727273
6	V97	0.659090909090909
7	V97	0.686046511627907
8	V97	0.727272727272727
9	V97	0.651162790697674
10	V97	0.704545454545455
11	V97	0.704545454545455
12	V97	0.659090909090909
13	V97	0.627906976744186
14	V97	0.693181818181818
15	V97	0.579545454545455
16	V97	0.659090909090909
17	V97	0.693181818181818
18	V97	0.674418604651163
19	V97	0.647727272727273
20	V97	0.659090909090909
21	V97	0.625
22	V97	0.681818181818182
23	V97	0.659090909090909
24	V97	0.693181818181818
25	V97	0.670454545454545
26	V97	0.636363636363636
27	V97	0.681818181818182
28	V97	0.693181818181818
29	V97	0.704545454545455
30	V97	0.704545454545455
31	V97	0.727272727272727
32	V97	0.647727272727273
33	V97	0.613636363636364
34	V97	0.613636363636364
35	V97	0.67948717948718
36	V97	0.67948717948718
37	V97	0.63953488372093
38	V97	0.704545454545455
39	V97	0.658536585365854
40	V97	0.7125
41	V97	0.692307692307692
42	V97	0.628205128205128
43	V97	0.658536585365854
44	V97	0.680555555555556
45	V97	0.602272727272727
46	V97	0.602272727272727
47	V97	0.670454545454545
48	V97	0.674418604651163
49	V97	0.704545454545455
50	V97	0.670454545454545
51	V97	0.647727272727273
52	V97	0.581395348837209
53	V97	0.670454545454545
54	V97	0.627906976744186
55	V97	0.659090909090909
56	V97	0.715909090909091
57	V97	0.670454545454545
58	V97	0.568181818181818
59	V97	0.579545454545455
60	V97	0.693181818181818
61	V97	0.579545454545455
62	V97	0.647727272727273
63	V97	0.625
64	V97	0.659090909090909
65	V97	0.636363636363636
66	V97	0.659090909090909
67	V97	0.693181818181818
68	V97	0.625
69	V97	0.636363636363636
70	V97	0.613636363636364
71	V97	0.625
72	V97	0.659090909090909
73	V97	0.602272727272727
74	V97	0.613636363636364
75	V97	0.709302325581395
76	V97	0.647727272727273
77	V97	0.715909090909091
78	V97	0.602272727272727
79	V97	0.693181818181818
80	V97	0.659090909090909
81	V97	0.670454545454545
82	V97	0.709302325581395
83	V97	0.704545454545455
84	V97	0.681818181818182
85	V97	0.681818181818182
86	V97	0.647727272727273
87	V97	0.670454545454545
88	V97	0.670454545454545
89	V97	0.602272727272727
90	V97	0.681818181818182
91	V97	0.659090909090909
92	V97	0.704545454545455
93	V97	0.727272727272727
94	V97	0.636363636363636
95	V97	0.693181818181818
96	V97	0.659090909090909
97	V97	1
98	V97	0.674418604651163
99	V97	0.674418604651163
100	V97	0.704545454545455
101	V97	0.659090909090909
102	V97	0.625
103	V97	0.670454545454545
104	V97	0.625
105	V97	0.613636363636364
106	V97	0.693181818181818
107	V97	0.534090909090909
108	V97	0.715909090909091
109	V97	0.693181818181818
110	V97	0.693181818181818
111	V97	0.670454545454545
112	V97	0.647727272727273
113	V97	0.681818181818182
114	V97	0.613636363636364
115	V97	0.625
116	V97	0.704545454545455
117	V97	0.613636363636364
118	V97	0.659090909090909
119	V97	0.715909090909091
120	V97	0.744186046511628
121	V97	0.647727272727273
122	V97	0.670454545454545
123	V97	0.625
124	V97	0.738636363636364
125	V97	0.647727272727273
126	V97	0.568181818181818
127	V97	0.647727272727273
128	V97	0.647727272727273
129	V97	0.693181818181818
130	V97	0.693181818181818
131	V97	0.738636363636364
132	V97	0.659090909090909
133	V97	0.568181818181818
134	V97	0.602272727272727
135	V97	0.681818181818182
136	V97	0.693181818181818
137	V97	0.568181818181818
138	V97	0.651162790697674
139	V97	0.693181818181818
140	V97	0.647727272727273
141	V97	0.704545454545455
142	V97	0.715909090909091
143	V97	0.681818181818182
144	V97	0.625
145	V97	0.693181818181818
146	V97	0.625
147	V97	0.715909090909091
148	V97	0.670454545454545
149	V97	0.670454545454545
1	V98	0.659090909090909
2	V98	0.545454545454545
3	V98	0.625
4	V98	0.579545454545455
5	V98	0.613636363636364
6	V98	0.579545454545455
7	V98	0.627906976744186
8	V98	0.715909090909091
9	V98	0.558139534883721
10	V98	0.625
11	V98	0.579545454545455
12	V98	0.625
13	V98	0.581395348837209
14	V98	0.590909090909091
15	V98	0.590909090909091
16	V98	0.534090909090909
17	V98	0.613636363636364
18	V98	0.593023255813954
19	V98	0.545454545454545
20	V98	0.625
21	V98	0.590909090909091
22	V98	0.625
23	V98	0.647727272727273
24	V98	0.545454545454545
25	V98	0.590909090909091
26	V98	0.556818181818182
27	V98	0.715909090909091
28	V98	0.636363636363636
29	V98	0.625
30	V98	0.511363636363636
31	V98	0.602272727272727
32	V98	0.636363636363636
33	V98	0.625
34	V98	0.579545454545455
35	V98	0.58974358974359
36	V98	0.576923076923077
37	V98	0.627906976744186
38	V98	0.670454545454545
39	V98	0.597560975609756
40	V98	0.575
41	V98	0.551282051282051
42	V98	0.512820512820513
43	V98	0.597560975609756
44	V98	0.541666666666667
45	V98	0.636363636363636
46	V98	0.545454545454545
47	V98	0.613636363636364
48	V98	0.604651162790698
49	V98	0.602272727272727
50	V98	0.704545454545455
51	V98	0.636363636363636
52	V98	0.627906976744186
53	V98	0.681818181818182
54	V98	0.627906976744186
55	V98	0.693181818181818
56	V98	0.636363636363636
57	V98	0.659090909090909
58	V98	0.647727272727273
59	V98	0.704545454545455
60	V98	0.590909090909091
61	V98	0.681818181818182
62	V98	0.636363636363636
63	V98	0.590909090909091
64	V98	0.693181818181818
65	V98	0.647727272727273
66	V98	0.625
67	V98	0.613636363636364
68	V98	0.590909090909091
69	V98	0.602272727272727
70	V98	0.579545454545455
71	V98	0.613636363636364
72	V98	0.625
73	V98	0.590909090909091
74	V98	0.511363636363636
75	V98	0.63953488372093
76	V98	0.613636363636364
77	V98	0.681818181818182
78	V98	0.590909090909091
79	V98	0.613636363636364
80	V98	0.534090909090909
81	V98	0.772727272727273
82	V98	0.616279069767442
83	V98	0.602272727272727
84	V98	0.670454545454545
85	V98	0.602272727272727
86	V98	0.545454545454545
87	V98	0.590909090909091
88	V98	0.590909090909091
89	V98	0.590909090909091
90	V98	0.647727272727273
91	V98	0.670454545454545
92	V98	0.625
93	V98	0.625
94	V98	0.670454545454545
95	V98	0.659090909090909
96	V98	0.625
97	V98	0.670454545454545
98	V98	1
99	V98	0.627906976744186
100	V98	0.534090909090909
101	V98	0.647727272727273
102	V98	0.681818181818182
103	V98	0.590909090909091
104	V98	0.613636363636364
105	V98	0.647727272727273
106	V98	0.636363636363636
107	V98	0.590909090909091
108	V98	0.681818181818182
109	V98	0.636363636363636
110	V98	0.636363636363636
111	V98	0.568181818181818
112	V98	0.613636363636364
113	V98	0.602272727272727
114	V98	0.579545454545455
115	V98	0.477272727272727
116	V98	0.647727272727273
117	V98	0.625
118	V98	0.602272727272727
119	V98	0.636363636363636
120	V98	0.604651162790698
121	V98	0.613636363636364
122	V98	0.636363636363636
123	V98	0.568181818181818
124	V98	0.590909090909091
125	V98	0.636363636363636
126	V98	0.534090909090909
127	V98	0.681818181818182
128	V98	0.613636363636364
129	V98	0.568181818181818
130	V98	0.568181818181818
131	V98	0.568181818181818
132	V98	0.579545454545455
133	V98	0.625
134	V98	0.545454545454545
135	V98	0.647727272727273
136	V98	0.704545454545455
137	V98	0.625
138	V98	0.558139534883721
139	V98	0.590909090909091
140	V98	0.613636363636364
141	V98	0.579545454545455
142	V98	0.636363636363636
143	V98	0.693181818181818
144	V98	0.590909090909091
145	V98	0.613636363636364
146	V98	0.590909090909091
147	V98	0.681818181818182
148	V98	0.5
149	V98	0.545454545454545
1	V99	0.545454545454545
2	V99	0.545454545454545
3	V99	0.647727272727273
4	V99	0.579545454545455
5	V99	0.590909090909091
6	V99	0.647727272727273
7	V99	0.604651162790698
8	V99	0.670454545454545
9	V99	0.674418604651163
10	V99	0.602272727272727
11	V99	0.579545454545455
12	V99	0.625
13	V99	0.674418604651163
14	V99	0.568181818181818
15	V99	0.568181818181818
16	V99	0.511363636363636
17	V99	0.659090909090909
18	V99	0.616279069767442
19	V99	0.681818181818182
20	V99	0.625
21	V99	0.636363636363636
22	V99	0.670454545454545
23	V99	0.556818181818182
24	V99	0.590909090909091
25	V99	0.545454545454545
26	V99	0.579545454545455
27	V99	0.602272727272727
28	V99	0.727272727272727
29	V99	0.625
30	V99	0.579545454545455
31	V99	0.602272727272727
32	V99	0.613636363636364
33	V99	0.625
34	V99	0.534090909090909
35	V99	0.576923076923077
36	V99	0.564102564102564
37	V99	0.627906976744186
38	V99	0.647727272727273
39	V99	0.621951219512195
40	V99	0.5875
41	V99	0.666666666666667
42	V99	0.602564102564103
43	V99	0.585365853658537
44	V99	0.652777777777778
45	V99	0.613636363636364
46	V99	0.636363636363636
47	V99	0.545454545454545
48	V99	0.604651162790698
49	V99	0.670454545454545
50	V99	0.568181818181818
51	V99	0.636363636363636
52	V99	0.558139534883721
53	V99	0.590909090909091
54	V99	0.558139534883721
55	V99	0.556818181818182
56	V99	0.636363636363636
57	V99	0.590909090909091
58	V99	0.511363636363636
59	V99	0.613636363636364
60	V99	0.636363636363636
61	V99	0.568181818181818
62	V99	0.590909090909091
63	V99	0.613636363636364
64	V99	0.625
65	V99	0.647727272727273
66	V99	0.625
67	V99	0.727272727272727
68	V99	0.659090909090909
69	V99	0.625
70	V99	0.579545454545455
71	V99	0.636363636363636
72	V99	0.647727272727273
73	V99	0.568181818181818
74	V99	0.556818181818182
75	V99	0.709302325581395
76	V99	0.613636363636364
77	V99	0.659090909090909
78	V99	0.545454545454545
79	V99	0.568181818181818
80	V99	0.556818181818182
81	V99	0.613636363636364
82	V99	0.662790697674419
83	V99	0.625
84	V99	0.579545454545455
85	V99	0.602272727272727
86	V99	0.613636363636364
87	V99	0.681818181818182
88	V99	0.659090909090909
89	V99	0.590909090909091
90	V99	0.602272727272727
91	V99	0.693181818181818
92	V99	0.647727272727273
93	V99	0.647727272727273
94	V99	0.534090909090909
95	V99	0.613636363636364
96	V99	0.625
97	V99	0.670454545454545
98	V99	0.627906976744186
99	V99	1
100	V99	0.579545454545455
101	V99	0.625
102	V99	0.636363636363636
103	V99	0.545454545454545
104	V99	0.477272727272727
105	V99	0.625
106	V99	0.681818181818182
107	V99	0.590909090909091
108	V99	0.727272727272727
109	V99	0.613636363636364
110	V99	0.568181818181818
111	V99	0.568181818181818
112	V99	0.704545454545455
113	V99	0.625
114	V99	0.625
115	V99	0.613636363636364
116	V99	0.670454545454545
117	V99	0.625
118	V99	0.602272727272727
119	V99	0.545454545454545
120	V99	0.581395348837209
121	V99	0.659090909090909
122	V99	0.545454545454545
123	V99	0.590909090909091
124	V99	0.636363636363636
125	V99	0.636363636363636
126	V99	0.579545454545455
127	V99	0.636363636363636
128	V99	0.636363636363636
129	V99	0.636363636363636
130	V99	0.568181818181818
131	V99	0.659090909090909
132	V99	0.556818181818182
133	V99	0.579545454545455
134	V99	0.545454545454545
135	V99	0.625
136	V99	0.681818181818182
137	V99	0.511363636363636
138	V99	0.558139534883721
139	V99	0.704545454545455
140	V99	0.590909090909091
141	V99	0.625
142	V99	0.704545454545455
143	V99	0.647727272727273
144	V99	0.636363636363636
145	V99	0.681818181818182
146	V99	0.681818181818182
147	V99	0.727272727272727
148	V99	0.727272727272727
149	V99	0.522727272727273
1	V100	0.715909090909091
2	V100	0.602272727272727
3	V100	0.590909090909091
4	V100	0.636363636363636
5	V100	0.602272727272727
6	V100	0.522727272727273
7	V100	0.604651162790698
8	V100	0.681818181818182
9	V100	0.604651162790698
10	V100	0.659090909090909
11	V100	0.613636363636364
12	V100	0.659090909090909
13	V100	0.581395348837209
14	V100	0.602272727272727
15	V100	0.625
16	V100	0.613636363636364
17	V100	0.579545454545455
18	V100	0.63953488372093
19	V100	0.602272727272727
20	V100	0.659090909090909
21	V100	0.625
22	V100	0.659090909090909
23	V100	0.613636363636364
24	V100	0.625
25	V100	0.579545454545455
26	V100	0.659090909090909
27	V100	0.636363636363636
28	V100	0.647727272727273
29	V100	0.727272727272727
30	V100	0.636363636363636
31	V100	0.636363636363636
32	V100	0.625
33	V100	0.568181818181818
34	V100	0.545454545454545
35	V100	0.628205128205128
36	V100	0.602564102564103
37	V100	0.558139534883721
38	V100	0.704545454545455
39	V100	0.707317073170732
40	V100	0.6375
41	V100	0.67948717948718
42	V100	0.615384615384615
43	V100	0.634146341463415
44	V100	0.652777777777778
45	V100	0.534090909090909
46	V100	0.625
47	V100	0.602272727272727
48	V100	0.581395348837209
49	V100	0.613636363636364
50	V100	0.556818181818182
51	V100	0.511363636363636
52	V100	0.593023255813954
53	V100	0.625
54	V100	0.651162790697674
55	V100	0.613636363636364
56	V100	0.647727272727273
57	V100	0.625
58	V100	0.590909090909091
59	V100	0.556818181818182
60	V100	0.602272727272727
61	V100	0.602272727272727
62	V100	0.556818181818182
63	V100	0.693181818181818
64	V100	0.590909090909091
65	V100	0.681818181818182
66	V100	0.545454545454545
67	V100	0.602272727272727
68	V100	0.556818181818182
69	V100	0.636363636363636
70	V100	0.590909090909091
71	V100	0.534090909090909
72	V100	0.613636363636364
73	V100	0.647727272727273
74	V100	0.613636363636364
75	V100	0.616279069767442
76	V100	0.556818181818182
77	V100	0.625
78	V100	0.625
79	V100	0.602272727272727
80	V100	0.681818181818182
81	V100	0.602272727272727
82	V100	0.569767441860465
83	V100	0.568181818181818
84	V100	0.590909090909091
85	V100	0.613636363636364
86	V100	0.625
87	V100	0.579545454545455
88	V100	0.670454545454545
89	V100	0.625
90	V100	0.659090909090909
91	V100	0.75
92	V100	0.522727272727273
93	V100	0.659090909090909
94	V100	0.545454545454545
95	V100	0.647727272727273
96	V100	0.727272727272727
97	V100	0.704545454545455
98	V100	0.523255813953488
99	V100	0.581395348837209
100	V100	1
101	V100	0.613636363636364
102	V100	0.602272727272727
103	V100	0.625
104	V100	0.579545454545455
105	V100	0.522727272727273
106	V100	0.647727272727273
107	V100	0.511363636363636
108	V100	0.602272727272727
109	V100	0.647727272727273
110	V100	0.556818181818182
111	V100	0.647727272727273
112	V100	0.647727272727273
113	V100	0.545454545454545
114	V100	0.613636363636364
115	V100	0.579545454545455
116	V100	0.636363636363636
117	V100	0.590909090909091
118	V100	0.681818181818182
119	V100	0.670454545454545
120	V100	0.558139534883721
121	V100	0.602272727272727
122	V100	0.647727272727273
123	V100	0.556818181818182
124	V100	0.738636363636364
125	V100	0.602272727272727
126	V100	0.568181818181818
127	V100	0.625
128	V100	0.602272727272727
129	V100	0.647727272727273
130	V100	0.602272727272727
131	V100	0.715909090909091
132	V100	0.681818181818182
133	V100	0.545454545454545
134	V100	0.647727272727273
135	V100	0.590909090909091
136	V100	0.625
137	V100	0.636363636363636
138	V100	0.63953488372093
139	V100	0.670454545454545
140	V100	0.693181818181818
141	V100	0.613636363636364
142	V100	0.647727272727273
143	V100	0.659090909090909
144	V100	0.625
145	V100	0.625
146	V100	0.602272727272727
147	V100	0.602272727272727
148	V100	0.647727272727273
149	V100	0.625
1	V101	0.511363636363636
2	V101	0.534090909090909
3	V101	0.704545454545455
4	V101	0.613636363636364
5	V101	0.693181818181818
6	V101	0.613636363636364
7	V101	0.662790697674419
8	V101	0.636363636363636
9	V101	0.569767441860465
10	V101	0.613636363636364
11	V101	0.636363636363636
12	V101	0.636363636363636
13	V101	0.604651162790698
14	V101	0.602272727272727
15	V101	0.534090909090909
16	V101	0.590909090909091
17	V101	0.602272727272727
18	V101	0.604651162790698
19	V101	0.488636363636364
20	V101	0.613636363636364
21	V101	0.670454545454545
22	V101	0.659090909090909
23	V101	0.613636363636364
24	V101	0.579545454545455
25	V101	0.647727272727273
26	V101	0.568181818181818
27	V101	0.659090909090909
28	V101	0.625
29	V101	0.636363636363636
30	V101	0.568181818181818
31	V101	0.613636363636364
32	V101	0.602272727272727
33	V101	0.590909090909091
34	V101	0.545454545454545
35	V101	0.58974358974359
36	V101	0.653846153846154
37	V101	0.523255813953488
38	V101	0.681818181818182
39	V101	0.609756097560976
40	V101	0.4875
41	V101	0.628205128205128
42	V101	0.602564102564103
43	V101	0.573170731707317
44	V101	0.597222222222222
45	V101	0.534090909090909
46	V101	0.647727272727273
47	V101	0.602272727272727
48	V101	0.662790697674419
49	V101	0.681818181818182
50	V101	0.715909090909091
51	V101	0.625
52	V101	0.616279069767442
53	V101	0.556818181818182
54	V101	0.558139534883721
55	V101	0.636363636363636
56	V101	0.579545454545455
57	V101	0.602272727272727
58	V101	0.613636363636364
59	V101	0.579545454545455
60	V101	0.715909090909091
61	V101	0.579545454545455
62	V101	0.534090909090909
63	V101	0.625
64	V101	0.590909090909091
65	V101	0.681818181818182
66	V101	0.590909090909091
67	V101	0.602272727272727
68	V101	0.602272727272727
69	V101	0.522727272727273
70	V101	0.613636363636364
71	V101	0.647727272727273
72	V101	0.590909090909091
73	V101	0.556818181818182
74	V101	0.522727272727273
75	V101	0.662790697674419
76	V101	0.556818181818182
77	V101	0.670454545454545
78	V101	0.625
79	V101	0.625
80	V101	0.613636363636364
81	V101	0.670454545454545
82	V101	0.604651162790698
83	V101	0.568181818181818
84	V101	0.704545454545455
85	V101	0.659090909090909
86	V101	0.602272727272727
87	V101	0.556818181818182
88	V101	0.556818181818182
89	V101	0.602272727272727
90	V101	0.590909090909091
91	V101	0.636363636363636
92	V101	0.613636363636364
93	V101	0.659090909090909
94	V101	0.454545454545455
95	V101	0.647727272727273
96	V101	0.613636363636364
97	V101	0.659090909090909
98	V101	0.63953488372093
99	V101	0.627906976744186
100	V101	0.613636363636364
101	V101	1
102	V101	0.625
103	V101	0.511363636363636
104	V101	0.579545454545455
105	V101	0.613636363636364
106	V101	0.670454545454545
107	V101	0.602272727272727
108	V101	0.693181818181818
109	V101	0.579545454545455
110	V101	0.625
111	V101	0.579545454545455
112	V101	0.784090909090909
113	V101	0.613636363636364
114	V101	0.590909090909091
115	V101	0.579545454545455
116	V101	0.704545454545455
117	V101	0.681818181818182
118	V101	0.545454545454545
119	V101	0.602272727272727
120	V101	0.616279069767442
121	V101	0.602272727272727
122	V101	0.647727272727273
123	V101	0.556818181818182
124	V101	0.693181818181818
125	V101	0.693181818181818
126	V101	0.545454545454545
127	V101	0.602272727272727
128	V101	0.602272727272727
129	V101	0.579545454545455
130	V101	0.625
131	V101	0.556818181818182
132	V101	0.590909090909091
133	V101	0.613636363636364
134	V101	0.579545454545455
135	V101	0.613636363636364
136	V101	0.647727272727273
137	V101	0.636363636363636
138	V101	0.593023255813954
139	V101	0.579545454545455
140	V101	0.647727272727273
141	V101	0.613636363636364
142	V101	0.602272727272727
143	V101	0.590909090909091
144	V101	0.579545454545455
145	V101	0.647727272727273
146	V101	0.534090909090909
147	V101	0.693181818181818
148	V101	0.579545454545455
149	V101	0.602272727272727
1	V102	0.590909090909091
2	V102	0.613636363636364
3	V102	0.556818181818182
4	V102	0.625
5	V102	0.659090909090909
6	V102	0.579545454545455
7	V102	0.616279069767442
8	V102	0.647727272727273
9	V102	0.651162790697674
10	V102	0.647727272727273
11	V102	0.625
12	V102	0.647727272727273
13	V102	0.651162790697674
14	V102	0.636363636363636
15	V102	0.590909090909091
16	V102	0.556818181818182
17	V102	0.636363636363636
18	V102	0.581395348837209
19	V102	0.545454545454545
20	V102	0.556818181818182
21	V102	0.568181818181818
22	V102	0.647727272727273
23	V102	0.602272727272727
24	V102	0.522727272727273
25	V102	0.636363636363636
26	V102	0.579545454545455
27	V102	0.647727272727273
28	V102	0.681818181818182
29	V102	0.670454545454545
30	V102	0.625
31	V102	0.602272727272727
32	V102	0.613636363636364
33	V102	0.625
34	V102	0.534090909090909
35	V102	0.538461538461538
36	V102	0.615384615384615
37	V102	0.616279069767442
38	V102	0.647727272727273
39	V102	0.670731707317073
40	V102	0.5875
41	V102	0.615384615384615
42	V102	0.576923076923077
43	V102	0.646341463414634
44	V102	0.708333333333333
45	V102	0.568181818181818
46	V102	0.568181818181818
47	V102	0.590909090909091
48	V102	0.569767441860465
49	V102	0.602272727272727
50	V102	0.659090909090909
51	V102	0.704545454545455
52	V102	0.627906976744186
53	V102	0.568181818181818
54	V102	0.604651162790698
55	V102	0.579545454545455
56	V102	0.590909090909091
57	V102	0.636363636363636
58	V102	0.579545454545455
59	V102	0.636363636363636
60	V102	0.727272727272727
61	V102	0.590909090909091
62	V102	0.522727272727273
63	V102	0.568181818181818
64	V102	0.625
65	V102	0.625
66	V102	0.556818181818182
67	V102	0.727272727272727
68	V102	0.613636363636364
69	V102	0.579545454545455
70	V102	0.534090909090909
71	V102	0.659090909090909
72	V102	0.602272727272727
73	V102	0.613636363636364
74	V102	0.602272727272727
75	V102	0.63953488372093
76	V102	0.659090909090909
77	V102	0.613636363636364
78	V102	0.590909090909091
79	V102	0.590909090909091
80	V102	0.534090909090909
81	V102	0.613636363636364
82	V102	0.686046511627907
83	V102	0.511363636363636
84	V102	0.625
85	V102	0.602272727272727
86	V102	0.522727272727273
87	V102	0.590909090909091
88	V102	0.636363636363636
89	V102	0.590909090909091
90	V102	0.602272727272727
91	V102	0.625
92	V102	0.579545454545455
93	V102	0.647727272727273
94	V102	0.556818181818182
95	V102	0.613636363636364
96	V102	0.693181818181818
97	V102	0.625
98	V102	0.674418604651163
99	V102	0.627906976744186
100	V102	0.602272727272727
101	V102	0.625
102	V102	1
103	V102	0.681818181818182
104	V102	0.636363636363636
105	V102	0.647727272727273
106	V102	0.636363636363636
107	V102	0.636363636363636
108	V102	0.727272727272727
109	V102	0.636363636363636
110	V102	0.681818181818182
111	V102	0.568181818181818
112	V102	0.613636363636364
113	V102	0.534090909090909
114	V102	0.625
115	V102	0.545454545454545
116	V102	0.647727272727273
117	V102	0.715909090909091
118	V102	0.602272727272727
119	V102	0.636363636363636
120	V102	0.709302325581395
121	V102	0.590909090909091
122	V102	0.613636363636364
123	V102	0.613636363636364
124	V102	0.636363636363636
125	V102	0.659090909090909
126	V102	0.556818181818182
127	V102	0.636363636363636
128	V102	0.590909090909091
129	V102	0.568181818181818
130	V102	0.659090909090909
131	V102	0.590909090909091
132	V102	0.625
133	V102	0.647727272727273
134	V102	0.568181818181818
135	V102	0.647727272727273
136	V102	0.636363636363636
137	V102	0.579545454545455
138	V102	0.534883720930233
139	V102	0.5
140	V102	0.636363636363636
141	V102	0.602272727272727
142	V102	0.636363636363636
143	V102	0.579545454545455
144	V102	0.636363636363636
145	V102	0.545454545454545
146	V102	0.568181818181818
147	V102	0.727272727272727
148	V102	0.636363636363636
149	V102	0.545454545454545
1	V103	0.590909090909091
2	V103	0.477272727272727
3	V103	0.556818181818182
4	V103	0.556818181818182
5	V103	0.659090909090909
6	V103	0.556818181818182
7	V103	0.674418604651163
8	V103	0.670454545454545
9	V103	0.569767441860465
10	V103	0.625
11	V103	0.602272727272727
12	V103	0.647727272727273
13	V103	0.569767441860465
14	V103	0.613636363636364
15	V103	0.568181818181818
16	V103	0.556818181818182
17	V103	0.659090909090909
18	V103	0.662790697674419
19	V103	0.636363636363636
20	V103	0.625
21	V103	0.590909090909091
22	V103	0.625
23	V103	0.579545454545455
24	V103	0.522727272727273
25	V103	0.590909090909091
26	V103	0.579545454545455
27	V103	0.602272727272727
28	V103	0.636363636363636
29	V103	0.761363636363636
30	V103	0.647727272727273
31	V103	0.579545454545455
32	V103	0.568181818181818
33	V103	0.579545454545455
34	V103	0.534090909090909
35	V103	0.58974358974359
36	V103	0.58974358974359
37	V103	0.581395348837209
38	V103	0.647727272727273
39	V103	0.597560975609756
40	V103	0.65
41	V103	0.705128205128205
42	V103	0.538461538461538
43	V103	0.682926829268293
44	V103	0.625
45	V103	0.659090909090909
46	V103	0.545454545454545
47	V103	0.590909090909091
48	V103	0.593023255813954
49	V103	0.625
50	V103	0.613636363636364
51	V103	0.613636363636364
52	V103	0.651162790697674
53	V103	0.681818181818182
54	V103	0.593023255813954
55	V103	0.602272727272727
56	V103	0.613636363636364
57	V103	0.636363636363636
58	V103	0.602272727272727
59	V103	0.613636363636364
60	V103	0.568181818181818
61	V103	0.659090909090909
62	V103	0.568181818181818
63	V103	0.568181818181818
64	V103	0.579545454545455
65	V103	0.625
66	V103	0.602272727272727
67	V103	0.568181818181818
68	V103	0.545454545454545
69	V103	0.647727272727273
70	V103	0.602272727272727
71	V103	0.704545454545455
72	V103	0.602272727272727
73	V103	0.636363636363636
74	V103	0.647727272727273
75	V103	0.651162790697674
76	V103	0.613636363636364
77	V103	0.636363636363636
78	V103	0.568181818181818
79	V103	0.568181818181818
80	V103	0.556818181818182
81	V103	0.659090909090909
82	V103	0.627906976744186
83	V103	0.556818181818182
84	V103	0.625
85	V103	0.670454545454545
86	V103	0.590909090909091
87	V103	0.522727272727273
88	V103	0.659090909090909
89	V103	0.613636363636364
90	V103	0.693181818181818
91	V103	0.602272727272727
92	V103	0.534090909090909
93	V103	0.647727272727273
94	V103	0.625
95	V103	0.704545454545455
96	V103	0.647727272727273
97	V103	0.670454545454545
98	V103	0.593023255813954
99	V103	0.546511627906977
100	V103	0.625
101	V103	0.511363636363636
102	V103	0.681818181818182
103	V103	1
104	V103	0.636363636363636
105	V103	0.625
106	V103	0.636363636363636
107	V103	0.613636363636364
108	V103	0.636363636363636
109	V103	0.568181818181818
110	V103	0.681818181818182
111	V103	0.704545454545455
112	V103	0.568181818181818
113	V103	0.625
114	V103	0.488636363636364
115	V103	0.636363636363636
116	V103	0.625
117	V103	0.670454545454545
118	V103	0.625
119	V103	0.727272727272727
120	V103	0.662790697674419
121	V103	0.590909090909091
122	V103	0.568181818181818
123	V103	0.5
124	V103	0.590909090909091
125	V103	0.568181818181818
126	V103	0.625
127	V103	0.636363636363636
128	V103	0.636363636363636
129	V103	0.636363636363636
130	V103	0.704545454545455
131	V103	0.568181818181818
132	V103	0.579545454545455
133	V103	0.693181818181818
134	V103	0.636363636363636
135	V103	0.602272727272727
136	V103	0.590909090909091
137	V103	0.602272727272727
138	V103	0.546511627906977
139	V103	0.545454545454545
140	V103	0.613636363636364
141	V103	0.579545454545455
142	V103	0.681818181818182
143	V103	0.602272727272727
144	V103	0.590909090909091
145	V103	0.568181818181818
146	V103	0.545454545454545
147	V103	0.636363636363636
148	V103	0.636363636363636
149	V103	0.659090909090909
1	V104	0.545454545454545
2	V104	0.5
3	V104	0.534090909090909
4	V104	0.625
5	V104	0.613636363636364
6	V104	0.534090909090909
7	V104	0.581395348837209
8	V104	0.602272727272727
9	V104	0.523255813953488
10	V104	0.556818181818182
11	V104	0.579545454545455
12	V104	0.534090909090909
13	V104	0.569767441860465
14	V104	0.590909090909091
15	V104	0.568181818181818
16	V104	0.534090909090909
17	V104	0.568181818181818
18	V104	0.63953488372093
19	V104	0.431818181818182
20	V104	0.602272727272727
21	V104	0.522727272727273
22	V104	0.670454545454545
23	V104	0.534090909090909
24	V104	0.545454545454545
25	V104	0.590909090909091
26	V104	0.511363636363636
27	V104	0.625
28	V104	0.568181818181818
29	V104	0.556818181818182
30	V104	0.625
31	V104	0.511363636363636
32	V104	0.522727272727273
33	V104	0.579545454545455
34	V104	0.465909090909091
35	V104	0.576923076923077
36	V104	0.628205128205128
37	V104	0.558139534883721
38	V104	0.556818181818182
39	V104	0.560975609756098
40	V104	0.575
41	V104	0.5
42	V104	0.538461538461538
43	V104	0.585365853658537
44	V104	0.625
45	V104	0.568181818181818
46	V104	0.5
47	V104	0.5
48	V104	0.534883720930233
49	V104	0.556818181818182
50	V104	0.568181818181818
51	V104	0.613636363636364
52	V104	0.581395348837209
53	V104	0.545454545454545
54	V104	0.476744186046512
55	V104	0.602272727272727
56	V104	0.590909090909091
57	V104	0.659090909090909
58	V104	0.579545454545455
59	V104	0.568181818181818
60	V104	0.590909090909091
61	V104	0.5
62	V104	0.590909090909091
63	V104	0.590909090909091
64	V104	0.534090909090909
65	V104	0.488636363636364
66	V104	0.488636363636364
67	V104	0.477272727272727
68	V104	0.590909090909091
69	V104	0.556818181818182
70	V104	0.579545454545455
71	V104	0.5
72	V104	0.579545454545455
73	V104	0.659090909090909
74	V104	0.556818181818182
75	V104	0.511627906976744
76	V104	0.613636363636364
77	V104	0.568181818181818
78	V104	0.522727272727273
79	V104	0.568181818181818
80	V104	0.579545454545455
81	V104	0.590909090909091
82	V104	0.534883720930233
83	V104	0.556818181818182
84	V104	0.556818181818182
85	V104	0.625
86	V104	0.5
87	V104	0.477272727272727
88	V104	0.522727272727273
89	V104	0.590909090909091
90	V104	0.602272727272727
91	V104	0.625
92	V104	0.556818181818182
93	V104	0.534090909090909
94	V104	0.625
95	V104	0.613636363636364
96	V104	0.602272727272727
97	V104	0.625
98	V104	0.616279069767442
99	V104	0.476744186046512
100	V104	0.579545454545455
101	V104	0.579545454545455
102	V104	0.636363636363636
103	V104	0.636363636363636
104	V104	1
105	V104	0.488636363636364
106	V104	0.568181818181818
107	V104	0.545454545454545
108	V104	0.613636363636364
109	V104	0.568181818181818
110	V104	0.545454545454545
111	V104	0.568181818181818
112	V104	0.568181818181818
113	V104	0.534090909090909
114	V104	0.579545454545455
115	V104	0.5
116	V104	0.625
117	V104	0.625
118	V104	0.647727272727273
119	V104	0.545454545454545
120	V104	0.686046511627907
121	V104	0.545454545454545
122	V104	0.613636363636364
123	V104	0.545454545454545
124	V104	0.568181818181818
125	V104	0.522727272727273
126	V104	0.443181818181818
127	V104	0.545454545454545
128	V104	0.5
129	V104	0.545454545454545
130	V104	0.613636363636364
131	V104	0.590909090909091
132	V104	0.556818181818182
133	V104	0.556818181818182
134	V104	0.545454545454545
135	V104	0.534090909090909
136	V104	0.590909090909091
137	V104	0.556818181818182
138	V104	0.523255813953488
139	V104	0.568181818181818
140	V104	0.545454545454545
141	V104	0.511363636363636
142	V104	0.590909090909091
143	V104	0.511363636363636
144	V104	0.568181818181818
145	V104	0.431818181818182
146	V104	0.522727272727273
147	V104	0.613636363636364
148	V104	0.477272727272727
149	V104	0.636363636363636
1	V105	0.625
2	V105	0.625
3	V105	0.590909090909091
4	V105	0.568181818181818
5	V105	0.602272727272727
6	V105	0.636363636363636
7	V105	0.616279069767442
8	V105	0.659090909090909
9	V105	0.593023255813954
10	V105	0.568181818181818
11	V105	0.613636363636364
12	V105	0.659090909090909
13	V105	0.558139534883721
14	V105	0.625
15	V105	0.602272727272727
16	V105	0.681818181818182
17	V105	0.602272727272727
18	V105	0.558139534883721
19	V105	0.602272727272727
20	V105	0.590909090909091
21	V105	0.579545454545455
22	V105	0.613636363636364
23	V105	0.590909090909091
24	V105	0.488636363636364
25	V105	0.693181818181818
26	V105	0.613636363636364
27	V105	0.568181818181818
28	V105	0.647727272727273
29	V105	0.568181818181818
30	V105	0.568181818181818
31	V105	0.613636363636364
32	V105	0.625
33	V105	0.636363636363636
34	V105	0.590909090909091
35	V105	0.602564102564103
36	V105	0.653846153846154
37	V105	0.569767441860465
38	V105	0.659090909090909
39	V105	0.634146341463415
40	V105	0.5625
41	V105	0.641025641025641
42	V105	0.576923076923077
43	V105	0.646341463414634
44	V105	0.555555555555556
45	V105	0.647727272727273
46	V105	0.579545454545455
47	V105	0.602272727272727
48	V105	0.569767441860465
49	V105	0.590909090909091
50	V105	0.579545454545455
51	V105	0.534090909090909
52	V105	0.593023255813954
53	V105	0.625
54	V105	0.627906976744186
55	V105	0.613636363636364
56	V105	0.602272727272727
57	V105	0.579545454545455
58	V105	0.568181818181818
59	V105	0.579545454545455
60	V105	0.602272727272727
61	V105	0.625
62	V105	0.579545454545455
63	V105	0.443181818181818
64	V105	0.636363636363636
65	V105	0.659090909090909
66	V105	0.659090909090909
67	V105	0.625
68	V105	0.625
69	V105	0.568181818181818
70	V105	0.522727272727273
71	V105	0.693181818181818
72	V105	0.590909090909091
73	V105	0.579545454545455
74	V105	0.545454545454545
75	V105	0.662790697674419
76	V105	0.602272727272727
77	V105	0.579545454545455
78	V105	0.556818181818182
79	V105	0.556818181818182
80	V105	0.545454545454545
81	V105	0.670454545454545
82	V105	0.627906976744186
83	V105	0.522727272727273
84	V105	0.636363636363636
85	V105	0.590909090909091
86	V105	0.579545454545455
87	V105	0.579545454545455
88	V105	0.579545454545455
89	V105	0.625
90	V105	0.613636363636364
91	V105	0.659090909090909
92	V105	0.568181818181818
93	V105	0.659090909090909
94	V105	0.568181818181818
95	V105	0.625
96	V105	0.704545454545455
97	V105	0.613636363636364
98	V105	0.63953488372093
99	V105	0.627906976744186
100	V105	0.522727272727273
101	V105	0.613636363636364
102	V105	0.647727272727273
103	V105	0.625
104	V105	0.488636363636364
105	V105	1
106	V105	0.625
107	V105	0.556818181818182
108	V105	0.670454545454545
109	V105	0.534090909090909
110	V105	0.647727272727273
111	V105	0.670454545454545
112	V105	0.647727272727273
113	V105	0.590909090909091
114	V105	0.522727272727273
115	V105	0.625
116	V105	0.568181818181818
117	V105	0.545454545454545
118	V105	0.568181818181818
119	V105	0.647727272727273
120	V105	0.616279069767442
121	V105	0.579545454545455
122	V105	0.625
123	V105	0.534090909090909
124	V105	0.556818181818182
125	V105	0.738636363636364
126	V105	0.568181818181818
127	V105	0.556818181818182
128	V105	0.670454545454545
129	V105	0.715909090909091
130	V105	0.579545454545455
131	V105	0.579545454545455
132	V105	0.545454545454545
133	V105	0.659090909090909
134	V105	0.556818181818182
135	V105	0.613636363636364
136	V105	0.602272727272727
137	V105	0.636363636363636
138	V105	0.616279069767442
139	V105	0.556818181818182
140	V105	0.647727272727273
141	V105	0.545454545454545
142	V105	0.670454545454545
143	V105	0.659090909090909
144	V105	0.465909090909091
145	V105	0.579545454545455
146	V105	0.556818181818182
147	V105	0.670454545454545
148	V105	0.579545454545455
149	V105	0.602272727272727
1	V106	0.590909090909091
2	V106	0.613636363636364
3	V106	0.693181818181818
4	V106	0.647727272727273
5	V106	0.75
6	V106	0.625
7	V106	0.604651162790698
8	V106	0.670454545454545
9	V106	0.616279069767442
10	V106	0.556818181818182
11	V106	0.625
12	V106	0.579545454545455
13	V106	0.674418604651163
14	V106	0.659090909090909
15	V106	0.568181818181818
16	V106	0.602272727272727
17	V106	0.704545454545455
18	V106	0.686046511627907
19	V106	0.659090909090909
20	V106	0.647727272727273
21	V106	0.613636363636364
22	V106	0.647727272727273
23	V106	0.579545454545455
24	V106	0.568181818181818
25	V106	0.636363636363636
26	V106	0.647727272727273
27	V106	0.579545454545455
28	V106	0.727272727272727
29	V106	0.693181818181818
30	V106	0.556818181818182
31	V106	0.625
32	V106	0.545454545454545
33	V106	0.647727272727273
34	V106	0.602272727272727
35	V106	0.653846153846154
36	V106	0.641025641025641
37	V106	0.627906976744186
38	V106	0.670454545454545
39	V106	0.634146341463415
40	V106	0.6625
41	V106	0.653846153846154
42	V106	0.628205128205128
43	V106	0.682926829268293
44	V106	0.625
45	V106	0.636363636363636
46	V106	0.727272727272727
47	V106	0.613636363636364
48	V106	0.686046511627907
49	V106	0.625
50	V106	0.75
51	V106	0.636363636363636
52	V106	0.593023255813954
53	V106	0.681818181818182
54	V106	0.627906976744186
55	V106	0.670454545454545
56	V106	0.590909090909091
57	V106	0.613636363636364
58	V106	0.647727272727273
59	V106	0.681818181818182
60	V106	0.636363636363636
61	V106	0.636363636363636
62	V106	0.568181818181818
63	V106	0.659090909090909
64	V106	0.625
65	V106	0.693181818181818
66	V106	0.625
67	V106	0.681818181818182
68	V106	0.75
69	V106	0.647727272727273
70	V106	0.579545454545455
71	V106	0.704545454545455
72	V106	0.579545454545455
73	V106	0.590909090909091
74	V106	0.534090909090909
75	V106	0.662790697674419
76	V106	0.613636363636364
77	V106	0.704545454545455
78	V106	0.613636363636364
79	V106	0.545454545454545
80	V106	0.556818181818182
81	V106	0.727272727272727
82	V106	0.674418604651163
83	V106	0.625
84	V106	0.647727272727273
85	V106	0.602272727272727
86	V106	0.681818181818182
87	V106	0.613636363636364
88	V106	0.636363636363636
89	V106	0.659090909090909
90	V106	0.670454545454545
91	V106	0.647727272727273
92	V106	0.602272727272727
93	V106	0.625
94	V106	0.579545454545455
95	V106	0.613636363636364
96	V106	0.693181818181818
97	V106	0.693181818181818
98	V106	0.627906976744186
99	V106	0.674418604651163
100	V106	0.647727272727273
101	V106	0.670454545454545
102	V106	0.636363636363636
103	V106	0.636363636363636
104	V106	0.568181818181818
105	V106	0.625
106	V106	1
107	V106	0.590909090909091
108	V106	0.727272727272727
109	V106	0.704545454545455
110	V106	0.704545454545455
111	V106	0.659090909090909
112	V106	0.681818181818182
113	V106	0.693181818181818
114	V106	0.602272727272727
115	V106	0.590909090909091
116	V106	0.693181818181818
117	V106	0.693181818181818
118	V106	0.579545454545455
119	V106	0.727272727272727
120	V106	0.651162790697674
121	V106	0.727272727272727
122	V106	0.681818181818182
123	V106	0.613636363636364
124	V106	0.636363636363636
125	V106	0.681818181818182
126	V106	0.670454545454545
127	V106	0.727272727272727
128	V106	0.659090909090909
129	V106	0.681818181818182
130	V106	0.659090909090909
131	V106	0.659090909090909
132	V106	0.670454545454545
133	V106	0.625
134	V106	0.568181818181818
135	V106	0.647727272727273
136	V106	0.636363636363636
137	V106	0.579545454545455
138	V106	0.627906976744186
139	V106	0.659090909090909
140	V106	0.613636363636364
141	V106	0.602272727272727
142	V106	0.681818181818182
143	V106	0.670454545454545
144	V106	0.704545454545455
145	V106	0.659090909090909
146	V106	0.681818181818182
147	V106	0.727272727272727
148	V106	0.727272727272727
149	V106	0.636363636363636
1	V107	0.5
2	V107	0.5
3	V107	0.625
4	V107	0.647727272727273
5	V107	0.681818181818182
6	V107	0.579545454545455
7	V107	0.558139534883721
8	V107	0.602272727272727
9	V107	0.558139534883721
10	V107	0.534090909090909
11	V107	0.556818181818182
12	V107	0.556818181818182
13	V107	0.616279069767442
14	V107	0.613636363636364
15	V107	0.545454545454545
16	V107	0.579545454545455
17	V107	0.613636363636364
18	V107	0.569767441860465
19	V107	0.613636363636364
20	V107	0.647727272727273
21	V107	0.590909090909091
22	V107	0.534090909090909
23	V107	0.579545454545455
24	V107	0.568181818181818
25	V107	0.636363636363636
26	V107	0.579545454545455
27	V107	0.647727272727273
28	V107	0.590909090909091
29	V107	0.579545454545455
30	V107	0.579545454545455
31	V107	0.556818181818182
32	V107	0.613636363636364
33	V107	0.670454545454545
34	V107	0.556818181818182
35	V107	0.487179487179487
36	V107	0.576923076923077
37	V107	0.581395348837209
38	V107	0.556818181818182
39	V107	0.524390243902439
40	V107	0.65
41	V107	0.564102564102564
42	V107	0.525641025641026
43	V107	0.573170731707317
44	V107	0.569444444444444
45	V107	0.568181818181818
46	V107	0.545454545454545
47	V107	0.522727272727273
48	V107	0.593023255813954
49	V107	0.579545454545455
50	V107	0.636363636363636
51	V107	0.613636363636364
52	V107	0.546511627906977
53	V107	0.613636363636364
54	V107	0.593023255813954
55	V107	0.556818181818182
56	V107	0.522727272727273
57	V107	0.590909090909091
58	V107	0.534090909090909
59	V107	0.613636363636364
60	V107	0.590909090909091
61	V107	0.568181818181818
62	V107	0.613636363636364
63	V107	0.568181818181818
64	V107	0.556818181818182
65	V107	0.602272727272727
66	V107	0.579545454545455
67	V107	0.613636363636364
68	V107	0.522727272727273
69	V107	0.602272727272727
70	V107	0.534090909090909
71	V107	0.636363636363636
72	V107	0.647727272727273
73	V107	0.613636363636364
74	V107	0.579545454545455
75	V107	0.627906976744186
76	V107	0.545454545454545
77	V107	0.568181818181818
78	V107	0.545454545454545
79	V107	0.590909090909091
80	V107	0.465909090909091
81	V107	0.613636363636364
82	V107	0.662790697674419
83	V107	0.534090909090909
84	V107	0.647727272727273
85	V107	0.579545454545455
86	V107	0.636363636363636
87	V107	0.545454545454545
88	V107	0.590909090909091
89	V107	0.636363636363636
90	V107	0.602272727272727
91	V107	0.602272727272727
92	V107	0.625
93	V107	0.579545454545455
94	V107	0.647727272727273
95	V107	0.568181818181818
96	V107	0.625
97	V107	0.534090909090909
98	V107	0.581395348837209
99	V107	0.593023255813954
100	V107	0.511363636363636
101	V107	0.602272727272727
102	V107	0.636363636363636
103	V107	0.613636363636364
104	V107	0.545454545454545
105	V107	0.556818181818182
106	V107	0.590909090909091
107	V107	1
108	V107	0.704545454545455
109	V107	0.590909090909091
110	V107	0.613636363636364
111	V107	0.590909090909091
112	V107	0.681818181818182
113	V107	0.602272727272727
114	V107	0.602272727272727
115	V107	0.590909090909091
116	V107	0.625
117	V107	0.602272727272727
118	V107	0.511363636363636
119	V107	0.590909090909091
120	V107	0.63953488372093
121	V107	0.568181818181818
122	V107	0.568181818181818
123	V107	0.522727272727273
124	V107	0.545454545454545
125	V107	0.636363636363636
126	V107	0.534090909090909
127	V107	0.568181818181818
128	V107	0.568181818181818
129	V107	0.568181818181818
130	V107	0.568181818181818
131	V107	0.545454545454545
132	V107	0.670454545454545
133	V107	0.625
134	V107	0.613636363636364
135	V107	0.625
136	V107	0.568181818181818
137	V107	0.602272727272727
138	V107	0.511627906976744
139	V107	0.636363636363636
140	V107	0.613636363636364
141	V107	0.534090909090909
142	V107	0.636363636363636
143	V107	0.602272727272727
144	V107	0.522727272727273
145	V107	0.590909090909091
146	V107	0.5
147	V107	0.704545454545455
148	V107	0.613636363636364
149	V107	0.613636363636364
1	V108	0.636363636363636
2	V108	0.636363636363636
3	V108	0.670454545454545
4	V108	0.625
5	V108	0.681818181818182
6	V108	0.670454545454545
7	V108	0.674418604651163
8	V108	0.670454545454545
9	V108	0.697674418604651
10	V108	0.647727272727273
11	V108	0.647727272727273
12	V108	0.670454545454545
13	V108	0.732558139534884
14	V108	0.636363636363636
15	V108	0.545454545454545
16	V108	0.602272727272727
17	V108	0.704545454545455
18	V108	0.686046511627907
19	V108	0.613636363636364
20	V108	0.647727272727273
21	V108	0.613636363636364
22	V108	0.670454545454545
23	V108	0.602272727272727
24	V108	0.590909090909091
25	V108	0.659090909090909
26	V108	0.670454545454545
27	V108	0.715909090909091
28	V108	0.704545454545455
29	V108	0.670454545454545
30	V108	0.625
31	V108	0.625
32	V108	0.613636363636364
33	V108	0.625
34	V108	0.579545454545455
35	V108	0.641025641025641
36	V108	0.666666666666667
37	V108	0.604651162790698
38	V108	0.647727272727273
39	V108	0.621951219512195
40	V108	0.65
41	V108	0.615384615384615
42	V108	0.615384615384615
43	V108	0.695121951219512
44	V108	0.638888888888889
45	V108	0.659090909090909
46	V108	0.636363636363636
47	V108	0.590909090909091
48	V108	0.627906976744186
49	V108	0.647727272727273
50	V108	0.613636363636364
51	V108	0.659090909090909
52	V108	0.546511627906977
53	V108	0.636363636363636
54	V108	0.686046511627907
55	V108	0.625
56	V108	0.613636363636364
57	V108	0.659090909090909
58	V108	0.602272727272727
59	V108	0.681818181818182
60	V108	0.704545454545455
61	V108	0.636363636363636
62	V108	0.636363636363636
63	V108	0.613636363636364
64	V108	0.670454545454545
65	V108	0.670454545454545
66	V108	0.670454545454545
67	V108	0.727272727272727
68	V108	0.704545454545455
69	V108	0.579545454545455
70	V108	0.602272727272727
71	V108	0.727272727272727
72	V108	0.715909090909091
73	V108	0.659090909090909
74	V108	0.647727272727273
75	V108	0.697674418604651
76	V108	0.590909090909091
77	V108	0.727272727272727
78	V108	0.613636363636364
79	V108	0.704545454545455
80	V108	0.534090909090909
81	V108	0.659090909090909
82	V108	0.686046511627907
83	V108	0.625
84	V108	0.647727272727273
85	V108	0.670454545454545
86	V108	0.636363636363636
87	V108	0.636363636363636
88	V108	0.681818181818182
89	V108	0.659090909090909
90	V108	0.647727272727273
91	V108	0.693181818181818
92	V108	0.625
93	V108	0.715909090909091
94	V108	0.602272727272727
95	V108	0.613636363636364
96	V108	0.715909090909091
97	V108	0.715909090909091
98	V108	0.674418604651163
99	V108	0.732558139534884
100	V108	0.602272727272727
101	V108	0.693181818181818
102	V108	0.727272727272727
103	V108	0.636363636363636
104	V108	0.613636363636364
105	V108	0.670454545454545
106	V108	0.727272727272727
107	V108	0.704545454545455
108	V108	1
109	V108	0.704545454545455
110	V108	0.613636363636364
111	V108	0.636363636363636
112	V108	0.727272727272727
113	V108	0.670454545454545
114	V108	0.647727272727273
115	V108	0.590909090909091
116	V108	0.738636363636364
117	V108	0.693181818181818
118	V108	0.625
119	V108	0.659090909090909
120	V108	0.697674418604651
121	V108	0.681818181818182
122	V108	0.636363636363636
123	V108	0.636363636363636
124	V108	0.613636363636364
125	V108	0.727272727272727
126	V108	0.579545454545455
127	V108	0.659090909090909
128	V108	0.681818181818182
129	V108	0.659090909090909
130	V108	0.681818181818182
131	V108	0.704545454545455
132	V108	0.647727272727273
133	V108	0.579545454545455
134	V108	0.613636363636364
135	V108	0.625
136	V108	0.681818181818182
137	V108	0.602272727272727
138	V108	0.627906976744186
139	V108	0.636363636363636
140	V108	0.681818181818182
141	V108	0.602272727272727
142	V108	0.659090909090909
143	V108	0.670454545454545
144	V108	0.636363636363636
145	V108	0.590909090909091
146	V108	0.590909090909091
147	V108	1
148	V108	0.681818181818182
149	V108	0.636363636363636
1	V109	0.659090909090909
2	V109	0.636363636363636
3	V109	0.488636363636364
4	V109	0.647727272727273
5	V109	0.568181818181818
6	V109	0.625
7	V109	0.616279069767442
8	V109	0.647727272727273
9	V109	0.593023255813954
10	V109	0.602272727272727
11	V109	0.693181818181818
12	V109	0.579545454545455
13	V109	0.662790697674419
14	V109	0.704545454545455
15	V109	0.613636363636364
16	V109	0.625
17	V109	0.590909090909091
18	V109	0.627906976744186
19	V109	0.681818181818182
20	V109	0.625
21	V109	0.568181818181818
22	V109	0.647727272727273
23	V109	0.625
24	V109	0.681818181818182
25	V109	0.590909090909091
26	V109	0.647727272727273
27	V109	0.625
28	V109	0.704545454545455
29	V109	0.670454545454545
30	V109	0.625
31	V109	0.602272727272727
32	V109	0.613636363636364
33	V109	0.579545454545455
34	V109	0.556818181818182
35	V109	0.628205128205128
36	V109	0.692307692307692
37	V109	0.593023255813954
38	V109	0.693181818181818
39	V109	0.695121951219512
40	V109	0.675
41	V109	0.67948717948718
42	V109	0.564102564102564
43	V109	0.658536585365854
44	V109	0.625
45	V109	0.590909090909091
46	V109	0.613636363636364
47	V109	0.590909090909091
48	V109	0.63953488372093
49	V109	0.602272727272727
50	V109	0.613636363636364
51	V109	0.590909090909091
52	V109	0.569767441860465
53	V109	0.636363636363636
54	V109	0.63953488372093
55	V109	0.625
56	V109	0.590909090909091
57	V109	0.659090909090909
58	V109	0.602272727272727
59	V109	0.681818181818182
60	V109	0.613636363636364
61	V109	0.545454545454545
62	V109	0.545454545454545
63	V109	0.727272727272727
64	V109	0.625
65	V109	0.715909090909091
66	V109	0.670454545454545
67	V109	0.659090909090909
68	V109	0.568181818181818
69	V109	0.647727272727273
70	V109	0.625
71	V109	0.590909090909091
72	V109	0.579545454545455
73	V109	0.568181818181818
74	V109	0.534090909090909
75	V109	0.651162790697674
76	V109	0.590909090909091
77	V109	0.636363636363636
78	V109	0.590909090909091
79	V109	0.613636363636364
80	V109	0.534090909090909
81	V109	0.659090909090909
82	V109	0.627906976744186
83	V109	0.670454545454545
84	V109	0.670454545454545
85	V109	0.602272727272727
86	V109	0.613636363636364
87	V109	0.636363636363636
88	V109	0.727272727272727
89	V109	0.590909090909091
90	V109	0.670454545454545
91	V109	0.625
92	V109	0.602272727272727
93	V109	0.647727272727273
94	V109	0.625
95	V109	0.613636363636364
96	V109	0.693181818181818
97	V109	0.693181818181818
98	V109	0.627906976744186
99	V109	0.616279069767442
100	V109	0.647727272727273
101	V109	0.579545454545455
102	V109	0.636363636363636
103	V109	0.568181818181818
104	V109	0.568181818181818
105	V109	0.534090909090909
106	V109	0.704545454545455
107	V109	0.590909090909091
108	V109	0.704545454545455
109	V109	1
110	V109	0.590909090909091
111	V109	0.568181818181818
112	V109	0.636363636363636
113	V109	0.579545454545455
114	V109	0.670454545454545
115	V109	0.568181818181818
116	V109	0.670454545454545
117	V109	0.556818181818182
118	V109	0.602272727272727
119	V109	0.613636363636364
120	V109	0.662790697674419
121	V109	0.704545454545455
122	V109	0.613636363636364
123	V109	0.659090909090909
124	V109	0.590909090909091
125	V109	0.636363636363636
126	V109	0.647727272727273
127	V109	0.704545454545455
128	V109	0.613636363636364
129	V109	0.590909090909091
130	V109	0.590909090909091
131	V109	0.568181818181818
132	V109	0.556818181818182
133	V109	0.534090909090909
134	V109	0.659090909090909
135	V109	0.579545454545455
136	V109	0.659090909090909
137	V109	0.647727272727273
138	V109	0.534883720930233
139	V109	0.613636363636364
140	V109	0.590909090909091
141	V109	0.602272727272727
142	V109	0.613636363636364
143	V109	0.625
144	V109	0.681818181818182
145	V109	0.659090909090909
146	V109	0.613636363636364
147	V109	0.704545454545455
148	V109	0.659090909090909
149	V109	0.568181818181818
1	V110	0.545454545454545
2	V110	0.590909090909091
3	V110	0.693181818181818
4	V110	0.579545454545455
5	V110	0.636363636363636
6	V110	0.625
7	V110	0.627906976744186
8	V110	0.715909090909091
9	V110	0.569767441860465
10	V110	0.625
11	V110	0.693181818181818
12	V110	0.647727272727273
13	V110	0.616279069767442
14	V110	0.659090909090909
15	V110	0.545454545454545
16	V110	0.647727272727273
17	V110	0.659090909090909
18	V110	0.569767441860465
19	V110	0.590909090909091
20	V110	0.647727272727273
21	V110	0.613636363636364
22	V110	0.647727272727273
23	V110	0.670454545454545
24	V110	0.568181818181818
25	V110	0.659090909090909
26	V110	0.602272727272727
27	V110	0.602272727272727
28	V110	0.659090909090909
29	V110	0.670454545454545
30	V110	0.670454545454545
31	V110	0.579545454545455
32	V110	0.590909090909091
33	V110	0.647727272727273
34	V110	0.647727272727273
35	V110	0.717948717948718
36	V110	0.628205128205128
37	V110	0.720930232558139
38	V110	0.693181818181818
39	V110	0.573170731707317
40	V110	0.7
41	V110	0.67948717948718
42	V110	0.641025641025641
43	V110	0.695121951219512
44	V110	0.569444444444444
45	V110	0.636363636363636
46	V110	0.590909090909091
47	V110	0.636363636363636
48	V110	0.63953488372093
49	V110	0.625
50	V110	0.727272727272727
51	V110	0.75
52	V110	0.651162790697674
53	V110	0.636363636363636
54	V110	0.616279069767442
55	V110	0.647727272727273
56	V110	0.636363636363636
57	V110	0.613636363636364
58	V110	0.625
59	V110	0.636363636363636
60	V110	0.681818181818182
61	V110	0.636363636363636
62	V110	0.681818181818182
63	V110	0.5
64	V110	0.670454545454545
65	V110	0.647727272727273
66	V110	0.625
67	V110	0.704545454545455
68	V110	0.568181818181818
69	V110	0.625
70	V110	0.579545454545455
71	V110	0.704545454545455
72	V110	0.625
73	V110	0.568181818181818
74	V110	0.556818181818182
75	V110	0.651162790697674
76	V110	0.681818181818182
77	V110	0.636363636363636
78	V110	0.568181818181818
79	V110	0.590909090909091
80	V110	0.534090909090909
81	V110	0.636363636363636
82	V110	0.720930232558139
83	V110	0.647727272727273
84	V110	0.715909090909091
85	V110	0.625
86	V110	0.659090909090909
87	V110	0.636363636363636
88	V110	0.590909090909091
89	V110	0.545454545454545
90	V110	0.647727272727273
91	V110	0.534090909090909
92	V110	0.647727272727273
93	V110	0.602272727272727
94	V110	0.602272727272727
95	V110	0.659090909090909
96	V110	0.579545454545455
97	V110	0.693181818181818
98	V110	0.63953488372093
99	V110	0.569767441860465
100	V110	0.556818181818182
101	V110	0.625
102	V110	0.681818181818182
103	V110	0.681818181818182
104	V110	0.545454545454545
105	V110	0.647727272727273
106	V110	0.704545454545455
107	V110	0.613636363636364
108	V110	0.613636363636364
109	V110	0.590909090909091
110	V110	1
111	V110	0.636363636363636
112	V110	0.613636363636364
113	V110	0.602272727272727
114	V110	0.534090909090909
115	V110	0.590909090909091
116	V110	0.670454545454545
117	V110	0.625
118	V110	0.602272727272727
119	V110	0.727272727272727
120	V110	0.593023255813954
121	V110	0.590909090909091
122	V110	0.636363636363636
123	V110	0.568181818181818
124	V110	0.545454545454545
125	V110	0.613636363636364
126	V110	0.625
127	V110	0.681818181818182
128	V110	0.704545454545455
129	V110	0.636363636363636
130	V110	0.681818181818182
131	V110	0.545454545454545
132	V110	0.579545454545455
133	V110	0.693181818181818
134	V110	0.659090909090909
135	V110	0.715909090909091
136	V110	0.659090909090909
137	V110	0.602272727272727
138	V110	0.662790697674419
139	V110	0.590909090909091
140	V110	0.590909090909091
141	V110	0.556818181818182
142	V110	0.659090909090909
143	V110	0.670454545454545
144	V110	0.681818181818182
145	V110	0.704545454545455
146	V110	0.590909090909091
147	V110	0.613636363636364
148	V110	0.659090909090909
149	V110	0.590909090909091
1	V111	0.636363636363636
2	V111	0.522727272727273
3	V111	0.534090909090909
4	V111	0.602272727272727
5	V111	0.681818181818182
6	V111	0.647727272727273
7	V111	0.581395348837209
8	V111	0.670454545454545
9	V111	0.581395348837209
10	V111	0.602272727272727
11	V111	0.647727272727273
12	V111	0.670454545454545
13	V111	0.616279069767442
14	V111	0.659090909090909
15	V111	0.681818181818182
16	V111	0.670454545454545
17	V111	0.590909090909091
18	V111	0.63953488372093
19	V111	0.727272727272727
20	V111	0.693181818181818
21	V111	0.681818181818182
22	V111	0.715909090909091
23	V111	0.670454545454545
24	V111	0.636363636363636
25	V111	0.704545454545455
26	V111	0.602272727272727
27	V111	0.625
28	V111	0.636363636363636
29	V111	0.647727272727273
30	V111	0.647727272727273
31	V111	0.579545454545455
32	V111	0.568181818181818
33	V111	0.647727272727273
34	V111	0.556818181818182
35	V111	0.653846153846154
36	V111	0.67948717948718
37	V111	0.534883720930233
38	V111	0.715909090909091
39	V111	0.670731707317073
40	V111	0.6625
41	V111	0.717948717948718
42	V111	0.67948717948718
43	V111	0.621951219512195
44	V111	0.611111111111111
45	V111	0.659090909090909
46	V111	0.613636363636364
47	V111	0.636363636363636
48	V111	0.523255813953488
49	V111	0.625
50	V111	0.522727272727273
51	V111	0.568181818181818
52	V111	0.63953488372093
53	V111	0.681818181818182
54	V111	0.686046511627907
55	V111	0.670454545454545
56	V111	0.568181818181818
57	V111	0.681818181818182
58	V111	0.579545454545455
59	V111	0.590909090909091
60	V111	0.636363636363636
61	V111	0.568181818181818
62	V111	0.545454545454545
63	V111	0.613636363636364
64	V111	0.579545454545455
65	V111	0.647727272727273
66	V111	0.602272727272727
67	V111	0.613636363636364
68	V111	0.590909090909091
69	V111	0.625
70	V111	0.670454545454545
71	V111	0.704545454545455
72	V111	0.647727272727273
73	V111	0.636363636363636
74	V111	0.693181818181818
75	V111	0.674418604651163
76	V111	0.681818181818182
77	V111	0.704545454545455
78	V111	0.636363636363636
79	V111	0.568181818181818
80	V111	0.670454545454545
81	V111	0.613636363636364
82	V111	0.63953488372093
83	V111	0.602272727272727
84	V111	0.625
85	V111	0.625
86	V111	0.636363636363636
87	V111	0.545454545454545
88	V111	0.704545454545455
89	V111	0.636363636363636
90	V111	0.625
91	V111	0.647727272727273
92	V111	0.602272727272727
93	V111	0.625
94	V111	0.556818181818182
95	V111	0.75
96	V111	0.647727272727273
97	V111	0.670454545454545
98	V111	0.569767441860465
99	V111	0.569767441860465
100	V111	0.647727272727273
101	V111	0.579545454545455
102	V111	0.568181818181818
103	V111	0.704545454545455
104	V111	0.568181818181818
105	V111	0.670454545454545
106	V111	0.659090909090909
107	V111	0.590909090909091
108	V111	0.636363636363636
109	V111	0.568181818181818
110	V111	0.636363636363636
111	V111	1
112	V111	0.636363636363636
113	V111	0.602272727272727
114	V111	0.556818181818182
115	V111	0.545454545454545
116	V111	0.602272727272727
117	V111	0.534090909090909
118	V111	0.625
119	V111	0.681818181818182
120	V111	0.651162790697674
121	V111	0.590909090909091
122	V111	0.613636363636364
123	V111	0.5
124	V111	0.613636363636364
125	V111	0.659090909090909
126	V111	0.670454545454545
127	V111	0.613636363636364
128	V111	0.704545454545455
129	V111	0.704545454545455
130	V111	0.636363636363636
131	V111	0.613636363636364
132	V111	0.647727272727273
133	V111	0.693181818181818
134	V111	0.636363636363636
135	V111	0.738636363636364
136	V111	0.613636363636364
137	V111	0.625
138	V111	0.63953488372093
139	V111	0.636363636363636
140	V111	0.704545454545455
141	V111	0.625
142	V111	0.75
143	V111	0.625
144	V111	0.568181818181818
145	V111	0.613636363636364
146	V111	0.613636363636364
147	V111	0.636363636363636
148	V111	0.659090909090909
149	V111	0.659090909090909
1	V112	0.545454545454545
2	V112	0.590909090909091
3	V112	0.625
4	V112	0.670454545454545
5	V112	0.659090909090909
6	V112	0.602272727272727
7	V112	0.627906976744186
8	V112	0.693181818181818
9	V112	0.581395348837209
10	V112	0.602272727272727
11	V112	0.693181818181818
12	V112	0.647727272727273
13	V112	0.593023255813954
14	V112	0.613636363636364
15	V112	0.590909090909091
16	V112	0.647727272727273
17	V112	0.590909090909091
18	V112	0.662790697674419
19	V112	0.590909090909091
20	V112	0.761363636363636
21	V112	0.681818181818182
22	V112	0.715909090909091
23	V112	0.625
24	V112	0.568181818181818
25	V112	0.636363636363636
26	V112	0.602272727272727
27	V112	0.693181818181818
28	V112	0.704545454545455
29	V112	0.670454545454545
30	V112	0.579545454545455
31	V112	0.647727272727273
32	V112	0.590909090909091
33	V112	0.625
34	V112	0.625
35	V112	0.576923076923077
36	V112	0.67948717948718
37	V112	0.604651162790698
38	V112	0.670454545454545
39	V112	0.731707317073171
40	V112	0.6
41	V112	0.692307692307692
42	V112	0.628205128205128
43	V112	0.621951219512195
44	V112	0.652777777777778
45	V112	0.590909090909091
46	V112	0.681818181818182
47	V112	0.590909090909091
48	V112	0.627906976744186
49	V112	0.693181818181818
50	V112	0.659090909090909
51	V112	0.590909090909091
52	V112	0.63953488372093
53	V112	0.590909090909091
54	V112	0.63953488372093
55	V112	0.602272727272727
56	V112	0.636363636363636
57	V112	0.613636363636364
58	V112	0.602272727272727
59	V112	0.590909090909091
60	V112	0.636363636363636
61	V112	0.613636363636364
62	V112	0.590909090909091
63	V112	0.704545454545455
64	V112	0.625
65	V112	0.693181818181818
66	V112	0.625
67	V112	0.636363636363636
68	V112	0.568181818181818
69	V112	0.602272727272727
70	V112	0.670454545454545
71	V112	0.636363636363636
72	V112	0.647727272727273
73	V112	0.545454545454545
74	V112	0.602272727272727
75	V112	0.674418604651163
76	V112	0.590909090909091
77	V112	0.681818181818182
78	V112	0.636363636363636
79	V112	0.590909090909091
80	V112	0.602272727272727
81	V112	0.613636363636364
82	V112	0.662790697674419
83	V112	0.602272727272727
84	V112	0.693181818181818
85	V112	0.670454545454545
86	V112	0.636363636363636
87	V112	0.590909090909091
88	V112	0.659090909090909
89	V112	0.704545454545455
90	V112	0.625
91	V112	0.715909090909091
92	V112	0.625
93	V112	0.715909090909091
94	V112	0.556818181818182
95	V112	0.704545454545455
96	V112	0.693181818181818
97	V112	0.647727272727273
98	V112	0.616279069767442
99	V112	0.709302325581395
100	V112	0.647727272727273
101	V112	0.784090909090909
102	V112	0.613636363636364
103	V112	0.568181818181818
104	V112	0.568181818181818
105	V112	0.647727272727273
106	V112	0.681818181818182
107	V112	0.681818181818182
108	V112	0.727272727272727
109	V112	0.636363636363636
110	V112	0.613636363636364
111	V112	0.636363636363636
112	V112	1
113	V112	0.670454545454545
114	V112	0.647727272727273
115	V112	0.636363636363636
116	V112	0.670454545454545
117	V112	0.602272727272727
118	V112	0.625
119	V112	0.613636363636364
120	V112	0.581395348837209
121	V112	0.590909090909091
122	V112	0.659090909090909
123	V112	0.522727272727273
124	V112	0.704545454545455
125	V112	0.704545454545455
126	V112	0.556818181818182
127	V112	0.659090909090909
128	V112	0.636363636363636
129	V112	0.613636363636364
130	V112	0.681818181818182
131	V112	0.590909090909091
132	V112	0.602272727272727
133	V112	0.602272727272727
134	V112	0.636363636363636
135	V112	0.647727272727273
136	V112	0.659090909090909
137	V112	0.625
138	V112	0.593023255813954
139	V112	0.659090909090909
140	V112	0.704545454545455
141	V112	0.602272727272727
142	V112	0.659090909090909
143	V112	0.602272727272727
144	V112	0.590909090909091
145	V112	0.681818181818182
146	V112	0.636363636363636
147	V112	0.727272727272727
148	V112	0.659090909090909
149	V112	0.659090909090909
1	V113	0.556818181818182
2	V113	0.579545454545455
3	V113	0.659090909090909
4	V113	0.613636363636364
5	V113	0.625
6	V113	0.568181818181818
7	V113	0.627906976744186
8	V113	0.659090909090909
9	V113	0.546511627906977
10	V113	0.590909090909091
11	V113	0.545454545454545
12	V113	0.568181818181818
13	V113	0.569767441860465
14	V113	0.579545454545455
15	V113	0.602272727272727
16	V113	0.613636363636364
17	V113	0.647727272727273
18	V113	0.709302325581395
19	V113	0.625
20	V113	0.681818181818182
21	V113	0.715909090909091
22	V113	0.613636363636364
23	V113	0.613636363636364
24	V113	0.488636363636364
25	V113	0.556818181818182
26	V113	0.659090909090909
27	V113	0.568181818181818
28	V113	0.647727272727273
29	V113	0.636363636363636
30	V113	0.522727272727273
31	V113	0.636363636363636
32	V113	0.488636363636364
33	V113	0.590909090909091
34	V113	0.659090909090909
35	V113	0.653846153846154
36	V113	0.512820512820513
37	V113	0.534883720930233
38	V113	0.590909090909091
39	V113	0.560975609756098
40	V113	0.625
41	V113	0.641025641025641
42	V113	0.564102564102564
43	V113	0.560975609756098
44	V113	0.597222222222222
45	V113	0.647727272727273
46	V113	0.602272727272727
47	V113	0.670454545454545
48	V113	0.63953488372093
49	V113	0.590909090909091
50	V113	0.625
51	V113	0.556818181818182
52	V113	0.534883720930233
53	V113	0.602272727272727
54	V113	0.569767441860465
55	V113	0.613636363636364
56	V113	0.579545454545455
57	V113	0.534090909090909
58	V113	0.659090909090909
59	V113	0.602272727272727
60	V113	0.579545454545455
61	V113	0.602272727272727
62	V113	0.579545454545455
63	V113	0.579545454545455
64	V113	0.636363636363636
65	V113	0.613636363636364
66	V113	0.636363636363636
67	V113	0.625
68	V113	0.693181818181818
69	V113	0.704545454545455
70	V113	0.590909090909091
71	V113	0.670454545454545
72	V113	0.659090909090909
73	V113	0.579545454545455
74	V113	0.590909090909091
75	V113	0.651162790697674
76	V113	0.488636363636364
77	V113	0.670454545454545
78	V113	0.579545454545455
79	V113	0.556818181818182
80	V113	0.568181818181818
81	V113	0.602272727272727
82	V113	0.651162790697674
83	V113	0.568181818181818
84	V113	0.613636363636364
85	V113	0.613636363636364
86	V113	0.738636363636364
87	V113	0.579545454545455
88	V113	0.602272727272727
89	V113	0.647727272727273
90	V113	0.636363636363636
91	V113	0.568181818181818
92	V113	0.545454545454545
93	V113	0.613636363636364
94	V113	0.545454545454545
95	V113	0.602272727272727
96	V113	0.613636363636364
97	V113	0.681818181818182
98	V113	0.604651162790698
99	V113	0.616279069767442
100	V113	0.545454545454545
101	V113	0.613636363636364
102	V113	0.534090909090909
103	V113	0.625
104	V113	0.534090909090909
105	V113	0.590909090909091
106	V113	0.693181818181818
107	V113	0.602272727272727
108	V113	0.670454545454545
109	V113	0.579545454545455
110	V113	0.602272727272727
111	V113	0.602272727272727
112	V113	0.670454545454545
113	V113	1
114	V113	0.590909090909091
115	V113	0.625
116	V113	0.659090909090909
117	V113	0.613636363636364
118	V113	0.636363636363636
119	V113	0.670454545454545
120	V113	0.616279069767442
121	V113	0.534090909090909
122	V113	0.670454545454545
123	V113	0.579545454545455
124	V113	0.602272727272727
125	V113	0.670454545454545
126	V113	0.545454545454545
127	V113	0.625
128	V113	0.556818181818182
129	V113	0.647727272727273
130	V113	0.647727272727273
131	V113	0.625
132	V113	0.636363636363636
133	V113	0.590909090909091
134	V113	0.534090909090909
135	V113	0.636363636363636
136	V113	0.602272727272727
137	V113	0.522727272727273
138	V113	0.604651162790698
139	V113	0.647727272727273
140	V113	0.579545454545455
141	V113	0.636363636363636
142	V113	0.625
143	V113	0.636363636363636
144	V113	0.579545454545455
145	V113	0.625
146	V113	0.602272727272727
147	V113	0.670454545454545
148	V113	0.625
149	V113	0.693181818181818
1	V114	0.556818181818182
2	V114	0.625
3	V114	0.522727272727273
4	V114	0.727272727272727
5	V114	0.579545454545455
6	V114	0.636363636363636
7	V114	0.523255813953488
8	V114	0.568181818181818
9	V114	0.569767441860465
10	V114	0.568181818181818
11	V114	0.590909090909091
12	V114	0.636363636363636
13	V114	0.546511627906977
14	V114	0.670454545454545
15	V114	0.670454545454545
16	V114	0.636363636363636
17	V114	0.602272727272727
18	V114	0.604651162790698
19	V114	0.511363636363636
20	V114	0.613636363636364
21	V114	0.556818181818182
22	V114	0.613636363636364
23	V114	0.590909090909091
24	V114	0.647727272727273
25	V114	0.579545454545455
26	V114	0.545454545454545
27	V114	0.659090909090909
28	V114	0.556818181818182
29	V114	0.636363636363636
30	V114	0.659090909090909
31	V114	0.545454545454545
32	V114	0.602272727272727
33	V114	0.613636363636364
34	V114	0.590909090909091
35	V114	0.666666666666667
36	V114	0.615384615384615
37	V114	0.546511627906977
38	V114	0.636363636363636
39	V114	0.621951219512195
40	V114	0.6
41	V114	0.641025641025641
42	V114	0.653846153846154
43	V114	0.548780487804878
44	V114	0.583333333333333
45	V114	0.579545454545455
46	V114	0.534090909090909
47	V114	0.602272727272727
48	V114	0.651162790697674
49	V114	0.590909090909091
50	V114	0.602272727272727
51	V114	0.579545454545455
52	V114	0.546511627906977
53	V114	0.579545454545455
54	V114	0.569767441860465
55	V114	0.590909090909091
56	V114	0.625
57	V114	0.602272727272727
58	V114	0.522727272727273
59	V114	0.534090909090909
60	V114	0.579545454545455
61	V114	0.556818181818182
62	V114	0.534090909090909
63	V114	0.693181818181818
64	V114	0.613636363636364
65	V114	0.659090909090909
66	V114	0.568181818181818
67	V114	0.693181818181818
68	V114	0.579545454545455
69	V114	0.613636363636364
70	V114	0.545454545454545
71	V114	0.556818181818182
72	V114	0.522727272727273
73	V114	0.602272727272727
74	V114	0.568181818181818
75	V114	0.604651162790698
76	V114	0.693181818181818
77	V114	0.625
78	V114	0.579545454545455
79	V114	0.625
80	V114	0.545454545454545
81	V114	0.556818181818182
82	V114	0.651162790697674
83	V114	0.545454545454545
84	V114	0.590909090909091
85	V114	0.613636363636364
86	V114	0.625
87	V114	0.602272727272727
88	V114	0.602272727272727
89	V114	0.534090909090909
90	V114	0.590909090909091
91	V114	0.613636363636364
92	V114	0.613636363636364
93	V114	0.704545454545455
94	V114	0.659090909090909
95	V114	0.579545454545455
96	V114	0.636363636363636
97	V114	0.613636363636364
98	V114	0.581395348837209
99	V114	0.616279069767442
100	V114	0.613636363636364
101	V114	0.590909090909091
102	V114	0.625
103	V114	0.488636363636364
104	V114	0.579545454545455
105	V114	0.522727272727273
106	V114	0.602272727272727
107	V114	0.602272727272727
108	V114	0.647727272727273
109	V114	0.670454545454545
110	V114	0.534090909090909
111	V114	0.556818181818182
112	V114	0.647727272727273
113	V114	0.590909090909091
114	V114	1
115	V114	0.602272727272727
116	V114	0.636363636363636
117	V114	0.590909090909091
118	V114	0.545454545454545
119	V114	0.602272727272727
120	V114	0.686046511627907
121	V114	0.579545454545455
122	V114	0.647727272727273
123	V114	0.602272727272727
124	V114	0.647727272727273
125	V114	0.670454545454545
126	V114	0.522727272727273
127	V114	0.625
128	V114	0.602272727272727
129	V114	0.625
130	V114	0.556818181818182
131	V114	0.670454545454545
132	V114	0.613636363636364
133	V114	0.477272727272727
134	V114	0.534090909090909
135	V114	0.636363636363636
136	V114	0.647727272727273
137	V114	0.568181818181818
138	V114	0.534883720930233
139	V114	0.647727272727273
140	V114	0.602272727272727
141	V114	0.636363636363636
142	V114	0.602272727272727
143	V114	0.545454545454545
144	V114	0.647727272727273
145	V114	0.602272727272727
146	V114	0.670454545454545
147	V114	0.647727272727273
148	V114	0.556818181818182
149	V114	0.625
1	V115	0.522727272727273
2	V115	0.636363636363636
3	V115	0.670454545454545
4	V115	0.602272727272727
5	V115	0.636363636363636
6	V115	0.602272727272727
7	V115	0.627906976744186
8	V115	0.579545454545455
9	V115	0.616279069767442
10	V115	0.556818181818182
11	V115	0.579545454545455
12	V115	0.647727272727273
13	V115	0.627906976744186
14	V115	0.613636363636364
15	V115	0.568181818181818
16	V115	0.647727272727273
17	V115	0.681818181818182
18	V115	0.616279069767442
19	V115	0.590909090909091
20	V115	0.647727272727273
21	V115	0.590909090909091
22	V115	0.534090909090909
23	V115	0.602272727272727
24	V115	0.613636363636364
25	V115	0.568181818181818
26	V115	0.647727272727273
27	V115	0.579545454545455
28	V115	0.636363636363636
29	V115	0.670454545454545
30	V115	0.647727272727273
31	V115	0.625
32	V115	0.659090909090909
33	V115	0.647727272727273
34	V115	0.579545454545455
35	V115	0.58974358974359
36	V115	0.615384615384615
37	V115	0.558139534883721
38	V115	0.625
39	V115	0.573170731707317
40	V115	0.5875
41	V115	0.717948717948718
42	V115	0.602564102564103
43	V115	0.658536585365854
44	V115	0.638888888888889
45	V115	0.659090909090909
46	V115	0.659090909090909
47	V115	0.590909090909091
48	V115	0.651162790697674
49	V115	0.693181818181818
50	V115	0.613636363636364
51	V115	0.545454545454545
52	V115	0.581395348837209
53	V115	0.590909090909091
54	V115	0.558139534883721
55	V115	0.625
56	V115	0.613636363636364
57	V115	0.522727272727273
58	V115	0.556818181818182
59	V115	0.568181818181818
60	V115	0.568181818181818
61	V115	0.522727272727273
62	V115	0.636363636363636
63	V115	0.568181818181818
64	V115	0.647727272727273
65	V115	0.625
66	V115	0.556818181818182
67	V115	0.590909090909091
68	V115	0.522727272727273
69	V115	0.602272727272727
70	V115	0.602272727272727
71	V115	0.636363636363636
72	V115	0.670454545454545
73	V115	0.522727272727273
74	V115	0.488636363636364
75	V115	0.662790697674419
76	V115	0.568181818181818
77	V115	0.545454545454545
78	V115	0.659090909090909
79	V115	0.545454545454545
80	V115	0.579545454545455
81	V115	0.613636363636364
82	V115	0.604651162790698
83	V115	0.602272727272727
84	V115	0.647727272727273
85	V115	0.670454545454545
86	V115	0.681818181818182
87	V115	0.545454545454545
88	V115	0.568181818181818
89	V115	0.613636363636364
90	V115	0.556818181818182
91	V115	0.579545454545455
92	V115	0.625
93	V115	0.693181818181818
94	V115	0.602272727272727
95	V115	0.590909090909091
96	V115	0.579545454545455
97	V115	0.625
98	V115	0.476744186046512
99	V115	0.604651162790698
100	V115	0.579545454545455
101	V115	0.579545454545455
102	V115	0.545454545454545
103	V115	0.636363636363636
104	V115	0.5
105	V115	0.625
106	V115	0.590909090909091
107	V115	0.590909090909091
108	V115	0.590909090909091
109	V115	0.568181818181818
110	V115	0.590909090909091
111	V115	0.545454545454545
112	V115	0.636363636363636
113	V115	0.625
114	V115	0.602272727272727
115	V115	1
116	V115	0.625
117	V115	0.579545454545455
118	V115	0.625
119	V115	0.568181818181818
120	V115	0.616279069767442
121	V115	0.613636363636364
122	V115	0.659090909090909
123	V115	0.545454545454545
124	V115	0.659090909090909
125	V115	0.590909090909091
126	V115	0.579545454545455
127	V115	0.545454545454545
128	V115	0.613636363636364
129	V115	0.681818181818182
130	V115	0.613636363636364
131	V115	0.659090909090909
132	V115	0.625
133	V115	0.579545454545455
134	V115	0.590909090909091
135	V115	0.625
136	V115	0.568181818181818
137	V115	0.602272727272727
138	V115	0.569767441860465
139	V115	0.613636363636364
140	V115	0.590909090909091
141	V115	0.556818181818182
142	V115	0.636363636363636
143	V115	0.579545454545455
144	V115	0.545454545454545
145	V115	0.613636363636364
146	V115	0.568181818181818
147	V115	0.590909090909091
148	V115	0.636363636363636
149	V115	0.636363636363636
1	V116	0.579545454545455
2	V116	0.556818181818182
3	V116	0.75
4	V116	0.636363636363636
5	V116	0.738636363636364
6	V116	0.636363636363636
7	V116	0.662790697674419
8	V116	0.727272727272727
9	V116	0.604651162790698
10	V116	0.613636363636364
11	V116	0.659090909090909
12	V116	0.681818181818182
13	V116	0.697674418604651
14	V116	0.670454545454545
15	V116	0.556818181818182
16	V116	0.590909090909091
17	V116	0.715909090909091
18	V116	0.697674418604651
19	V116	0.602272727272727
20	V116	0.681818181818182
21	V116	0.670454545454545
22	V116	0.636363636363636
23	V116	0.613636363636364
24	V116	0.625
25	V116	0.602272727272727
26	V116	0.636363636363636
27	V116	0.636363636363636
28	V116	0.738636363636364
29	V116	0.681818181818182
30	V116	0.681818181818182
31	V116	0.659090909090909
32	V116	0.647727272727273
33	V116	0.659090909090909
34	V116	0.568181818181818
35	V116	0.717948717948718
36	V116	0.653846153846154
37	V116	0.569767441860465
38	V116	0.704545454545455
39	V116	0.634146341463415
40	V116	0.6125
41	V116	0.653846153846154
42	V116	0.576923076923077
43	V116	0.670731707317073
44	V116	0.638888888888889
45	V116	0.647727272727273
46	V116	0.625
47	V116	0.670454545454545
48	V116	0.686046511627907
49	V116	0.727272727272727
50	V116	0.693181818181818
51	V116	0.715909090909091
52	V116	0.63953488372093
53	V116	0.602272727272727
54	V116	0.651162790697674
55	V116	0.659090909090909
56	V116	0.625
57	V116	0.647727272727273
58	V116	0.727272727272727
59	V116	0.647727272727273
60	V116	0.670454545454545
61	V116	0.693181818181818
62	V116	0.556818181818182
63	V116	0.625
64	V116	0.659090909090909
65	V116	0.704545454545455
66	V116	0.704545454545455
67	V116	0.715909090909091
68	V116	0.625
69	V116	0.636363636363636
70	V116	0.681818181818182
71	V116	0.693181818181818
72	V116	0.636363636363636
73	V116	0.715909090909091
74	V116	0.590909090909091
75	V116	0.686046511627907
76	V116	0.647727272727273
77	V116	0.670454545454545
78	V116	0.625
79	V116	0.579545454545455
80	V116	0.636363636363636
81	V116	0.602272727272727
82	V116	0.662790697674419
83	V116	0.681818181818182
84	V116	0.704545454545455
85	V116	0.704545454545455
86	V116	0.670454545454545
87	V116	0.647727272727273
88	V116	0.625
89	V116	0.647727272727273
90	V116	0.659090909090909
91	V116	0.613636363636364
92	V116	0.659090909090909
93	V116	0.659090909090909
94	V116	0.568181818181818
95	V116	0.715909090909091
96	V116	0.659090909090909
97	V116	0.704545454545455
98	V116	0.63953488372093
99	V116	0.674418604651163
100	V116	0.636363636363636
101	V116	0.704545454545455
102	V116	0.647727272727273
103	V116	0.625
104	V116	0.625
105	V116	0.568181818181818
106	V116	0.693181818181818
107	V116	0.625
108	V116	0.738636363636364
109	V116	0.670454545454545
110	V116	0.670454545454545
111	V116	0.602272727272727
112	V116	0.670454545454545
113	V116	0.659090909090909
114	V116	0.636363636363636
115	V116	0.625
116	V116	1
117	V116	0.681818181818182
118	V116	0.636363636363636
119	V116	0.670454545454545
120	V116	0.604651162790698
121	V116	0.602272727272727
122	V116	0.647727272727273
123	V116	0.670454545454545
124	V116	0.670454545454545
125	V116	0.625
126	V116	0.545454545454545
127	V116	0.738636363636364
128	V116	0.715909090909091
129	V116	0.670454545454545
130	V116	0.670454545454545
131	V116	0.693181818181818
132	V116	0.636363636363636
133	V116	0.545454545454545
134	V116	0.579545454545455
135	V116	0.659090909090909
136	V116	0.670454545454545
137	V116	0.659090909090909
138	V116	0.616279069767442
139	V116	0.625
140	V116	0.670454545454545
141	V116	0.704545454545455
142	V116	0.670454545454545
143	V116	0.704545454545455
144	V116	0.647727272727273
145	V116	0.670454545454545
146	V116	0.715909090909091
147	V116	0.738636363636364
148	V116	0.693181818181818
149	V116	0.625
1	V117	0.556818181818182
2	V117	0.534090909090909
3	V117	0.659090909090909
4	V117	0.613636363636364
5	V117	0.715909090909091
6	V117	0.522727272727273
7	V117	0.627906976744186
8	V117	0.613636363636364
9	V117	0.581395348837209
10	V117	0.590909090909091
11	V117	0.613636363636364
12	V117	0.613636363636364
13	V117	0.534883720930233
14	V117	0.579545454545455
15	V117	0.511363636363636
16	V117	0.545454545454545
17	V117	0.738636363636364
18	V117	0.709302325581395
19	V117	0.534090909090909
20	V117	0.590909090909091
21	V117	0.556818181818182
22	V117	0.590909090909091
23	V117	0.590909090909091
24	V117	0.534090909090909
25	V117	0.534090909090909
26	V117	0.568181818181818
27	V117	0.613636363636364
28	V117	0.647727272727273
29	V117	0.681818181818182
30	V117	0.590909090909091
31	V117	0.590909090909091
32	V117	0.625
33	V117	0.659090909090909
34	V117	0.477272727272727
35	V117	0.615384615384615
36	V117	0.628205128205128
37	V117	0.627906976744186
38	V117	0.590909090909091
39	V117	0.621951219512195
40	V117	0.5875
41	V117	0.602564102564103
42	V117	0.576923076923077
43	V117	0.621951219512195
44	V117	0.680555555555556
45	V117	0.602272727272727
46	V117	0.625
47	V117	0.579545454545455
48	V117	0.674418604651163
49	V117	0.727272727272727
50	V117	0.693181818181818
51	V117	0.693181818181818
52	V117	0.651162790697674
53	V117	0.625
54	V117	0.604651162790698
55	V117	0.636363636363636
56	V117	0.602272727272727
57	V117	0.602272727272727
58	V117	0.704545454545455
59	V117	0.625
60	V117	0.647727272727273
61	V117	0.579545454545455
62	V117	0.511363636363636
63	V117	0.625
64	V117	0.568181818181818
65	V117	0.636363636363636
66	V117	0.545454545454545
67	V117	0.625
68	V117	0.625
69	V117	0.636363636363636
70	V117	0.5
71	V117	0.647727272727273
72	V117	0.613636363636364
73	V117	0.602272727272727
74	V117	0.590909090909091
75	V117	0.616279069767442
76	V117	0.602272727272727
77	V117	0.670454545454545
78	V117	0.625
79	V117	0.534090909090909
80	V117	0.545454545454545
81	V117	0.647727272727273
82	V117	0.686046511627907
83	V117	0.522727272727273
84	V117	0.613636363636364
85	V117	0.681818181818182
86	V117	0.647727272727273
87	V117	0.579545454545455
88	V117	0.556818181818182
89	V117	0.693181818181818
90	V117	0.568181818181818
91	V117	0.613636363636364
92	V117	0.568181818181818
93	V117	0.590909090909091
94	V117	0.5
95	V117	0.579545454545455
96	V117	0.613636363636364
97	V117	0.613636363636364
98	V117	0.616279069767442
99	V117	0.627906976744186
100	V117	0.590909090909091
101	V117	0.681818181818182
102	V117	0.715909090909091
103	V117	0.670454545454545
104	V117	0.625
105	V117	0.545454545454545
106	V117	0.693181818181818
107	V117	0.602272727272727
108	V117	0.693181818181818
109	V117	0.556818181818182
110	V117	0.625
111	V117	0.534090909090909
112	V117	0.602272727272727
113	V117	0.613636363636364
114	V117	0.590909090909091
115	V117	0.579545454545455
116	V117	0.681818181818182
117	V117	1
118	V117	0.636363636363636
119	V117	0.625
120	V117	0.63953488372093
121	V117	0.602272727272727
122	V117	0.602272727272727
123	V117	0.556818181818182
124	V117	0.647727272727273
125	V117	0.647727272727273
126	V117	0.590909090909091
127	V117	0.647727272727273
128	V117	0.647727272727273
129	V117	0.579545454545455
130	V117	0.693181818181818
131	V117	0.647727272727273
132	V117	0.613636363636364
133	V117	0.522727272727273
134	V117	0.556818181818182
135	V117	0.636363636363636
136	V117	0.602272727272727
137	V117	0.568181818181818
138	V117	0.662790697674419
139	V117	0.556818181818182
140	V117	0.579545454545455
141	V117	0.613636363636364
142	V117	0.670454545454545
143	V117	0.545454545454545
144	V117	0.693181818181818
145	V117	0.602272727272727
146	V117	0.534090909090909
147	V117	0.693181818181818
148	V117	0.625
149	V117	0.670454545454545
1	V118	0.625
2	V118	0.579545454545455
3	V118	0.568181818181818
4	V118	0.636363636363636
5	V118	0.625
6	V118	0.545454545454545
7	V118	0.581395348837209
8	V118	0.636363636363636
9	V118	0.627906976744186
10	V118	0.568181818181818
11	V118	0.659090909090909
12	V118	0.636363636363636
13	V118	0.627906976744186
14	V118	0.579545454545455
15	V118	0.647727272727273
16	V118	0.613636363636364
17	V118	0.625
18	V118	0.709302325581395
19	V118	0.602272727272727
20	V118	0.681818181818182
21	V118	0.625
22	V118	0.704545454545455
23	V118	0.545454545454545
24	V118	0.625
25	V118	0.579545454545455
26	V118	0.568181818181818
27	V118	0.590909090909091
28	V118	0.670454545454545
29	V118	0.681818181818182
30	V118	0.590909090909091
31	V118	0.659090909090909
32	V118	0.625
33	V118	0.704545454545455
34	V118	0.522727272727273
35	V118	0.705128205128205
36	V118	0.615384615384615
37	V118	0.558139534883721
38	V118	0.613636363636364
39	V118	0.634146341463415
40	V118	0.5875
41	V118	0.641025641025641
42	V118	0.615384615384615
43	V118	0.682926829268293
44	V118	0.555555555555556
45	V118	0.761363636363636
46	V118	0.625
47	V118	0.625
48	V118	0.569767441860465
49	V118	0.636363636363636
50	V118	0.556818181818182
51	V118	0.647727272727273
52	V118	0.651162790697674
53	V118	0.625
54	V118	0.581395348837209
55	V118	0.636363636363636
56	V118	0.670454545454545
57	V118	0.602272727272727
58	V118	0.681818181818182
59	V118	0.647727272727273
60	V118	0.602272727272727
61	V118	0.579545454545455
62	V118	0.625
63	V118	0.579545454545455
64	V118	0.659090909090909
65	V118	0.636363636363636
66	V118	0.522727272727273
67	V118	0.579545454545455
68	V118	0.602272727272727
69	V118	0.590909090909091
70	V118	0.636363636363636
71	V118	0.625
72	V118	0.681818181818182
73	V118	0.625
74	V118	0.636363636363636
75	V118	0.616279069767442
76	V118	0.579545454545455
77	V118	0.625
78	V118	0.647727272727273
79	V118	0.602272727272727
80	V118	0.568181818181818
81	V118	0.579545454545455
82	V118	0.569767441860465
83	V118	0.659090909090909
84	V118	0.568181818181818
85	V118	0.704545454545455
86	V118	0.625
87	V118	0.556818181818182
88	V118	0.602272727272727
89	V118	0.693181818181818
90	V118	0.659090909090909
91	V118	0.659090909090909
92	V118	0.613636363636364
93	V118	0.568181818181818
94	V118	0.590909090909091
95	V118	0.647727272727273
96	V118	0.681818181818182
97	V118	0.659090909090909
98	V118	0.604651162790698
99	V118	0.604651162790698
100	V118	0.681818181818182
101	V118	0.545454545454545
102	V118	0.602272727272727
103	V118	0.625
104	V118	0.647727272727273
105	V118	0.568181818181818
106	V118	0.579545454545455
107	V118	0.511363636363636
108	V118	0.625
109	V118	0.602272727272727
110	V118	0.602272727272727
111	V118	0.625
112	V118	0.625
113	V118	0.636363636363636
114	V118	0.545454545454545
115	V118	0.625
116	V118	0.636363636363636
117	V118	0.636363636363636
118	V118	1
119	V118	0.579545454545455
120	V118	0.581395348837209
121	V118	0.556818181818182
122	V118	0.693181818181818
123	V118	0.647727272727273
124	V118	0.670454545454545
125	V118	0.602272727272727
126	V118	0.568181818181818
127	V118	0.579545454545455
128	V118	0.647727272727273
129	V118	0.670454545454545
130	V118	0.715909090909091
131	V118	0.670454545454545
132	V118	0.613636363636364
133	V118	0.681818181818182
134	V118	0.602272727272727
135	V118	0.681818181818182
136	V118	0.625
137	V118	0.590909090909091
138	V118	0.697674418604651
139	V118	0.625
140	V118	0.602272727272727
141	V118	0.545454545454545
142	V118	0.693181818181818
143	V118	0.659090909090909
144	V118	0.602272727272727
145	V118	0.625
146	V118	0.602272727272727
147	V118	0.625
148	V118	0.625
149	V118	0.670454545454545
1	V119	0.681818181818182
2	V119	0.613636363636364
3	V119	0.625
4	V119	0.556818181818182
5	V119	0.659090909090909
6	V119	0.625
7	V119	0.616279069767442
8	V119	0.693181818181818
9	V119	0.604651162790698
10	V119	0.625
11	V119	0.647727272727273
12	V119	0.625
13	V119	0.63953488372093
14	V119	0.704545454545455
15	V119	0.590909090909091
16	V119	0.693181818181818
17	V119	0.659090909090909
18	V119	0.627906976744186
19	V119	0.568181818181818
20	V119	0.647727272727273
21	V119	0.613636363636364
22	V119	0.625
23	V119	0.625
24	V119	0.590909090909091
25	V119	0.681818181818182
26	V119	0.625
27	V119	0.602272727272727
28	V119	0.659090909090909
29	V119	0.693181818181818
30	V119	0.625
31	V119	0.670454545454545
32	V119	0.659090909090909
33	V119	0.625
34	V119	0.625
35	V119	0.653846153846154
36	V119	0.666666666666667
37	V119	0.662790697674419
38	V119	0.670454545454545
39	V119	0.609756097560976
40	V119	0.625
41	V119	0.67948717948718
42	V119	0.538461538461538
43	V119	0.634146341463415
44	V119	0.583333333333333
45	V119	0.636363636363636
46	V119	0.590909090909091
47	V119	0.613636363636364
48	V119	0.662790697674419
49	V119	0.647727272727273
50	V119	0.727272727272727
51	V119	0.636363636363636
52	V119	0.593023255813954
53	V119	0.704545454545455
54	V119	0.662790697674419
55	V119	0.670454545454545
56	V119	0.659090909090909
57	V119	0.681818181818182
58	V119	0.647727272727273
59	V119	0.636363636363636
60	V119	0.659090909090909
61	V119	0.704545454545455
62	V119	0.590909090909091
63	V119	0.522727272727273
64	V119	0.647727272727273
65	V119	0.670454545454545
66	V119	0.670454545454545
67	V119	0.659090909090909
68	V119	0.613636363636364
69	V119	0.693181818181818
70	V119	0.602272727272727
71	V119	0.659090909090909
72	V119	0.625
73	V119	0.704545454545455
74	V119	0.625
75	V119	0.697674418604651
76	V119	0.659090909090909
77	V119	0.681818181818182
78	V119	0.590909090909091
79	V119	0.636363636363636
80	V119	0.556818181818182
81	V119	0.636363636363636
82	V119	0.63953488372093
83	V119	0.602272727272727
84	V119	0.670454545454545
85	V119	0.625
86	V119	0.704545454545455
87	V119	0.590909090909091
88	V119	0.659090909090909
89	V119	0.590909090909091
90	V119	0.647727272727273
91	V119	0.602272727272727
92	V119	0.625
93	V119	0.670454545454545
94	V119	0.647727272727273
95	V119	0.704545454545455
96	V119	0.670454545454545
97	V119	0.715909090909091
98	V119	0.63953488372093
99	V119	0.546511627906977
100	V119	0.670454545454545
101	V119	0.602272727272727
102	V119	0.636363636363636
103	V119	0.727272727272727
104	V119	0.545454545454545
105	V119	0.647727272727273
106	V119	0.727272727272727
107	V119	0.590909090909091
108	V119	0.659090909090909
109	V119	0.613636363636364
110	V119	0.727272727272727
111	V119	0.681818181818182
112	V119	0.613636363636364
113	V119	0.670454545454545
114	V119	0.602272727272727
115	V119	0.568181818181818
116	V119	0.670454545454545
117	V119	0.625
118	V119	0.579545454545455
119	V119	1
120	V119	0.604651162790698
121	V119	0.636363636363636
122	V119	0.636363636363636
123	V119	0.5
124	V119	0.590909090909091
125	V119	0.636363636363636
126	V119	0.602272727272727
127	V119	0.659090909090909
128	V119	0.659090909090909
129	V119	0.659090909090909
130	V119	0.636363636363636
131	V119	0.659090909090909
132	V119	0.693181818181818
133	V119	0.625
134	V119	0.636363636363636
135	V119	0.715909090909091
136	V119	0.659090909090909
137	V119	0.647727272727273
138	V119	0.686046511627907
139	V119	0.613636363636364
140	V119	0.681818181818182
141	V119	0.602272727272727
142	V119	0.636363636363636
143	V119	0.693181818181818
144	V119	0.636363636363636
145	V119	0.636363636363636
146	V119	0.659090909090909
147	V119	0.659090909090909
148	V119	0.636363636363636
149	V119	0.636363636363636
1	V120	0.534090909090909
2	V120	0.625
3	V120	0.522727272727273
4	V120	0.681818181818182
5	V120	0.670454545454545
6	V120	0.636363636363636
7	V120	0.604651162790698
8	V120	0.590909090909091
9	V120	0.697674418604651
10	V120	0.636363636363636
11	V120	0.636363636363636
12	V120	0.522727272727273
13	V120	0.569767441860465
14	V120	0.738636363636364
15	V120	0.647727272727273
16	V120	0.613636363636364
17	V120	0.715909090909091
18	V120	0.616279069767442
19	V120	0.602272727272727
20	V120	0.636363636363636
21	V120	0.556818181818182
22	V120	0.636363636363636
23	V120	0.613636363636364
24	V120	0.625
25	V120	0.670454545454545
26	V120	0.590909090909091
27	V120	0.681818181818182
28	V120	0.647727272727273
29	V120	0.636363636363636
30	V120	0.681818181818182
31	V120	0.636363636363636
32	V120	0.579545454545455
33	V120	0.613636363636364
34	V120	0.568181818181818
35	V120	0.602564102564103
36	V120	0.666666666666667
37	V120	0.581395348837209
38	V120	0.613636363636364
39	V120	0.560975609756098
40	V120	0.6125
41	V120	0.67948717948718
42	V120	0.692307692307692
43	V120	0.621951219512195
44	V120	0.694444444444444
45	V120	0.602272727272727
46	V120	0.556818181818182
47	V120	0.579545454545455
48	V120	0.627906976744186
49	V120	0.659090909090909
50	V120	0.647727272727273
51	V120	0.602272727272727
52	V120	0.581395348837209
53	V120	0.625
54	V120	0.523255813953488
55	V120	0.613636363636364
56	V120	0.556818181818182
57	V120	0.647727272727273
58	V120	0.5
59	V120	0.579545454545455
60	V120	0.647727272727273
61	V120	0.534090909090909
62	V120	0.579545454545455
63	V120	0.625
64	V120	0.545454545454545
65	V120	0.613636363636364
66	V120	0.659090909090909
67	V120	0.625
68	V120	0.625
69	V120	0.590909090909091
70	V120	0.590909090909091
71	V120	0.670454545454545
72	V120	0.613636363636364
73	V120	0.579545454545455
74	V120	0.590909090909091
75	V120	0.674418604651163
76	V120	0.693181818181818
77	V120	0.647727272727273
78	V120	0.602272727272727
79	V120	0.647727272727273
80	V120	0.613636363636364
81	V120	0.693181818181818
82	V120	0.732558139534884
83	V120	0.568181818181818
84	V120	0.636363636363636
85	V120	0.636363636363636
86	V120	0.625
87	V120	0.602272727272727
88	V120	0.625
89	V120	0.602272727272727
90	V120	0.659090909090909
91	V120	0.636363636363636
92	V120	0.636363636363636
93	V120	0.681818181818182
94	V120	0.613636363636364
95	V120	0.602272727272727
96	V120	0.636363636363636
97	V120	0.75
98	V120	0.593023255813954
99	V120	0.569767441860465
100	V120	0.568181818181818
101	V120	0.613636363636364
102	V120	0.715909090909091
103	V120	0.670454545454545
104	V120	0.693181818181818
105	V120	0.613636363636364
106	V120	0.647727272727273
107	V120	0.647727272727273
108	V120	0.693181818181818
109	V120	0.670454545454545
110	V120	0.602272727272727
111	V120	0.647727272727273
112	V120	0.579545454545455
113	V120	0.613636363636364
114	V120	0.681818181818182
115	V120	0.625
116	V120	0.613636363636364
117	V120	0.636363636363636
118	V120	0.590909090909091
119	V120	0.602272727272727
120	V120	1
121	V120	0.579545454545455
122	V120	0.693181818181818
123	V120	0.602272727272727
124	V120	0.670454545454545
125	V120	0.715909090909091
126	V120	0.545454545454545
127	V120	0.647727272727273
128	V120	0.647727272727273
129	V120	0.602272727272727
130	V120	0.670454545454545
131	V120	0.647727272727273
132	V120	0.636363636363636
133	V120	0.590909090909091
134	V120	0.579545454545455
135	V120	0.681818181818182
136	V120	0.647727272727273
137	V120	0.568181818181818
138	V120	0.63953488372093
139	V120	0.602272727272727
140	V120	0.647727272727273
141	V120	0.613636363636364
142	V120	0.693181818181818
143	V120	0.545454545454545
144	V120	0.579545454545455
145	V120	0.602272727272727
146	V120	0.534090909090909
147	V120	0.693181818181818
148	V120	0.625
149	V120	0.715909090909091
1	V121	0.590909090909091
2	V121	0.590909090909091
3	V121	0.625
4	V121	0.579545454545455
5	V121	0.636363636363636
6	V121	0.715909090909091
7	V121	0.627906976744186
8	V121	0.647727272727273
9	V121	0.604651162790698
10	V121	0.556818181818182
11	V121	0.602272727272727
12	V121	0.579545454545455
13	V121	0.593023255813954
14	V121	0.636363636363636
15	V121	0.5
16	V121	0.556818181818182
17	V121	0.590909090909091
18	V121	0.662790697674419
19	V121	0.590909090909091
20	V121	0.556818181818182
21	V121	0.522727272727273
22	V121	0.556818181818182
23	V121	0.625
24	V121	0.590909090909091
25	V121	0.636363636363636
26	V121	0.579545454545455
27	V121	0.602272727272727
28	V121	0.636363636363636
29	V121	0.534090909090909
30	V121	0.579545454545455
31	V121	0.488636363636364
32	V121	0.568181818181818
33	V121	0.625
34	V121	0.488636363636364
35	V121	0.58974358974359
36	V121	0.641025641025641
37	V121	0.581395348837209
38	V121	0.602272727272727
39	V121	0.646341463414634
40	V121	0.65
41	V121	0.628205128205128
42	V121	0.525641025641026
43	V121	0.658536585365854
44	V121	0.583333333333333
45	V121	0.568181818181818
46	V121	0.590909090909091
47	V121	0.545454545454545
48	V121	0.674418604651163
49	V121	0.602272727272727
50	V121	0.636363636363636
51	V121	0.590909090909091
52	V121	0.523255813953488
53	V121	0.590909090909091
54	V121	0.616279069767442
55	V121	0.625
56	V121	0.590909090909091
57	V121	0.613636363636364
58	V121	0.534090909090909
59	V121	0.636363636363636
60	V121	0.590909090909091
61	V121	0.568181818181818
62	V121	0.590909090909091
63	V121	0.636363636363636
64	V121	0.670454545454545
65	V121	0.693181818181818
66	V121	0.625
67	V121	0.659090909090909
68	V121	0.590909090909091
69	V121	0.534090909090909
70	V121	0.488636363636364
71	V121	0.636363636363636
72	V121	0.625
73	V121	0.590909090909091
74	V121	0.511363636363636
75	V121	0.627906976744186
76	V121	0.613636363636364
77	V121	0.659090909090909
78	V121	0.568181818181818
79	V121	0.590909090909091
80	V121	0.579545454545455
81	V121	0.727272727272727
82	V121	0.593023255813954
83	V121	0.670454545454545
84	V121	0.625
85	V121	0.602272727272727
86	V121	0.636363636363636
87	V121	0.568181818181818
88	V121	0.636363636363636
89	V121	0.545454545454545
90	V121	0.625
91	V121	0.625
92	V121	0.602272727272727
93	V121	0.670454545454545
94	V121	0.534090909090909
95	V121	0.659090909090909
96	V121	0.647727272727273
97	V121	0.647727272727273
98	V121	0.616279069767442
99	V121	0.662790697674419
100	V121	0.602272727272727
101	V121	0.602272727272727
102	V121	0.590909090909091
103	V121	0.590909090909091
104	V121	0.545454545454545
105	V121	0.579545454545455
106	V121	0.727272727272727
107	V121	0.568181818181818
108	V121	0.681818181818182
109	V121	0.704545454545455
110	V121	0.590909090909091
111	V121	0.590909090909091
112	V121	0.590909090909091
113	V121	0.534090909090909
114	V121	0.579545454545455
115	V121	0.613636363636364
116	V121	0.602272727272727
117	V121	0.602272727272727
118	V121	0.556818181818182
119	V121	0.636363636363636
120	V121	0.581395348837209
121	V121	1
122	V121	0.568181818181818
123	V121	0.477272727272727
124	V121	0.613636363636364
125	V121	0.590909090909091
126	V121	0.602272727272727
127	V121	0.568181818181818
128	V121	0.681818181818182
129	V121	0.590909090909091
130	V121	0.568181818181818
131	V121	0.568181818181818
132	V121	0.556818181818182
133	V121	0.625
134	V121	0.545454545454545
135	V121	0.556818181818182
136	V121	0.568181818181818
137	V121	0.556818181818182
138	V121	0.569767441860465
139	V121	0.636363636363636
140	V121	0.5
141	V121	0.511363636363636
142	V121	0.590909090909091
143	V121	0.579545454545455
144	V121	0.659090909090909
145	V121	0.636363636363636
146	V121	0.613636363636364
147	V121	0.681818181818182
148	V121	0.681818181818182
149	V121	0.5
1	V122	0.613636363636364
2	V122	0.613636363636364
3	V122	0.625
4	V122	0.693181818181818
5	V122	0.704545454545455
6	V122	0.602272727272727
7	V122	0.616279069767442
8	V122	0.670454545454545
9	V122	0.593023255813954
10	V122	0.579545454545455
11	V122	0.693181818181818
12	V122	0.579545454545455
13	V122	0.651162790697674
14	V122	0.636363636363636
15	V122	0.636363636363636
16	V122	0.715909090909091
17	V122	0.590909090909091
18	V122	0.604651162790698
19	V122	0.545454545454545
20	V122	0.738636363636364
21	V122	0.613636363636364
22	V122	0.693181818181818
23	V122	0.625
24	V122	0.613636363636364
25	V122	0.659090909090909
26	V122	0.693181818181818
27	V122	0.625
28	V122	0.659090909090909
29	V122	0.693181818181818
30	V122	0.625
31	V122	0.715909090909091
32	V122	0.636363636363636
33	V122	0.602272727272727
34	V122	0.693181818181818
35	V122	0.628205128205128
36	V122	0.628205128205128
37	V122	0.569767441860465
38	V122	0.647727272727273
39	V122	0.585365853658537
40	V122	0.65
41	V122	0.653846153846154
42	V122	0.653846153846154
43	V122	0.719512195121951
44	V122	0.638888888888889
45	V122	0.659090909090909
46	V122	0.636363636363636
47	V122	0.659090909090909
48	V122	0.709302325581395
49	V122	0.579545454545455
50	V122	0.727272727272727
51	V122	0.704545454545455
52	V122	0.627906976744186
53	V122	0.659090909090909
54	V122	0.511627906976744
55	V122	0.670454545454545
56	V122	0.590909090909091
57	V122	0.568181818181818
58	V122	0.693181818181818
59	V122	0.590909090909091
60	V122	0.613636363636364
61	V122	0.545454545454545
62	V122	0.636363636363636
63	V122	0.568181818181818
64	V122	0.625
65	V122	0.670454545454545
66	V122	0.556818181818182
67	V122	0.613636363636364
68	V122	0.659090909090909
69	V122	0.625
70	V122	0.534090909090909
71	V122	0.659090909090909
72	V122	0.579545454545455
73	V122	0.568181818181818
74	V122	0.579545454545455
75	V122	0.593023255813954
76	V122	0.613636363636364
77	V122	0.613636363636364
78	V122	0.613636363636364
79	V122	0.590909090909091
80	V122	0.534090909090909
81	V122	0.636363636363636
82	V122	0.674418604651163
83	V122	0.556818181818182
84	V122	0.715909090909091
85	V122	0.602272727272727
86	V122	0.613636363636364
87	V122	0.545454545454545
88	V122	0.545454545454545
89	V122	0.636363636363636
90	V122	0.670454545454545
91	V122	0.670454545454545
92	V122	0.625
93	V122	0.693181818181818
94	V122	0.579545454545455
95	V122	0.659090909090909
96	V122	0.715909090909091
97	V122	0.670454545454545
98	V122	0.63953488372093
99	V122	0.534883720930233
100	V122	0.647727272727273
101	V122	0.647727272727273
102	V122	0.613636363636364
103	V122	0.568181818181818
104	V122	0.613636363636364
105	V122	0.625
106	V122	0.681818181818182
107	V122	0.568181818181818
108	V122	0.636363636363636
109	V122	0.613636363636364
110	V122	0.636363636363636
111	V122	0.613636363636364
112	V122	0.659090909090909
113	V122	0.670454545454545
114	V122	0.647727272727273
115	V122	0.659090909090909
116	V122	0.647727272727273
117	V122	0.602272727272727
118	V122	0.693181818181818
119	V122	0.636363636363636
120	V122	0.697674418604651
121	V122	0.568181818181818
122	V122	1
123	V122	0.659090909090909
124	V122	0.704545454545455
125	V122	0.727272727272727
126	V122	0.579545454545455
127	V122	0.681818181818182
128	V122	0.681818181818182
129	V122	0.727272727272727
130	V122	0.568181818181818
131	V122	0.704545454545455
132	V122	0.670454545454545
133	V122	0.602272727272727
134	V122	0.613636363636364
135	V122	0.670454545454545
136	V122	0.659090909090909
137	V122	0.647727272727273
138	V122	0.686046511627907
139	V122	0.590909090909091
140	V122	0.636363636363636
141	V122	0.602272727272727
142	V122	0.704545454545455
143	V122	0.625
144	V122	0.568181818181818
145	V122	0.636363636363636
146	V122	0.590909090909091
147	V122	0.636363636363636
148	V122	0.590909090909091
149	V122	0.727272727272727
1	V123	0.568181818181818
2	V123	0.5
3	V123	0.556818181818182
4	V123	0.602272727272727
5	V123	0.613636363636364
6	V123	0.534090909090909
7	V123	0.534883720930233
8	V123	0.602272727272727
9	V123	0.593023255813954
10	V123	0.556818181818182
11	V123	0.602272727272727
12	V123	0.579545454545455
13	V123	0.686046511627907
14	V123	0.522727272727273
15	V123	0.590909090909091
16	V123	0.602272727272727
17	V123	0.659090909090909
18	V123	0.63953488372093
19	V123	0.522727272727273
20	V123	0.534090909090909
21	V123	0.568181818181818
22	V123	0.602272727272727
23	V123	0.465909090909091
24	V123	0.545454545454545
25	V123	0.522727272727273
26	V123	0.579545454545455
27	V123	0.579545454545455
28	V123	0.568181818181818
29	V123	0.602272727272727
30	V123	0.625
31	V123	0.693181818181818
32	V123	0.590909090909091
33	V123	0.579545454545455
34	V123	0.488636363636364
35	V123	0.67948717948718
36	V123	0.58974358974359
37	V123	0.534883720930233
38	V123	0.625
39	V123	0.536585365853659
40	V123	0.6
41	V123	0.58974358974359
42	V123	0.58974358974359
43	V123	0.719512195121951
44	V123	0.597222222222222
45	V123	0.590909090909091
46	V123	0.590909090909091
47	V123	0.568181818181818
48	V123	0.581395348837209
49	V123	0.556818181818182
50	V123	0.568181818181818
51	V123	0.636363636363636
52	V123	0.558139534883721
53	V123	0.545454545454545
54	V123	0.546511627906977
55	V123	0.579545454545455
56	V123	0.545454545454545
57	V123	0.545454545454545
58	V123	0.579545454545455
59	V123	0.545454545454545
60	V123	0.659090909090909
61	V123	0.590909090909091
62	V123	0.5
63	V123	0.545454545454545
64	V123	0.556818181818182
65	V123	0.625
66	V123	0.534090909090909
67	V123	0.568181818181818
68	V123	0.545454545454545
69	V123	0.579545454545455
70	V123	0.488636363636364
71	V123	0.522727272727273
72	V123	0.488636363636364
73	V123	0.568181818181818
74	V123	0.579545454545455
75	V123	0.651162790697674
76	V123	0.568181818181818
77	V123	0.568181818181818
78	V123	0.568181818181818
79	V123	0.568181818181818
80	V123	0.556818181818182
81	V123	0.545454545454545
82	V123	0.651162790697674
83	V123	0.602272727272727
84	V123	0.556818181818182
85	V123	0.602272727272727
86	V123	0.545454545454545
87	V123	0.590909090909091
88	V123	0.568181818181818
89	V123	0.545454545454545
90	V123	0.534090909090909
91	V123	0.465909090909091
92	V123	0.647727272727273
93	V123	0.556818181818182
94	V123	0.534090909090909
95	V123	0.522727272727273
96	V123	0.556818181818182
97	V123	0.625
98	V123	0.558139534883721
99	V123	0.593023255813954
100	V123	0.556818181818182
101	V123	0.556818181818182
102	V123	0.613636363636364
103	V123	0.5
104	V123	0.545454545454545
105	V123	0.534090909090909
106	V123	0.613636363636364
107	V123	0.522727272727273
108	V123	0.636363636363636
109	V123	0.659090909090909
110	V123	0.568181818181818
111	V123	0.5
112	V123	0.522727272727273
113	V123	0.579545454545455
114	V123	0.602272727272727
115	V123	0.545454545454545
116	V123	0.670454545454545
117	V123	0.556818181818182
118	V123	0.647727272727273
119	V123	0.5
120	V123	0.604651162790698
121	V123	0.477272727272727
122	V123	0.659090909090909
123	V123	1
124	V123	0.568181818181818
125	V123	0.590909090909091
126	V123	0.465909090909091
127	V123	0.590909090909091
128	V123	0.522727272727273
129	V123	0.590909090909091
130	V123	0.568181818181818
131	V123	0.659090909090909
132	V123	0.647727272727273
133	V123	0.579545454545455
134	V123	0.5
135	V123	0.579545454545455
136	V123	0.636363636363636
137	V123	0.534090909090909
138	V123	0.558139534883721
139	V123	0.590909090909091
140	V123	0.568181818181818
141	V123	0.761363636363636
142	V123	0.590909090909091
143	V123	0.670454545454545
144	V123	0.590909090909091
145	V123	0.590909090909091
146	V123	0.613636363636364
147	V123	0.636363636363636
148	V123	0.522727272727273
149	V123	0.522727272727273
1	V124	0.613636363636364
2	V124	0.590909090909091
3	V124	0.625
4	V124	0.670454545454545
5	V124	0.704545454545455
6	V124	0.647727272727273
7	V124	0.651162790697674
8	V124	0.670454545454545
9	V124	0.662790697674419
10	V124	0.670454545454545
11	V124	0.647727272727273
12	V124	0.647727272727273
13	V124	0.558139534883721
14	V124	0.636363636363636
15	V124	0.681818181818182
16	V124	0.647727272727273
17	V124	0.613636363636364
18	V124	0.616279069767442
19	V124	0.613636363636364
20	V124	0.670454545454545
21	V124	0.659090909090909
22	V124	0.647727272727273
23	V124	0.579545454545455
24	V124	0.659090909090909
25	V124	0.636363636363636
26	V124	0.647727272727273
27	V124	0.647727272727273
28	V124	0.659090909090909
29	V124	0.670454545454545
30	V124	0.625
31	V124	0.715909090909091
32	V124	0.613636363636364
33	V124	0.602272727272727
34	V124	0.579545454545455
35	V124	0.564102564102564
36	V124	0.653846153846154
37	V124	0.558139534883721
38	V124	0.670454545454545
39	V124	0.682926829268293
40	V124	0.575
41	V124	0.666666666666667
42	V124	0.641025641025641
43	V124	0.646341463414634
44	V124	0.680555555555556
45	V124	0.545454545454545
46	V124	0.636363636363636
47	V124	0.659090909090909
48	V124	0.674418604651163
49	V124	0.647727272727273
50	V124	0.659090909090909
51	V124	0.613636363636364
52	V124	0.569767441860465
53	V124	0.613636363636364
54	V124	0.604651162790698
55	V124	0.625
56	V124	0.636363636363636
57	V124	0.613636363636364
58	V124	0.625
59	V124	0.545454545454545
60	V124	0.568181818181818
61	V124	0.522727272727273
62	V124	0.522727272727273
63	V124	0.659090909090909
64	V124	0.579545454545455
65	V124	0.647727272727273
66	V124	0.625
67	V124	0.636363636363636
68	V124	0.590909090909091
69	V124	0.602272727272727
70	V124	0.579545454545455
71	V124	0.590909090909091
72	V124	0.579545454545455
73	V124	0.545454545454545
74	V124	0.602272727272727
75	V124	0.593023255813954
76	V124	0.590909090909091
77	V124	0.659090909090909
78	V124	0.659090909090909
79	V124	0.636363636363636
80	V124	0.647727272727273
81	V124	0.613636363636364
82	V124	0.604651162790698
83	V124	0.579545454545455
84	V124	0.670454545454545
85	V124	0.602272727272727
86	V124	0.590909090909091
87	V124	0.613636363636364
88	V124	0.568181818181818
89	V124	0.659090909090909
90	V124	0.602272727272727
91	V124	0.715909090909091
92	V124	0.579545454545455
93	V124	0.738636363636364
94	V124	0.534090909090909
95	V124	0.681818181818182
96	V124	0.670454545454545
97	V124	0.738636363636364
98	V124	0.581395348837209
99	V124	0.627906976744186
100	V124	0.738636363636364
101	V124	0.693181818181818
102	V124	0.636363636363636
103	V124	0.590909090909091
104	V124	0.568181818181818
105	V124	0.556818181818182
106	V124	0.636363636363636
107	V124	0.545454545454545
108	V124	0.613636363636364
109	V124	0.590909090909091
110	V124	0.545454545454545
111	V124	0.613636363636364
112	V124	0.704545454545455
113	V124	0.602272727272727
114	V124	0.647727272727273
115	V124	0.659090909090909
116	V124	0.670454545454545
117	V124	0.647727272727273
118	V124	0.670454545454545
119	V124	0.590909090909091
120	V124	0.662790697674419
121	V124	0.613636363636364
122	V124	0.704545454545455
123	V124	0.568181818181818
124	V124	1
125	V124	0.659090909090909
126	V124	0.579545454545455
127	V124	0.636363636363636
128	V124	0.659090909090909
129	V124	0.659090909090909
130	V124	0.636363636363636
131	V124	0.704545454545455
132	V124	0.647727272727273
133	V124	0.602272727272727
134	V124	0.590909090909091
135	V124	0.670454545454545
136	V124	0.636363636363636
137	V124	0.579545454545455
138	V124	0.651162790697674
139	V124	0.590909090909091
140	V124	0.613636363636364
141	V124	0.625
142	V124	0.704545454545455
143	V124	0.556818181818182
144	V124	0.636363636363636
145	V124	0.659090909090909
146	V124	0.636363636363636
147	V124	0.613636363636364
148	V124	0.681818181818182
149	V124	0.659090909090909
1	V125	0.636363636363636
2	V125	0.636363636363636
3	V125	0.602272727272727
4	V125	0.693181818181818
5	V125	0.659090909090909
6	V125	0.625
7	V125	0.63953488372093
8	V125	0.625
9	V125	0.674418604651163
10	V125	0.602272727272727
11	V125	0.670454545454545
12	V125	0.625
13	V125	0.581395348837209
14	V125	0.659090909090909
15	V125	0.613636363636364
16	V125	0.670454545454545
17	V125	0.636363636363636
18	V125	0.651162790697674
19	V125	0.590909090909091
20	V125	0.670454545454545
21	V125	0.636363636363636
22	V125	0.602272727272727
23	V125	0.579545454545455
24	V125	0.545454545454545
25	V125	0.681818181818182
26	V125	0.693181818181818
27	V125	0.647727272727273
28	V125	0.659090909090909
29	V125	0.625
30	V125	0.602272727272727
31	V125	0.602272727272727
32	V125	0.545454545454545
33	V125	0.670454545454545
34	V125	0.647727272727273
35	V125	0.58974358974359
36	V125	0.666666666666667
37	V125	0.476744186046512
38	V125	0.693181818181818
39	V125	0.646341463414634
40	V125	0.675
41	V125	0.67948717948718
42	V125	0.653846153846154
43	V125	0.597560975609756
44	V125	0.638888888888889
45	V125	0.659090909090909
46	V125	0.636363636363636
47	V125	0.636363636363636
48	V125	0.63953488372093
49	V125	0.579545454545455
50	V125	0.613636363636364
51	V125	0.636363636363636
52	V125	0.63953488372093
53	V125	0.704545454545455
54	V125	0.604651162790698
55	V125	0.670454545454545
56	V125	0.522727272727273
57	V125	0.590909090909091
58	V125	0.556818181818182
59	V125	0.568181818181818
60	V125	0.681818181818182
61	V125	0.590909090909091
62	V125	0.613636363636364
63	V125	0.613636363636364
64	V125	0.625
65	V125	0.738636363636364
66	V125	0.625
67	V125	0.681818181818182
68	V125	0.659090909090909
69	V125	0.602272727272727
70	V125	0.556818181818182
71	V125	0.727272727272727
72	V125	0.579545454545455
73	V125	0.636363636363636
74	V125	0.693181818181818
75	V125	0.732558139534884
76	V125	0.613636363636364
77	V125	0.659090909090909
78	V125	0.590909090909091
79	V125	0.590909090909091
80	V125	0.579545454545455
81	V125	0.659090909090909
82	V125	0.709302325581395
83	V125	0.556818181818182
84	V125	0.715909090909091
85	V125	0.670454545454545
86	V125	0.681818181818182
87	V125	0.590909090909091
88	V125	0.613636363636364
89	V125	0.681818181818182
90	V125	0.715909090909091
91	V125	0.647727272727273
92	V125	0.625
93	V125	0.670454545454545
94	V125	0.556818181818182
95	V125	0.590909090909091
96	V125	0.738636363636364
97	V125	0.647727272727273
98	V125	0.627906976744186
99	V125	0.627906976744186
100	V125	0.602272727272727
101	V125	0.693181818181818
102	V125	0.659090909090909
103	V125	0.568181818181818
104	V125	0.522727272727273
105	V125	0.738636363636364
106	V125	0.681818181818182
107	V125	0.636363636363636
108	V125	0.727272727272727
109	V125	0.636363636363636
110	V125	0.613636363636364
111	V125	0.659090909090909
112	V125	0.704545454545455
113	V125	0.670454545454545
114	V125	0.670454545454545
115	V125	0.590909090909091
116	V125	0.625
117	V125	0.647727272727273
118	V125	0.602272727272727
119	V125	0.636363636363636
120	V125	0.720930232558139
121	V125	0.590909090909091
122	V125	0.727272727272727
123	V125	0.590909090909091
124	V125	0.659090909090909
125	V125	1
126	V125	0.602272727272727
127	V125	0.613636363636364
128	V125	0.704545454545455
129	V125	0.727272727272727
130	V125	0.681818181818182
131	V125	0.636363636363636
132	V125	0.602272727272727
133	V125	0.579545454545455
134	V125	0.636363636363636
135	V125	0.670454545454545
136	V125	0.636363636363636
137	V125	0.579545454545455
138	V125	0.697674418604651
139	V125	0.613636363636364
140	V125	0.681818181818182
141	V125	0.602272727272727
142	V125	0.704545454545455
143	V125	0.670454545454545
144	V125	0.613636363636364
145	V125	0.681818181818182
146	V125	0.613636363636364
147	V125	0.727272727272727
148	V125	0.659090909090909
149	V125	0.704545454545455
1	V126	0.488636363636364
2	V126	0.534090909090909
3	V126	0.522727272727273
4	V126	0.522727272727273
5	V126	0.625
6	V126	0.636363636363636
7	V126	0.569767441860465
8	V126	0.636363636363636
9	V126	0.593023255813954
10	V126	0.568181818181818
11	V126	0.613636363636364
12	V126	0.590909090909091
13	V126	0.569767441860465
14	V126	0.670454545454545
15	V126	0.556818181818182
16	V126	0.568181818181818
17	V126	0.602272727272727
18	V126	0.581395348837209
19	V126	0.670454545454545
20	V126	0.613636363636364
21	V126	0.625
22	V126	0.590909090909091
23	V126	0.522727272727273
24	V126	0.647727272727273
25	V126	0.579545454545455
26	V126	0.636363636363636
27	V126	0.477272727272727
28	V126	0.625
29	V126	0.636363636363636
30	V126	0.5
31	V126	0.545454545454545
32	V126	0.556818181818182
33	V126	0.636363636363636
34	V126	0.568181818181818
35	V126	0.58974358974359
36	V126	0.628205128205128
37	V126	0.593023255813954
38	V126	0.681818181818182
39	V126	0.585365853658537
40	V126	0.5625
41	V126	0.692307692307692
42	V126	0.666666666666667
43	V126	0.634146341463415
44	V126	0.569444444444444
45	V126	0.647727272727273
46	V126	0.647727272727273
47	V126	0.625
48	V126	0.581395348837209
49	V126	0.5
50	V126	0.579545454545455
51	V126	0.579545454545455
52	V126	0.546511627906977
53	V126	0.647727272727273
54	V126	0.662790697674419
55	V126	0.613636363636364
56	V126	0.579545454545455
57	V126	0.488636363636364
58	V126	0.590909090909091
59	V126	0.625
60	V126	0.556818181818182
61	V126	0.534090909090909
62	V126	0.488636363636364
63	V126	0.556818181818182
64	V126	0.613636363636364
65	V126	0.613636363636364
66	V126	0.568181818181818
67	V126	0.625
68	V126	0.602272727272727
69	V126	0.613636363636364
70	V126	0.568181818181818
71	V126	0.761363636363636
72	V126	0.568181818181818
73	V126	0.534090909090909
74	V126	0.545454545454545
75	V126	0.558139534883721
76	V126	0.511363636363636
77	V126	0.715909090909091
78	V126	0.738636363636364
79	V126	0.556818181818182
80	V126	0.545454545454545
81	V126	0.556818181818182
82	V126	0.604651162790698
83	V126	0.613636363636364
84	V126	0.659090909090909
85	V126	0.568181818181818
86	V126	0.579545454545455
87	V126	0.602272727272727
88	V126	0.625
89	V126	0.534090909090909
90	V126	0.681818181818182
91	V126	0.568181818181818
92	V126	0.590909090909091
93	V126	0.545454545454545
94	V126	0.5
95	V126	0.625
96	V126	0.568181818181818
97	V126	0.568181818181818
98	V126	0.534883720930233
99	V126	0.569767441860465
100	V126	0.568181818181818
101	V126	0.545454545454545
102	V126	0.556818181818182
103	V126	0.625
104	V126	0.443181818181818
105	V126	0.568181818181818
106	V126	0.670454545454545
107	V126	0.534090909090909
108	V126	0.579545454545455
109	V126	0.647727272727273
110	V126	0.625
111	V126	0.670454545454545
112	V126	0.556818181818182
113	V126	0.545454545454545
114	V126	0.522727272727273
115	V126	0.579545454545455
116	V126	0.545454545454545
117	V126	0.590909090909091
118	V126	0.568181818181818
119	V126	0.602272727272727
120	V126	0.546511627906977
121	V126	0.602272727272727
122	V126	0.579545454545455
123	V126	0.465909090909091
124	V126	0.579545454545455
125	V126	0.602272727272727
126	V126	1
127	V126	0.602272727272727
128	V126	0.579545454545455
129	V126	0.625
130	V126	0.579545454545455
131	V126	0.534090909090909
132	V126	0.522727272727273
133	V126	0.568181818181818
134	V126	0.647727272727273
135	V126	0.659090909090909
136	V126	0.511363636363636
137	V126	0.545454545454545
138	V126	0.627906976744186
139	V126	0.579545454545455
140	V126	0.488636363636364
141	V126	0.522727272727273
142	V126	0.647727272727273
143	V126	0.568181818181818
144	V126	0.693181818181818
145	V126	0.602272727272727
146	V126	0.625
147	V126	0.579545454545455
148	V126	0.625
149	V126	0.534090909090909
1	V127	0.613636363636364
2	V127	0.568181818181818
3	V127	0.647727272727273
4	V127	0.647727272727273
5	V127	0.704545454545455
6	V127	0.579545454545455
7	V127	0.616279069767442
8	V127	0.738636363636364
9	V127	0.569767441860465
10	V127	0.602272727272727
11	V127	0.670454545454545
12	V127	0.579545454545455
13	V127	0.604651162790698
14	V127	0.727272727272727
15	V127	0.681818181818182
16	V127	0.579545454545455
17	V127	0.636363636363636
18	V127	0.651162790697674
19	V127	0.613636363636364
20	V127	0.625
21	V127	0.590909090909091
22	V127	0.693181818181818
23	V127	0.670454545454545
24	V127	0.659090909090909
25	V127	0.590909090909091
26	V127	0.670454545454545
27	V127	0.670454545454545
28	V127	0.75
29	V127	0.715909090909091
30	V127	0.625
31	V127	0.647727272727273
32	V127	0.568181818181818
33	V127	0.579545454545455
34	V127	0.670454545454545
35	V127	0.641025641025641
36	V127	0.653846153846154
37	V127	0.662790697674419
38	V127	0.715909090909091
39	V127	0.634146341463415
40	V127	0.65
41	V127	0.705128205128205
42	V127	0.628205128205128
43	V127	0.682926829268293
44	V127	0.611111111111111
45	V127	0.636363636363636
46	V127	0.590909090909091
47	V127	0.659090909090909
48	V127	0.709302325581395
49	V127	0.670454545454545
50	V127	0.704545454545455
51	V127	0.681818181818182
52	V127	0.651162790697674
53	V127	0.613636363636364
54	V127	0.558139534883721
55	V127	0.602272727272727
56	V127	0.545454545454545
57	V127	0.636363636363636
58	V127	0.647727272727273
59	V127	0.704545454545455
60	V127	0.613636363636364
61	V127	0.613636363636364
62	V127	0.590909090909091
63	V127	0.659090909090909
64	V127	0.579545454545455
65	V127	0.693181818181818
66	V127	0.647727272727273
67	V127	0.659090909090909
68	V127	0.659090909090909
69	V127	0.647727272727273
70	V127	0.670454545454545
71	V127	0.613636363636364
72	V127	0.556818181818182
73	V127	0.613636363636364
74	V127	0.602272727272727
75	V127	0.662790697674419
76	V127	0.659090909090909
77	V127	0.727272727272727
78	V127	0.659090909090909
79	V127	0.636363636363636
80	V127	0.602272727272727
81	V127	0.636363636363636
82	V127	0.697674418604651
83	V127	0.602272727272727
84	V127	0.715909090909091
85	V127	0.625
86	V127	0.636363636363636
87	V127	0.727272727272727
88	V127	0.681818181818182
89	V127	0.590909090909091
90	V127	0.670454545454545
91	V127	0.647727272727273
92	V127	0.579545454545455
93	V127	0.647727272727273
94	V127	0.579545454545455
95	V127	0.681818181818182
96	V127	0.693181818181818
97	V127	0.647727272727273
98	V127	0.674418604651163
99	V127	0.627906976744186
100	V127	0.625
101	V127	0.602272727272727
102	V127	0.636363636363636
103	V127	0.636363636363636
104	V127	0.545454545454545
105	V127	0.556818181818182
106	V127	0.727272727272727
107	V127	0.568181818181818
108	V127	0.659090909090909
109	V127	0.704545454545455
110	V127	0.681818181818182
111	V127	0.613636363636364
112	V127	0.659090909090909
113	V127	0.625
114	V127	0.625
115	V127	0.545454545454545
116	V127	0.738636363636364
117	V127	0.647727272727273
118	V127	0.579545454545455
119	V127	0.659090909090909
120	V127	0.63953488372093
121	V127	0.568181818181818
122	V127	0.681818181818182
123	V127	0.590909090909091
124	V127	0.636363636363636
125	V127	0.613636363636364
126	V127	0.602272727272727
127	V127	1
128	V127	0.681818181818182
129	V127	0.590909090909091
130	V127	0.636363636363636
131	V127	0.636363636363636
132	V127	0.602272727272727
133	V127	0.556818181818182
134	V127	0.613636363636364
135	V127	0.647727272727273
136	V127	0.636363636363636
137	V127	0.556818181818182
138	V127	0.674418604651163
139	V127	0.590909090909091
140	V127	0.681818181818182
141	V127	0.625
142	V127	0.704545454545455
143	V127	0.625
144	V127	0.659090909090909
145	V127	0.704545454545455
146	V127	0.636363636363636
147	V127	0.659090909090909
148	V127	0.636363636363636
149	V127	0.636363636363636
1	V128	0.613636363636364
2	V128	0.613636363636364
3	V128	0.670454545454545
4	V128	0.693181818181818
5	V128	0.727272727272727
6	V128	0.715909090909091
7	V128	0.616279069767442
8	V128	0.693181818181818
9	V128	0.616279069767442
10	V128	0.602272727272727
11	V128	0.693181818181818
12	V128	0.693181818181818
13	V128	0.569767441860465
14	V128	0.636363636363636
15	V128	0.590909090909091
16	V128	0.625
17	V128	0.681818181818182
18	V128	0.604651162790698
19	V128	0.613636363636364
20	V128	0.693181818181818
21	V128	0.590909090909091
22	V128	0.625
23	V128	0.670454545454545
24	V128	0.590909090909091
25	V128	0.590909090909091
26	V128	0.647727272727273
27	V128	0.670454545454545
28	V128	0.681818181818182
29	V128	0.647727272727273
30	V128	0.715909090909091
31	V128	0.579545454545455
32	V128	0.613636363636364
33	V128	0.625
34	V128	0.670454545454545
35	V128	0.692307692307692
36	V128	0.692307692307692
37	V128	0.546511627906977
38	V128	0.693181818181818
39	V128	0.658536585365854
40	V128	0.675
41	V128	0.653846153846154
42	V128	0.717948717948718
43	V128	0.682926829268293
44	V128	0.611111111111111
45	V128	0.681818181818182
46	V128	0.613636363636364
47	V128	0.704545454545455
48	V128	0.627906976744186
49	V128	0.693181818181818
50	V128	0.636363636363636
51	V128	0.681818181818182
52	V128	0.662790697674419
53	V128	0.659090909090909
54	V128	0.593023255813954
55	V128	0.625
56	V128	0.568181818181818
57	V128	0.613636363636364
58	V128	0.602272727272727
59	V128	0.590909090909091
60	V128	0.590909090909091
61	V128	0.659090909090909
62	V128	0.590909090909091
63	V128	0.545454545454545
64	V128	0.602272727272727
65	V128	0.738636363636364
66	V128	0.625
67	V128	0.704545454545455
68	V128	0.636363636363636
69	V128	0.579545454545455
70	V128	0.625
71	V128	0.704545454545455
72	V128	0.556818181818182
73	V128	0.590909090909091
74	V128	0.602272727272727
75	V128	0.604651162790698
76	V128	0.704545454545455
77	V128	0.636363636363636
78	V128	0.568181818181818
79	V128	0.545454545454545
80	V128	0.579545454545455
81	V128	0.659090909090909
82	V128	0.651162790697674
83	V128	0.579545454545455
84	V128	0.670454545454545
85	V128	0.647727272727273
86	V128	0.636363636363636
87	V128	0.545454545454545
88	V128	0.613636363636364
89	V128	0.636363636363636
90	V128	0.670454545454545
91	V128	0.625
92	V128	0.579545454545455
93	V128	0.693181818181818
94	V128	0.602272727272727
95	V128	0.704545454545455
96	V128	0.602272727272727
97	V128	0.647727272727273
98	V128	0.604651162790698
99	V128	0.63953488372093
100	V128	0.602272727272727
101	V128	0.602272727272727
102	V128	0.590909090909091
103	V128	0.636363636363636
104	V128	0.5
105	V128	0.670454545454545
106	V128	0.659090909090909
107	V128	0.568181818181818
108	V128	0.681818181818182
109	V128	0.613636363636364
110	V128	0.704545454545455
111	V128	0.704545454545455
112	V128	0.636363636363636
113	V128	0.556818181818182
114	V128	0.602272727272727
115	V128	0.613636363636364
116	V128	0.715909090909091
117	V128	0.647727272727273
118	V128	0.647727272727273
119	V128	0.659090909090909
120	V128	0.651162790697674
121	V128	0.681818181818182
122	V128	0.681818181818182
123	V128	0.522727272727273
124	V128	0.659090909090909
125	V128	0.704545454545455
126	V128	0.579545454545455
127	V128	0.681818181818182
128	V128	1
129	V128	0.75
130	V128	0.636363636363636
131	V128	0.636363636363636
132	V128	0.556818181818182
133	V128	0.647727272727273
134	V128	0.636363636363636
135	V128	0.693181818181818
136	V128	0.636363636363636
137	V128	0.670454545454545
138	V128	0.674418604651163
139	V128	0.590909090909091
140	V128	0.659090909090909
141	V128	0.625
142	V128	0.704545454545455
143	V128	0.602272727272727
144	V128	0.590909090909091
145	V128	0.681818181818182
146	V128	0.659090909090909
147	V128	0.681818181818182
148	V128	0.795454545454545
149	V128	0.681818181818182
1	V129	0.613636363636364
2	V129	0.636363636363636
3	V129	0.625
4	V129	0.715909090909091
5	V129	0.681818181818182
6	V129	0.693181818181818
7	V129	0.744186046511628
8	V129	0.693181818181818
9	V129	0.569767441860465
10	V129	0.602272727272727
11	V129	0.625
12	V129	0.647727272727273
13	V129	0.651162790697674
14	V129	0.659090909090909
15	V129	0.636363636363636
16	V129	0.693181818181818
17	V129	0.636363636363636
18	V129	0.593023255813954
19	V129	0.636363636363636
20	V129	0.670454545454545
21	V129	0.590909090909091
22	V129	0.625
23	V129	0.625
24	V129	0.590909090909091
25	V129	0.636363636363636
26	V129	0.670454545454545
27	V129	0.602272727272727
28	V129	0.681818181818182
29	V129	0.647727272727273
30	V129	0.625
31	V129	0.693181818181818
32	V129	0.636363636363636
33	V129	0.647727272727273
34	V129	0.625
35	V129	0.641025641025641
36	V129	0.615384615384615
37	V129	0.488372093023256
38	V129	0.715909090909091
39	V129	0.573170731707317
40	V129	0.675
41	V129	0.653846153846154
42	V129	0.615384615384615
43	V129	0.658536585365854
44	V129	0.666666666666667
45	V129	0.75
46	V129	0.613636363636364
47	V129	0.659090909090909
48	V129	0.569767441860465
49	V129	0.602272727272727
50	V129	0.568181818181818
51	V129	0.636363636363636
52	V129	0.593023255813954
53	V129	0.659090909090909
54	V129	0.534883720930233
55	V129	0.670454545454545
56	V129	0.636363636363636
57	V129	0.545454545454545
58	V129	0.625
59	V129	0.568181818181818
60	V129	0.568181818181818
61	V129	0.613636363636364
62	V129	0.636363636363636
63	V129	0.545454545454545
64	V129	0.670454545454545
65	V129	0.670454545454545
66	V129	0.534090909090909
67	V129	0.681818181818182
68	V129	0.636363636363636
69	V129	0.670454545454545
70	V129	0.602272727272727
71	V129	0.681818181818182
72	V129	0.602272727272727
73	V129	0.613636363636364
74	V129	0.625
75	V129	0.63953488372093
76	V129	0.636363636363636
77	V129	0.590909090909091
78	V129	0.568181818181818
79	V129	0.590909090909091
80	V129	0.579545454545455
81	V129	0.590909090909091
82	V129	0.604651162790698
83	V129	0.556818181818182
84	V129	0.670454545454545
85	V129	0.670454545454545
86	V129	0.659090909090909
87	V129	0.613636363636364
88	V129	0.613636363636364
89	V129	0.636363636363636
90	V129	0.693181818181818
91	V129	0.647727272727273
92	V129	0.625
93	V129	0.693181818181818
94	V129	0.647727272727273
95	V129	0.636363636363636
96	V129	0.693181818181818
97	V129	0.693181818181818
98	V129	0.569767441860465
99	V129	0.627906976744186
100	V129	0.647727272727273
101	V129	0.579545454545455
102	V129	0.568181818181818
103	V129	0.636363636363636
104	V129	0.545454545454545
105	V129	0.715909090909091
106	V129	0.681818181818182
107	V129	0.568181818181818
108	V129	0.659090909090909
109	V129	0.590909090909091
110	V129	0.636363636363636
111	V129	0.704545454545455
112	V129	0.613636363636364
113	V129	0.647727272727273
114	V129	0.625
115	V129	0.681818181818182
116	V129	0.670454545454545
117	V129	0.579545454545455
118	V129	0.670454545454545
119	V129	0.659090909090909
120	V129	0.604651162790698
121	V129	0.590909090909091
122	V129	0.727272727272727
123	V129	0.590909090909091
124	V129	0.659090909090909
125	V129	0.727272727272727
126	V129	0.625
127	V129	0.590909090909091
128	V129	0.75
129	V129	1
130	V129	0.590909090909091
131	V129	0.727272727272727
132	V129	0.647727272727273
133	V129	0.647727272727273
134	V129	0.659090909090909
135	V129	0.670454545454545
136	V129	0.613636363636364
137	V129	0.647727272727273
138	V129	0.63953488372093
139	V129	0.636363636363636
140	V129	0.636363636363636
141	V129	0.602272727272727
142	V129	0.704545454545455
143	V129	0.647727272727273
144	V129	0.613636363636364
145	V129	0.590909090909091
146	V129	0.590909090909091
147	V129	0.659090909090909
148	V129	0.704545454545455
149	V129	0.636363636363636
1	V130	0.568181818181818
2	V130	0.545454545454545
3	V130	0.579545454545455
4	V130	0.602272727272727
5	V130	0.704545454545455
6	V130	0.534090909090909
7	V130	0.662790697674419
8	V130	0.647727272727273
9	V130	0.581395348837209
10	V130	0.625
11	V130	0.647727272727273
12	V130	0.579545454545455
13	V130	0.569767441860465
14	V130	0.636363636363636
15	V130	0.590909090909091
16	V130	0.579545454545455
17	V130	0.704545454545455
18	V130	0.674418604651163
19	V130	0.568181818181818
20	V130	0.647727272727273
21	V130	0.568181818181818
22	V130	0.670454545454545
23	V130	0.602272727272727
24	V130	0.568181818181818
25	V130	0.636363636363636
26	V130	0.579545454545455
27	V130	0.602272727272727
28	V130	0.704545454545455
29	V130	0.693181818181818
30	V130	0.579545454545455
31	V130	0.602272727272727
32	V130	0.545454545454545
33	V130	0.625
34	V130	0.579545454545455
35	V130	0.641025641025641
36	V130	0.692307692307692
37	V130	0.569767441860465
38	V130	0.625
39	V130	0.658536585365854
40	V130	0.65
41	V130	0.641025641025641
42	V130	0.628205128205128
43	V130	0.658536585365854
44	V130	0.625
45	V130	0.681818181818182
46	V130	0.613636363636364
47	V130	0.613636363636364
48	V130	0.593023255813954
49	V130	0.670454545454545
50	V130	0.568181818181818
51	V130	0.613636363636364
52	V130	0.662790697674419
53	V130	0.636363636363636
54	V130	0.593023255813954
55	V130	0.670454545454545
56	V130	0.659090909090909
57	V130	0.636363636363636
58	V130	0.625
59	V130	0.636363636363636
60	V130	0.704545454545455
61	V130	0.613636363636364
62	V130	0.590909090909091
63	V130	0.613636363636364
64	V130	0.579545454545455
65	V130	0.625
66	V130	0.625
67	V130	0.636363636363636
68	V130	0.636363636363636
69	V130	0.602272727272727
70	V130	0.647727272727273
71	V130	0.704545454545455
72	V130	0.602272727272727
73	V130	0.636363636363636
74	V130	0.647727272727273
75	V130	0.651162790697674
76	V130	0.636363636363636
77	V130	0.704545454545455
78	V130	0.681818181818182
79	V130	0.636363636363636
80	V130	0.602272727272727
81	V130	0.636363636363636
82	V130	0.686046511627907
83	V130	0.625
84	V130	0.625
85	V130	0.784090909090909
86	V130	0.613636363636364
87	V130	0.636363636363636
88	V130	0.636363636363636
89	V130	0.659090909090909
90	V130	0.670454545454545
91	V130	0.579545454545455
92	V130	0.602272727272727
93	V130	0.579545454545455
94	V130	0.556818181818182
95	V130	0.636363636363636
96	V130	0.647727272727273
97	V130	0.693181818181818
98	V130	0.569767441860465
99	V130	0.569767441860465
100	V130	0.602272727272727
101	V130	0.625
102	V130	0.659090909090909
103	V130	0.704545454545455
104	V130	0.613636363636364
105	V130	0.579545454545455
106	V130	0.659090909090909
107	V130	0.568181818181818
108	V130	0.681818181818182
109	V130	0.590909090909091
110	V130	0.681818181818182
111	V130	0.636363636363636
112	V130	0.681818181818182
113	V130	0.647727272727273
114	V130	0.556818181818182
115	V130	0.613636363636364
116	V130	0.670454545454545
117	V130	0.693181818181818
118	V130	0.715909090909091
119	V130	0.636363636363636
120	V130	0.674418604651163
121	V130	0.568181818181818
122	V130	0.568181818181818
123	V130	0.568181818181818
124	V130	0.636363636363636
125	V130	0.681818181818182
126	V130	0.579545454545455
127	V130	0.636363636363636
128	V130	0.636363636363636
129	V130	0.590909090909091
130	V130	1
131	V130	0.613636363636364
132	V130	0.602272727272727
133	V130	0.602272727272727
134	V130	0.613636363636364
135	V130	0.693181818181818
136	V130	0.659090909090909
137	V130	0.556818181818182
138	V130	0.63953488372093
139	V130	0.613636363636364
140	V130	0.636363636363636
141	V130	0.647727272727273
142	V130	0.659090909090909
143	V130	0.602272727272727
144	V130	0.636363636363636
145	V130	0.636363636363636
146	V130	0.568181818181818
147	V130	0.681818181818182
148	V130	0.681818181818182
149	V130	0.681818181818182
1	V131	0.613636363636364
2	V131	0.636363636363636
3	V131	0.670454545454545
4	V131	0.625
5	V131	0.681818181818182
6	V131	0.602272727272727
7	V131	0.593023255813954
8	V131	0.625
9	V131	0.662790697674419
10	V131	0.625
11	V131	0.647727272727273
12	V131	0.625
13	V131	0.627906976744186
14	V131	0.636363636363636
15	V131	0.659090909090909
16	V131	0.625
17	V131	0.75
18	V131	0.604651162790698
19	V131	0.568181818181818
20	V131	0.647727272727273
21	V131	0.568181818181818
22	V131	0.625
23	V131	0.534090909090909
24	V131	0.659090909090909
25	V131	0.590909090909091
26	V131	0.625
27	V131	0.625
28	V131	0.659090909090909
29	V131	0.670454545454545
30	V131	0.647727272727273
31	V131	0.715909090909091
32	V131	0.636363636363636
33	V131	0.625
34	V131	0.511363636363636
35	V131	0.67948717948718
36	V131	0.692307692307692
37	V131	0.616279069767442
38	V131	0.670454545454545
39	V131	0.548780487804878
40	V131	0.6625
41	V131	0.58974358974359
42	V131	0.602564102564103
43	V131	0.658536585365854
44	V131	0.638888888888889
45	V131	0.636363636363636
46	V131	0.590909090909091
47	V131	0.568181818181818
48	V131	0.674418604651163
49	V131	0.647727272727273
50	V131	0.613636363636364
51	V131	0.613636363636364
52	V131	0.581395348837209
53	V131	0.613636363636364
54	V131	0.581395348837209
55	V131	0.625
56	V131	0.568181818181818
57	V131	0.636363636363636
58	V131	0.579545454545455
59	V131	0.545454545454545
60	V131	0.636363636363636
61	V131	0.636363636363636
62	V131	0.590909090909091
63	V131	0.590909090909091
64	V131	0.579545454545455
65	V131	0.602272727272727
66	V131	0.511363636363636
67	V131	0.681818181818182
68	V131	0.681818181818182
69	V131	0.647727272727273
70	V131	0.556818181818182
71	V131	0.590909090909091
72	V131	0.625
73	V131	0.613636363636364
74	V131	0.670454545454545
75	V131	0.63953488372093
76	V131	0.613636363636364
77	V131	0.636363636363636
78	V131	0.659090909090909
79	V131	0.636363636363636
80	V131	0.579545454545455
81	V131	0.590909090909091
82	V131	0.604651162790698
83	V131	0.556818181818182
84	V131	0.579545454545455
85	V131	0.625
86	V131	0.590909090909091
87	V131	0.636363636363636
88	V131	0.590909090909091
89	V131	0.704545454545455
90	V131	0.602272727272727
91	V131	0.625
92	V131	0.602272727272727
93	V131	0.625
94	V131	0.625
95	V131	0.568181818181818
96	V131	0.693181818181818
97	V131	0.738636363636364
98	V131	0.569767441860465
99	V131	0.651162790697674
100	V131	0.715909090909091
101	V131	0.556818181818182
102	V131	0.590909090909091
103	V131	0.568181818181818
104	V131	0.590909090909091
105	V131	0.579545454545455
106	V131	0.659090909090909
107	V131	0.545454545454545
108	V131	0.704545454545455
109	V131	0.568181818181818
110	V131	0.545454545454545
111	V131	0.613636363636364
112	V131	0.590909090909091
113	V131	0.625
114	V131	0.670454545454545
115	V131	0.659090909090909
116	V131	0.693181818181818
117	V131	0.647727272727273
118	V131	0.670454545454545
119	V131	0.659090909090909
120	V131	0.63953488372093
121	V131	0.568181818181818
122	V131	0.704545454545455
123	V131	0.659090909090909
124	V131	0.704545454545455
125	V131	0.636363636363636
126	V131	0.534090909090909
127	V131	0.636363636363636
128	V131	0.636363636363636
129	V131	0.727272727272727
130	V131	0.613636363636364
131	V131	1
132	V131	0.829545454545455
133	V131	0.488636363636364
134	V131	0.545454545454545
135	V131	0.647727272727273
136	V131	0.636363636363636
137	V131	0.556818181818182
138	V131	0.709302325581395
139	V131	0.636363636363636
140	V131	0.704545454545455
141	V131	0.670454545454545
142	V131	0.704545454545455
143	V131	0.670454545454545
144	V131	0.568181818181818
145	V131	0.590909090909091
146	V131	0.590909090909091
147	V131	0.704545454545455
148	V131	0.613636363636364
149	V131	0.636363636363636
1	V132	0.647727272727273
2	V132	0.602272727272727
3	V132	0.636363636363636
4	V132	0.659090909090909
5	V132	0.738636363636364
6	V132	0.522727272727273
7	V132	0.569767441860465
8	V132	0.636363636363636
9	V132	0.674418604651163
10	V132	0.590909090909091
11	V132	0.636363636363636
12	V132	0.590909090909091
13	V132	0.63953488372093
14	V132	0.625
15	V132	0.647727272727273
16	V132	0.613636363636364
17	V132	0.715909090909091
18	V132	0.604651162790698
19	V132	0.579545454545455
20	V132	0.636363636363636
21	V132	0.556818181818182
22	V132	0.636363636363636
23	V132	0.590909090909091
24	V132	0.670454545454545
25	V132	0.625
26	V132	0.636363636363636
27	V132	0.659090909090909
28	V132	0.602272727272727
29	V132	0.681818181818182
30	V132	0.613636363636364
31	V132	0.681818181818182
32	V132	0.579545454545455
33	V132	0.659090909090909
34	V132	0.545454545454545
35	V132	0.628205128205128
36	V132	0.67948717948718
37	V132	0.593023255813954
38	V132	0.681818181818182
39	V132	0.585365853658537
40	V132	0.65
41	V132	0.58974358974359
42	V132	0.615384615384615
43	V132	0.658536585365854
44	V132	0.597222222222222
45	V132	0.602272727272727
46	V132	0.602272727272727
47	V132	0.602272727272727
48	V132	0.63953488372093
49	V132	0.613636363636364
50	V132	0.670454545454545
51	V132	0.556818181818182
52	V132	0.593023255813954
53	V132	0.579545454545455
54	V132	0.662790697674419
55	V132	0.613636363636364
56	V132	0.556818181818182
57	V132	0.670454545454545
58	V132	0.545454545454545
59	V132	0.534090909090909
60	V132	0.670454545454545
61	V132	0.670454545454545
62	V132	0.602272727272727
63	V132	0.602272727272727
64	V132	0.613636363636364
65	V132	0.636363636363636
66	V132	0.522727272727273
67	V132	0.625
68	V132	0.602272727272727
69	V132	0.613636363636364
70	V132	0.545454545454545
71	V132	0.556818181818182
72	V132	0.636363636363636
73	V132	0.647727272727273
74	V132	0.681818181818182
75	V132	0.627906976744186
76	V132	0.579545454545455
77	V132	0.625
78	V132	0.625
79	V132	0.579545454545455
80	V132	0.545454545454545
81	V132	0.579545454545455
82	V132	0.593023255813954
83	V132	0.568181818181818
84	V132	0.613636363636364
85	V132	0.613636363636364
86	V132	0.625
87	V132	0.625
88	V132	0.602272727272727
89	V132	0.670454545454545
90	V132	0.613636363636364
91	V132	0.568181818181818
92	V132	0.613636363636364
93	V132	0.613636363636364
94	V132	0.659090909090909
95	V132	0.556818181818182
96	V132	0.659090909090909
97	V132	0.659090909090909
98	V132	0.581395348837209
99	V132	0.546511627906977
100	V132	0.681818181818182
101	V132	0.590909090909091
102	V132	0.625
103	V132	0.579545454545455
104	V132	0.556818181818182
105	V132	0.545454545454545
106	V132	0.670454545454545
107	V132	0.670454545454545
108	V132	0.647727272727273
109	V132	0.556818181818182
110	V132	0.579545454545455
111	V132	0.647727272727273
112	V132	0.602272727272727
113	V132	0.636363636363636
114	V132	0.613636363636364
115	V132	0.625
116	V132	0.636363636363636
117	V132	0.613636363636364
118	V132	0.613636363636364
119	V132	0.693181818181818
120	V132	0.627906976744186
121	V132	0.556818181818182
122	V132	0.670454545454545
123	V132	0.647727272727273
124	V132	0.647727272727273
125	V132	0.602272727272727
126	V132	0.522727272727273
127	V132	0.602272727272727
128	V132	0.556818181818182
129	V132	0.647727272727273
130	V132	0.602272727272727
131	V132	0.829545454545455
132	V132	1
133	V132	0.545454545454545
134	V132	0.579545454545455
135	V132	0.681818181818182
136	V132	0.602272727272727
137	V132	0.590909090909091
138	V132	0.674418604651163
139	V132	0.670454545454545
140	V132	0.715909090909091
141	V132	0.613636363636364
142	V132	0.647727272727273
143	V132	0.727272727272727
144	V132	0.556818181818182
145	V132	0.647727272727273
146	V132	0.579545454545455
147	V132	0.647727272727273
148	V132	0.579545454545455
149	V132	0.579545454545455
1	V133	0.579545454545455
2	V133	0.488636363636364
3	V133	0.568181818181818
4	V133	0.590909090909091
5	V133	0.602272727272727
6	V133	0.659090909090909
7	V133	0.593023255813954
8	V133	0.659090909090909
9	V133	0.546511627906977
10	V133	0.636363636363636
11	V133	0.545454545454545
12	V133	0.681818181818182
13	V133	0.627906976744186
14	V133	0.602272727272727
15	V133	0.625
16	V133	0.613636363636364
17	V133	0.556818181818182
18	V133	0.558139534883721
19	V133	0.602272727272727
20	V133	0.613636363636364
21	V133	0.602272727272727
22	V133	0.590909090909091
23	V133	0.636363636363636
24	V133	0.488636363636364
25	V133	0.625
26	V133	0.522727272727273
27	V133	0.659090909090909
28	V133	0.579545454545455
29	V133	0.590909090909091
30	V133	0.522727272727273
31	V133	0.590909090909091
32	V133	0.602272727272727
33	V133	0.704545454545455
34	V133	0.522727272727273
35	V133	0.576923076923077
36	V133	0.551282051282051
37	V133	0.523255813953488
38	V133	0.636363636363636
39	V133	0.573170731707317
40	V133	0.5625
41	V133	0.653846153846154
42	V133	0.551282051282051
43	V133	0.646341463414634
44	V133	0.583333333333333
45	V133	0.647727272727273
46	V133	0.579545454545455
47	V133	0.556818181818182
48	V133	0.593023255813954
49	V133	0.613636363636364
50	V133	0.602272727272727
51	V133	0.625
52	V133	0.627906976744186
53	V133	0.647727272727273
54	V133	0.581395348837209
55	V133	0.613636363636364
56	V133	0.556818181818182
57	V133	0.625
58	V133	0.568181818181818
59	V133	0.693181818181818
60	V133	0.579545454545455
61	V133	0.602272727272727
62	V133	0.556818181818182
63	V133	0.556818181818182
64	V133	0.568181818181818
65	V133	0.613636363636364
66	V133	0.568181818181818
67	V133	0.579545454545455
68	V133	0.534090909090909
69	V133	0.613636363636364
70	V133	0.568181818181818
71	V133	0.693181818181818
72	V133	0.568181818181818
73	V133	0.602272727272727
74	V133	0.568181818181818
75	V133	0.662790697674419
76	V133	0.602272727272727
77	V133	0.579545454545455
78	V133	0.602272727272727
79	V133	0.579545454545455
80	V133	0.568181818181818
81	V133	0.647727272727273
82	V133	0.581395348837209
83	V133	0.568181818181818
84	V133	0.613636363636364
85	V133	0.613636363636364
86	V133	0.579545454545455
87	V133	0.511363636363636
88	V133	0.579545454545455
89	V133	0.579545454545455
90	V133	0.636363636363636
91	V133	0.522727272727273
92	V133	0.590909090909091
93	V133	0.590909090909091
94	V133	0.568181818181818
95	V133	0.738636363636364
96	V133	0.590909090909091
97	V133	0.568181818181818
98	V133	0.627906976744186
99	V133	0.581395348837209
100	V133	0.545454545454545
101	V133	0.613636363636364
102	V133	0.647727272727273
103	V133	0.693181818181818
104	V133	0.556818181818182
105	V133	0.659090909090909
106	V133	0.625
107	V133	0.625
108	V133	0.579545454545455
109	V133	0.534090909090909
110	V133	0.693181818181818
111	V133	0.693181818181818
112	V133	0.602272727272727
113	V133	0.590909090909091
114	V133	0.477272727272727
115	V133	0.579545454545455
116	V133	0.545454545454545
117	V133	0.522727272727273
118	V133	0.681818181818182
119	V133	0.625
120	V133	0.581395348837209
121	V133	0.625
122	V133	0.602272727272727
123	V133	0.579545454545455
124	V133	0.602272727272727
125	V133	0.579545454545455
126	V133	0.568181818181818
127	V133	0.556818181818182
128	V133	0.647727272727273
129	V133	0.647727272727273
130	V133	0.602272727272727
131	V133	0.488636363636364
132	V133	0.545454545454545
133	V133	1
134	V133	0.602272727272727
135	V133	0.681818181818182
136	V133	0.602272727272727
137	V133	0.568181818181818
138	V133	0.558139534883721
139	V133	0.534090909090909
140	V133	0.579545454545455
141	V133	0.568181818181818
142	V133	0.647727272727273
143	V133	0.613636363636364
144	V133	0.602272727272727
145	V133	0.579545454545455
146	V133	0.488636363636364
147	V133	0.579545454545455
148	V133	0.625
149	V133	0.556818181818182
1	V134	0.613636363636364
2	V134	0.613636363636364
3	V134	0.579545454545455
4	V134	0.625
5	V134	0.590909090909091
6	V134	0.534090909090909
7	V134	0.709302325581395
8	V134	0.602272727272727
9	V134	0.63953488372093
10	V134	0.579545454545455
11	V134	0.693181818181818
12	V134	0.647727272727273
13	V134	0.662790697674419
14	V134	0.681818181818182
15	V134	0.545454545454545
16	V134	0.625
17	V134	0.568181818181818
18	V134	0.581395348837209
19	V134	0.636363636363636
20	V134	0.715909090909091
21	V134	0.5
22	V134	0.625
23	V134	0.602272727272727
24	V134	0.659090909090909
25	V134	0.590909090909091
26	V134	0.670454545454545
27	V134	0.625
28	V134	0.636363636363636
29	V134	0.647727272727273
30	V134	0.625
31	V134	0.625
32	V134	0.590909090909091
33	V134	0.602272727272727
34	V134	0.670454545454545
35	V134	0.551282051282051
36	V134	0.58974358974359
37	V134	0.616279069767442
38	V134	0.647727272727273
39	V134	0.646341463414634
40	V134	0.65
41	V134	0.769230769230769
42	V134	0.602564102564103
43	V134	0.609756097560976
44	V134	0.625
45	V134	0.659090909090909
46	V134	0.636363636363636
47	V134	0.568181818181818
48	V134	0.593023255813954
49	V134	0.556818181818182
50	V134	0.568181818181818
51	V134	0.613636363636364
52	V134	0.627906976744186
53	V134	0.613636363636364
54	V134	0.593023255813954
55	V134	0.602272727272727
56	V134	0.613636363636364
57	V134	0.613636363636364
58	V134	0.579545454545455
59	V134	0.636363636363636
60	V134	0.613636363636364
61	V134	0.545454545454545
62	V134	0.704545454545455
63	V134	0.568181818181818
64	V134	0.625
65	V134	0.693181818181818
66	V134	0.579545454545455
67	V134	0.590909090909091
68	V134	0.477272727272727
69	V134	0.602272727272727
70	V134	0.625
71	V134	0.636363636363636
72	V134	0.625
73	V134	0.613636363636364
74	V134	0.602272727272727
75	V134	0.604651162790698
76	V134	0.545454545454545
77	V134	0.613636363636364
78	V134	0.522727272727273
79	V134	0.613636363636364
80	V134	0.488636363636364
81	V134	0.613636363636364
82	V134	0.581395348837209
83	V134	0.602272727272727
84	V134	0.670454545454545
85	V134	0.625
86	V134	0.590909090909091
87	V134	0.590909090909091
88	V134	0.659090909090909
89	V134	0.613636363636364
90	V134	0.715909090909091
91	V134	0.625
92	V134	0.625
93	V134	0.579545454545455
94	V134	0.625
95	V134	0.613636363636364
96	V134	0.625
97	V134	0.602272727272727
98	V134	0.546511627906977
99	V134	0.546511627906977
100	V134	0.647727272727273
101	V134	0.579545454545455
102	V134	0.568181818181818
103	V134	0.636363636363636
104	V134	0.545454545454545
105	V134	0.556818181818182
106	V134	0.568181818181818
107	V134	0.613636363636364
108	V134	0.613636363636364
109	V134	0.659090909090909
110	V134	0.659090909090909
111	V134	0.636363636363636
112	V134	0.636363636363636
113	V134	0.534090909090909
114	V134	0.534090909090909
115	V134	0.590909090909091
116	V134	0.579545454545455
117	V134	0.556818181818182
118	V134	0.602272727272727
119	V134	0.636363636363636
120	V134	0.581395348837209
121	V134	0.545454545454545
122	V134	0.613636363636364
123	V134	0.5
124	V134	0.590909090909091
125	V134	0.636363636363636
126	V134	0.647727272727273
127	V134	0.613636363636364
128	V134	0.636363636363636
129	V134	0.659090909090909
130	V134	0.613636363636364
131	V134	0.545454545454545
132	V134	0.579545454545455
133	V134	0.602272727272727
134	V134	1
135	V134	0.647727272727273
136	V134	0.590909090909091
137	V134	0.670454545454545
138	V134	0.686046511627907
139	V134	0.659090909090909
140	V134	0.613636363636364
141	V134	0.465909090909091
142	V134	0.659090909090909
143	V134	0.579545454545455
144	V134	0.613636363636364
145	V134	0.636363636363636
146	V134	0.477272727272727
147	V134	0.613636363636364
148	V134	0.613636363636364
149	V134	0.613636363636364
1	V135	0.579545454545455
2	V135	0.625
3	V135	0.590909090909091
4	V135	0.659090909090909
5	V135	0.693181818181818
6	V135	0.636363636363636
7	V135	0.627906976744186
8	V135	0.75
9	V135	0.686046511627907
10	V135	0.727272727272727
11	V135	0.704545454545455
12	V135	0.681818181818182
13	V135	0.627906976744186
14	V135	0.670454545454545
15	V135	0.693181818181818
16	V135	0.659090909090909
17	V135	0.693181818181818
18	V135	0.593023255813954
19	V135	0.647727272727273
20	V135	0.795454545454545
21	V135	0.693181818181818
22	V135	0.727272727272727
23	V135	0.681818181818182
24	V135	0.647727272727273
25	V135	0.670454545454545
26	V135	0.636363636363636
27	V135	0.727272727272727
28	V135	0.670454545454545
29	V135	0.659090909090909
30	V135	0.681818181818182
31	V135	0.75
32	V135	0.647727272727273
33	V135	0.75
34	V135	0.636363636363636
35	V135	0.717948717948718
36	V135	0.653846153846154
37	V135	0.627906976744186
38	V135	0.704545454545455
39	V135	0.634146341463415
40	V135	0.6375
41	V135	0.730769230769231
42	V135	0.666666666666667
43	V135	0.658536585365854
44	V135	0.625
45	V135	0.670454545454545
46	V135	0.625
47	V135	0.670454545454545
48	V135	0.627906976744186
49	V135	0.636363636363636
50	V135	0.647727272727273
51	V135	0.625
52	V135	0.651162790697674
53	V135	0.715909090909091
54	V135	0.651162790697674
55	V135	0.704545454545455
56	V135	0.693181818181818
57	V135	0.647727272727273
58	V135	0.659090909090909
59	V135	0.625
60	V135	0.693181818181818
61	V135	0.602272727272727
62	V135	0.625
63	V135	0.556818181818182
64	V135	0.659090909090909
65	V135	0.636363636363636
66	V135	0.636363636363636
67	V135	0.647727272727273
68	V135	0.625
69	V135	0.704545454545455
70	V135	0.613636363636364
71	V135	0.670454545454545
72	V135	0.681818181818182
73	V135	0.625
74	V135	0.659090909090909
75	V135	0.686046511627907
76	V135	0.693181818181818
77	V135	0.693181818181818
78	V135	0.647727272727273
79	V135	0.670454545454545
80	V135	0.659090909090909
81	V135	0.625
82	V135	0.697674418604651
83	V135	0.659090909090909
84	V135	0.659090909090909
85	V135	0.659090909090909
86	V135	0.647727272727273
87	V135	0.625
88	V135	0.715909090909091
89	V135	0.647727272727273
90	V135	0.659090909090909
91	V135	0.613636363636364
92	V135	0.659090909090909
93	V135	0.636363636363636
94	V135	0.613636363636364
95	V135	0.670454545454545
96	V135	0.590909090909091
97	V135	0.681818181818182
98	V135	0.63953488372093
99	V135	0.627906976744186
100	V135	0.590909090909091
101	V135	0.613636363636364
102	V135	0.647727272727273
103	V135	0.602272727272727
104	V135	0.534090909090909
105	V135	0.613636363636364
106	V135	0.647727272727273
107	V135	0.625
108	V135	0.625
109	V135	0.579545454545455
110	V135	0.715909090909091
111	V135	0.738636363636364
112	V135	0.647727272727273
113	V135	0.636363636363636
114	V135	0.636363636363636
115	V135	0.625
116	V135	0.659090909090909
117	V135	0.636363636363636
118	V135	0.681818181818182
119	V135	0.715909090909091
120	V135	0.674418604651163
121	V135	0.556818181818182
122	V135	0.670454545454545
123	V135	0.579545454545455
124	V135	0.670454545454545
125	V135	0.670454545454545
126	V135	0.659090909090909
127	V135	0.647727272727273
128	V135	0.693181818181818
129	V135	0.670454545454545
130	V135	0.693181818181818
131	V135	0.647727272727273
132	V135	0.681818181818182
133	V135	0.681818181818182
134	V135	0.647727272727273
135	V135	1
136	V135	0.693181818181818
137	V135	0.636363636363636
138	V135	0.732558139534884
139	V135	0.647727272727273
140	V135	0.670454545454545
141	V135	0.636363636363636
142	V135	0.715909090909091
143	V135	0.704545454545455
144	V135	0.670454545454545
145	V135	0.715909090909091
146	V135	0.647727272727273
147	V135	0.625
148	V135	0.670454545454545
149	V135	0.647727272727273
1	V136	0.636363636363636
2	V136	0.613636363636364
3	V136	0.602272727272727
4	V136	0.625
5	V136	0.590909090909091
6	V136	0.647727272727273
7	V136	0.63953488372093
8	V136	0.670454545454545
9	V136	0.616279069767442
10	V136	0.647727272727273
11	V136	0.647727272727273
12	V136	0.602272727272727
13	V136	0.604651162790698
14	V136	0.636363636363636
15	V136	0.704545454545455
16	V136	0.602272727272727
17	V136	0.681818181818182
18	V136	0.604651162790698
19	V136	0.636363636363636
20	V136	0.693181818181818
21	V136	0.613636363636364
22	V136	0.693181818181818
23	V136	0.670454545454545
24	V136	0.636363636363636
25	V136	0.681818181818182
26	V136	0.579545454545455
27	V136	0.738636363636364
28	V136	0.636363636363636
29	V136	0.625
30	V136	0.670454545454545
31	V136	0.670454545454545
32	V136	0.704545454545455
33	V136	0.647727272727273
34	V136	0.602272727272727
35	V136	0.67948717948718
36	V136	0.628205128205128
37	V136	0.569767441860465
38	V136	0.693181818181818
39	V136	0.670731707317073
40	V136	0.6
41	V136	0.666666666666667
42	V136	0.564102564102564
43	V136	0.621951219512195
44	V136	0.597222222222222
45	V136	0.613636363636364
46	V136	0.590909090909091
47	V136	0.613636363636364
48	V136	0.604651162790698
49	V136	0.647727272727273
50	V136	0.613636363636364
51	V136	0.636363636363636
52	V136	0.604651162790698
53	V136	0.727272727272727
54	V136	0.604651162790698
55	V136	0.625
56	V136	0.704545454545455
57	V136	0.704545454545455
58	V136	0.625
59	V136	0.590909090909091
60	V136	0.659090909090909
61	V136	0.613636363636364
62	V136	0.636363636363636
63	V136	0.590909090909091
64	V136	0.625
65	V136	0.647727272727273
66	V136	0.693181818181818
67	V136	0.636363636363636
68	V136	0.613636363636364
69	V136	0.693181818181818
70	V136	0.647727272727273
71	V136	0.636363636363636
72	V136	0.579545454545455
73	V136	0.613636363636364
74	V136	0.602272727272727
75	V136	0.63953488372093
76	V136	0.704545454545455
77	V136	0.681818181818182
78	V136	0.545454545454545
79	V136	0.568181818181818
80	V136	0.556818181818182
81	V136	0.681818181818182
82	V136	0.627906976744186
83	V136	0.670454545454545
84	V136	0.647727272727273
85	V136	0.738636363636364
86	V136	0.568181818181818
87	V136	0.590909090909091
88	V136	0.681818181818182
89	V136	0.613636363636364
90	V136	0.647727272727273
91	V136	0.670454545454545
92	V136	0.647727272727273
93	V136	0.693181818181818
94	V136	0.647727272727273
95	V136	0.704545454545455
96	V136	0.625
97	V136	0.693181818181818
98	V136	0.709302325581395
99	V136	0.674418604651163
100	V136	0.625
101	V136	0.647727272727273
102	V136	0.636363636363636
103	V136	0.590909090909091
104	V136	0.590909090909091
105	V136	0.602272727272727
106	V136	0.636363636363636
107	V136	0.568181818181818
108	V136	0.681818181818182
109	V136	0.659090909090909
110	V136	0.659090909090909
111	V136	0.613636363636364
112	V136	0.659090909090909
113	V136	0.602272727272727
114	V136	0.647727272727273
115	V136	0.568181818181818
116	V136	0.670454545454545
117	V136	0.602272727272727
118	V136	0.625
119	V136	0.659090909090909
120	V136	0.651162790697674
121	V136	0.568181818181818
122	V136	0.659090909090909
123	V136	0.636363636363636
124	V136	0.636363636363636
125	V136	0.636363636363636
126	V136	0.511363636363636
127	V136	0.636363636363636
128	V136	0.636363636363636
129	V136	0.613636363636364
130	V136	0.659090909090909
131	V136	0.636363636363636
132	V136	0.602272727272727
133	V136	0.602272727272727
134	V136	0.590909090909091
135	V136	0.693181818181818
136	V136	1
137	V136	0.647727272727273
138	V136	0.569767441860465
139	V136	0.613636363636364
140	V136	0.659090909090909
141	V136	0.625
142	V136	0.636363636363636
143	V136	0.647727272727273
144	V136	0.636363636363636
145	V136	0.636363636363636
146	V136	0.590909090909091
147	V136	0.681818181818182
148	V136	0.636363636363636
149	V136	0.545454545454545
1	V137	0.602272727272727
2	V137	0.625
3	V137	0.545454545454545
4	V137	0.636363636363636
5	V137	0.625
6	V137	0.545454545454545
7	V137	0.616279069767442
8	V137	0.590909090909091
9	V137	0.546511627906977
10	V137	0.522727272727273
11	V137	0.636363636363636
12	V137	0.590909090909091
13	V137	0.604651162790698
14	V137	0.579545454545455
15	V137	0.579545454545455
16	V137	0.659090909090909
17	V137	0.534090909090909
18	V137	0.534883720930233
19	V137	0.602272727272727
20	V137	0.681818181818182
21	V137	0.556818181818182
22	V137	0.613636363636364
23	V137	0.704545454545455
24	V137	0.625
25	V137	0.602272727272727
26	V137	0.545454545454545
27	V137	0.590909090909091
28	V137	0.556818181818182
29	V137	0.659090909090909
30	V137	0.636363636363636
31	V137	0.613636363636364
32	V137	0.693181818181818
33	V137	0.636363636363636
34	V137	0.568181818181818
35	V137	0.58974358974359
36	V137	0.602564102564103
37	V137	0.569767441860465
38	V137	0.636363636363636
39	V137	0.682926829268293
40	V137	0.525
41	V137	0.628205128205128
42	V137	0.551282051282051
43	V137	0.585365853658537
44	V137	0.597222222222222
45	V137	0.647727272727273
46	V137	0.579545454545455
47	V137	0.534090909090909
48	V137	0.593023255813954
49	V137	0.636363636363636
50	V137	0.625
51	V137	0.579545454545455
52	V137	0.616279069767442
53	V137	0.625
54	V137	0.534883720930233
55	V137	0.568181818181818
56	V137	0.625
57	V137	0.556818181818182
58	V137	0.681818181818182
59	V137	0.602272727272727
60	V137	0.579545454545455
61	V137	0.534090909090909
62	V137	0.511363636363636
63	V137	0.556818181818182
64	V137	0.590909090909091
65	V137	0.704545454545455
66	V137	0.568181818181818
67	V137	0.556818181818182
68	V137	0.534090909090909
69	V137	0.568181818181818
70	V137	0.613636363636364
71	V137	0.625
72	V137	0.568181818181818
73	V137	0.579545454545455
74	V137	0.477272727272727
75	V137	0.546511627906977
76	V137	0.579545454545455
77	V137	0.579545454545455
78	V137	0.511363636363636
79	V137	0.579545454545455
80	V137	0.431818181818182
81	V137	0.647727272727273
82	V137	0.581395348837209
83	V137	0.454545454545455
84	V137	0.681818181818182
85	V137	0.568181818181818
86	V137	0.579545454545455
87	V137	0.534090909090909
88	V137	0.625
89	V137	0.602272727272727
90	V137	0.590909090909091
91	V137	0.659090909090909
92	V137	0.522727272727273
93	V137	0.659090909090909
94	V137	0.659090909090909
95	V137	0.625
96	V137	0.568181818181818
97	V137	0.568181818181818
98	V137	0.616279069767442
99	V137	0.511627906976744
100	V137	0.636363636363636
101	V137	0.636363636363636
102	V137	0.579545454545455
103	V137	0.602272727272727
104	V137	0.556818181818182
105	V137	0.636363636363636
106	V137	0.579545454545455
107	V137	0.602272727272727
108	V137	0.602272727272727
109	V137	0.647727272727273
110	V137	0.602272727272727
111	V137	0.625
112	V137	0.625
113	V137	0.522727272727273
114	V137	0.568181818181818
115	V137	0.602272727272727
116	V137	0.659090909090909
117	V137	0.568181818181818
118	V137	0.590909090909091
119	V137	0.647727272727273
120	V137	0.569767441860465
121	V137	0.556818181818182
122	V137	0.647727272727273
123	V137	0.534090909090909
124	V137	0.579545454545455
125	V137	0.579545454545455
126	V137	0.545454545454545
127	V137	0.556818181818182
128	V137	0.670454545454545
129	V137	0.647727272727273
130	V137	0.556818181818182
131	V137	0.556818181818182
132	V137	0.590909090909091
133	V137	0.568181818181818
134	V137	0.670454545454545
135	V137	0.636363636363636
136	V137	0.647727272727273
137	V137	1
138	V137	0.523255813953488
139	V137	0.579545454545455
140	V137	0.647727272727273
141	V137	0.545454545454545
142	V137	0.602272727272727
143	V137	0.590909090909091
144	V137	0.534090909090909
145	V137	0.602272727272727
146	V137	0.556818181818182
147	V137	0.602272727272727
148	V137	0.602272727272727
149	V137	0.625
1	V138	0.636363636363636
2	V138	0.659090909090909
3	V138	0.647727272727273
4	V138	0.602272727272727
5	V138	0.681818181818182
6	V138	0.556818181818182
7	V138	0.616279069767442
8	V138	0.647727272727273
9	V138	0.709302325581395
10	V138	0.602272727272727
11	V138	0.693181818181818
12	V138	0.602272727272727
13	V138	0.569767441860465
14	V138	0.659090909090909
15	V138	0.613636363636364
16	V138	0.625
17	V138	0.659090909090909
18	V138	0.627906976744186
19	V138	0.636363636363636
20	V138	0.647727272727273
21	V138	0.590909090909091
22	V138	0.625
23	V138	0.556818181818182
24	V138	0.659090909090909
25	V138	0.636363636363636
26	V138	0.625
27	V138	0.625
28	V138	0.636363636363636
29	V138	0.602272727272727
30	V138	0.625
31	V138	0.715909090909091
32	V138	0.522727272727273
33	V138	0.647727272727273
34	V138	0.556818181818182
35	V138	0.67948717948718
36	V138	0.67948717948718
37	V138	0.63953488372093
38	V138	0.602272727272727
39	V138	0.573170731707317
40	V138	0.6375
41	V138	0.67948717948718
42	V138	0.705128205128205
43	V138	0.621951219512195
44	V138	0.597222222222222
45	V138	0.659090909090909
46	V138	0.613636363636364
47	V138	0.590909090909091
48	V138	0.604651162790698
49	V138	0.647727272727273
50	V138	0.613636363636364
51	V138	0.590909090909091
52	V138	0.593023255813954
53	V138	0.681818181818182
54	V138	0.616279069767442
55	V138	0.670454545454545
56	V138	0.545454545454545
57	V138	0.636363636363636
58	V138	0.579545454545455
59	V138	0.568181818181818
60	V138	0.681818181818182
61	V138	0.568181818181818
62	V138	0.636363636363636
63	V138	0.545454545454545
64	V138	0.647727272727273
65	V138	0.602272727272727
66	V138	0.647727272727273
67	V138	0.568181818181818
68	V138	0.613636363636364
69	V138	0.625
70	V138	0.579545454545455
71	V138	0.613636363636364
72	V138	0.670454545454545
73	V138	0.613636363636364
74	V138	0.670454545454545
75	V138	0.674418604651163
76	V138	0.568181818181818
77	V138	0.659090909090909
78	V138	0.659090909090909
79	V138	0.704545454545455
80	V138	0.647727272727273
81	V138	0.590909090909091
82	V138	0.651162790697674
83	V138	0.579545454545455
84	V138	0.625
85	V138	0.602272727272727
86	V138	0.704545454545455
87	V138	0.681818181818182
88	V138	0.568181818181818
89	V138	0.681818181818182
90	V138	0.670454545454545
91	V138	0.602272727272727
92	V138	0.625
93	V138	0.602272727272727
94	V138	0.534090909090909
95	V138	0.590909090909091
96	V138	0.647727272727273
97	V138	0.647727272727273
98	V138	0.558139534883721
99	V138	0.569767441860465
100	V138	0.647727272727273
101	V138	0.602272727272727
102	V138	0.545454545454545
103	V138	0.545454545454545
104	V138	0.522727272727273
105	V138	0.625
106	V138	0.636363636363636
107	V138	0.522727272727273
108	V138	0.636363636363636
109	V138	0.545454545454545
110	V138	0.659090909090909
111	V138	0.636363636363636
112	V138	0.590909090909091
113	V138	0.602272727272727
114	V138	0.534090909090909
115	V138	0.568181818181818
116	V138	0.625
117	V138	0.670454545454545
118	V138	0.693181818181818
119	V138	0.681818181818182
120	V138	0.651162790697674
121	V138	0.568181818181818
122	V138	0.681818181818182
123	V138	0.568181818181818
124	V138	0.659090909090909
125	V138	0.704545454545455
126	V138	0.625
127	V138	0.681818181818182
128	V138	0.681818181818182
129	V138	0.636363636363636
130	V138	0.636363636363636
131	V138	0.704545454545455
132	V138	0.670454545454545
133	V138	0.556818181818182
134	V138	0.681818181818182
135	V138	0.738636363636364
136	V138	0.568181818181818
137	V138	0.534090909090909
138	V138	1
139	V138	0.636363636363636
140	V138	0.636363636363636
141	V138	0.534090909090909
142	V138	0.75
143	V138	0.715909090909091
144	V138	0.613636363636364
145	V138	0.659090909090909
146	V138	0.568181818181818
147	V138	0.636363636363636
148	V138	0.613636363636364
149	V138	0.681818181818182
1	V139	0.613636363636364
2	V139	0.5
3	V139	0.625
4	V139	0.625
5	V139	0.636363636363636
6	V139	0.579545454545455
7	V139	0.558139534883721
8	V139	0.647727272727273
9	V139	0.651162790697674
10	V139	0.556818181818182
11	V139	0.602272727272727
12	V139	0.579545454545455
13	V139	0.616279069767442
14	V139	0.636363636363636
15	V139	0.590909090909091
16	V139	0.625
17	V139	0.659090909090909
18	V139	0.662790697674419
19	V139	0.613636363636364
20	V139	0.670454545454545
21	V139	0.545454545454545
22	V139	0.647727272727273
23	V139	0.625
24	V139	0.636363636363636
25	V139	0.568181818181818
26	V139	0.602272727272727
27	V139	0.647727272727273
28	V139	0.590909090909091
29	V139	0.602272727272727
30	V139	0.602272727272727
31	V139	0.602272727272727
32	V139	0.545454545454545
33	V139	0.670454545454545
34	V139	0.602272727272727
35	V139	0.641025641025641
36	V139	0.564102564102564
37	V139	0.627906976744186
38	V139	0.625
39	V139	0.597560975609756
40	V139	0.7
41	V139	0.692307692307692
42	V139	0.628205128205128
43	V139	0.609756097560976
44	V139	0.555555555555556
45	V139	0.613636363636364
46	V139	0.636363636363636
47	V139	0.613636363636364
48	V139	0.534883720930233
49	V139	0.602272727272727
50	V139	0.590909090909091
51	V139	0.568181818181818
52	V139	0.581395348837209
53	V139	0.613636363636364
54	V139	0.616279069767442
55	V139	0.670454545454545
56	V139	0.636363636363636
57	V139	0.613636363636364
58	V139	0.534090909090909
59	V139	0.545454545454545
60	V139	0.613636363636364
61	V139	0.522727272727273
62	V139	0.704545454545455
63	V139	0.568181818181818
64	V139	0.625
65	V139	0.693181818181818
66	V139	0.579545454545455
67	V139	0.568181818181818
68	V139	0.613636363636364
69	V139	0.625
70	V139	0.534090909090909
71	V139	0.522727272727273
72	V139	0.670454545454545
73	V139	0.681818181818182
74	V139	0.579545454545455
75	V139	0.697674418604651
76	V139	0.590909090909091
77	V139	0.636363636363636
78	V139	0.590909090909091
79	V139	0.636363636363636
80	V139	0.579545454545455
81	V139	0.613636363636364
82	V139	0.63953488372093
83	V139	0.625
84	V139	0.647727272727273
85	V139	0.647727272727273
86	V139	0.704545454545455
87	V139	0.636363636363636
88	V139	0.636363636363636
89	V139	0.568181818181818
90	V139	0.693181818181818
91	V139	0.625
92	V139	0.693181818181818
93	V139	0.602272727272727
94	V139	0.602272727272727
95	V139	0.613636363636364
96	V139	0.625
97	V139	0.693181818181818
98	V139	0.581395348837209
99	V139	0.709302325581395
100	V139	0.670454545454545
101	V139	0.579545454545455
102	V139	0.5
103	V139	0.545454545454545
104	V139	0.568181818181818
105	V139	0.556818181818182
106	V139	0.659090909090909
107	V139	0.636363636363636
108	V139	0.636363636363636
109	V139	0.613636363636364
110	V139	0.590909090909091
111	V139	0.636363636363636
112	V139	0.659090909090909
113	V139	0.647727272727273
114	V139	0.647727272727273
115	V139	0.613636363636364
116	V139	0.625
117	V139	0.556818181818182
118	V139	0.625
119	V139	0.613636363636364
120	V139	0.593023255813954
121	V139	0.636363636363636
122	V139	0.590909090909091
123	V139	0.590909090909091
124	V139	0.590909090909091
125	V139	0.613636363636364
126	V139	0.579545454545455
127	V139	0.590909090909091
128	V139	0.590909090909091
129	V139	0.636363636363636
130	V139	0.613636363636364
131	V139	0.636363636363636
132	V139	0.670454545454545
133	V139	0.534090909090909
134	V139	0.659090909090909
135	V139	0.647727272727273
136	V139	0.613636363636364
137	V139	0.579545454545455
138	V139	0.627906976744186
139	V139	1
140	V139	0.590909090909091
141	V139	0.625
142	V139	0.636363636363636
143	V139	0.647727272727273
144	V139	0.659090909090909
145	V139	0.704545454545455
146	V139	0.681818181818182
147	V139	0.636363636363636
148	V139	0.659090909090909
149	V139	0.613636363636364
1	V140	0.681818181818182
2	V140	0.568181818181818
3	V140	0.602272727272727
4	V140	0.670454545454545
5	V140	0.613636363636364
6	V140	0.534090909090909
7	V140	0.569767441860465
8	V140	0.625
9	V140	0.604651162790698
10	V140	0.579545454545455
11	V140	0.647727272727273
12	V140	0.647727272727273
13	V140	0.593023255813954
14	V140	0.681818181818182
15	V140	0.681818181818182
16	V140	0.625
17	V140	0.613636363636364
18	V140	0.581395348837209
19	V140	0.613636363636364
20	V140	0.647727272727273
21	V140	0.636363636363636
22	V140	0.602272727272727
23	V140	0.579545454545455
24	V140	0.568181818181818
25	V140	0.681818181818182
26	V140	0.602272727272727
27	V140	0.693181818181818
28	V140	0.636363636363636
29	V140	0.693181818181818
30	V140	0.602272727272727
31	V140	0.693181818181818
32	V140	0.590909090909091
33	V140	0.647727272727273
34	V140	0.579545454545455
35	V140	0.666666666666667
36	V140	0.653846153846154
37	V140	0.523255813953488
38	V140	0.715909090909091
39	V140	0.597560975609756
40	V140	0.6125
41	V140	0.615384615384615
42	V140	0.602564102564103
43	V140	0.548780487804878
44	V140	0.625
45	V140	0.636363636363636
46	V140	0.590909090909091
47	V140	0.568181818181818
48	V140	0.569767441860465
49	V140	0.715909090909091
50	V140	0.545454545454545
51	V140	0.545454545454545
52	V140	0.604651162790698
53	V140	0.636363636363636
54	V140	0.593023255813954
55	V140	0.625
56	V140	0.522727272727273
57	V140	0.659090909090909
58	V140	0.670454545454545
59	V140	0.568181818181818
60	V140	0.636363636363636
61	V140	0.659090909090909
62	V140	0.590909090909091
63	V140	0.613636363636364
64	V140	0.511363636363636
65	V140	0.625
66	V140	0.625
67	V140	0.590909090909091
68	V140	0.545454545454545
69	V140	0.647727272727273
70	V140	0.693181818181818
71	V140	0.613636363636364
72	V140	0.556818181818182
73	V140	0.590909090909091
74	V140	0.715909090909091
75	V140	0.744186046511628
76	V140	0.659090909090909
77	V140	0.659090909090909
78	V140	0.613636363636364
79	V140	0.590909090909091
80	V140	0.625
81	V140	0.545454545454545
82	V140	0.593023255813954
83	V140	0.579545454545455
84	V140	0.602272727272727
85	V140	0.670454545454545
86	V140	0.568181818181818
87	V140	0.613636363636364
88	V140	0.681818181818182
89	V140	0.659090909090909
90	V140	0.693181818181818
91	V140	0.647727272727273
92	V140	0.534090909090909
93	V140	0.647727272727273
94	V140	0.625
95	V140	0.681818181818182
96	V140	0.670454545454545
97	V140	0.647727272727273
98	V140	0.604651162790698
99	V140	0.593023255813954
100	V140	0.693181818181818
101	V140	0.647727272727273
102	V140	0.636363636363636
103	V140	0.613636363636364
104	V140	0.545454545454545
105	V140	0.647727272727273
106	V140	0.613636363636364
107	V140	0.613636363636364
108	V140	0.681818181818182
109	V140	0.590909090909091
110	V140	0.590909090909091
111	V140	0.704545454545455
112	V140	0.704545454545455
113	V140	0.579545454545455
114	V140	0.602272727272727
115	V140	0.590909090909091
116	V140	0.670454545454545
117	V140	0.579545454545455
118	V140	0.602272727272727
119	V140	0.681818181818182
120	V140	0.63953488372093
121	V140	0.5
122	V140	0.636363636363636
123	V140	0.568181818181818
124	V140	0.613636363636364
125	V140	0.681818181818182
126	V140	0.488636363636364
127	V140	0.681818181818182
128	V140	0.659090909090909
129	V140	0.636363636363636
130	V140	0.636363636363636
131	V140	0.704545454545455
132	V140	0.715909090909091
133	V140	0.579545454545455
134	V140	0.613636363636364
135	V140	0.670454545454545
136	V140	0.659090909090909
137	V140	0.647727272727273
138	V140	0.627906976744186
139	V140	0.590909090909091
140	V140	1
141	V140	0.625
142	V140	0.613636363636364
143	V140	0.693181818181818
144	V140	0.5
145	V140	0.636363636363636
146	V140	0.545454545454545
147	V140	0.681818181818182
148	V140	0.613636363636364
149	V140	0.568181818181818
1	V141	0.579545454545455
2	V141	0.443181818181818
3	V141	0.568181818181818
4	V141	0.613636363636364
5	V141	0.670454545454545
6	V141	0.636363636363636
7	V141	0.558139534883721
8	V141	0.659090909090909
9	V141	0.5
10	V141	0.636363636363636
11	V141	0.636363636363636
12	V141	0.659090909090909
13	V141	0.569767441860465
14	V141	0.556818181818182
15	V141	0.556818181818182
16	V141	0.613636363636364
17	V141	0.693181818181818
18	V141	0.569767441860465
19	V141	0.556818181818182
20	V141	0.636363636363636
21	V141	0.625
22	V141	0.613636363636364
23	V141	0.636363636363636
24	V141	0.602272727272727
25	V141	0.534090909090909
26	V141	0.590909090909091
27	V141	0.568181818181818
28	V141	0.625
29	V141	0.659090909090909
30	V141	0.636363636363636
31	V141	0.659090909090909
32	V141	0.647727272727273
33	V141	0.522727272727273
34	V141	0.522727272727273
35	V141	0.653846153846154
36	V141	0.641025641025641
37	V141	0.534883720930233
38	V141	0.704545454545455
39	V141	0.573170731707317
40	V141	0.6375
41	V141	0.602564102564103
42	V141	0.58974358974359
43	V141	0.658536585365854
44	V141	0.666666666666667
45	V141	0.534090909090909
46	V141	0.579545454545455
47	V141	0.625
48	V141	0.63953488372093
49	V141	0.681818181818182
50	V141	0.625
51	V141	0.602272727272727
52	V141	0.63953488372093
53	V141	0.579545454545455
54	V141	0.593023255813954
55	V141	0.590909090909091
56	V141	0.556818181818182
57	V141	0.625
58	V141	0.613636363636364
59	V141	0.534090909090909
60	V141	0.647727272727273
61	V141	0.579545454545455
62	V141	0.420454545454545
63	V141	0.625
64	V141	0.5
65	V141	0.681818181818182
66	V141	0.568181818181818
67	V141	0.647727272727273
68	V141	0.625
69	V141	0.613636363636364
70	V141	0.568181818181818
71	V141	0.579545454545455
72	V141	0.477272727272727
73	V141	0.647727272727273
74	V141	0.636363636363636
75	V141	0.674418604651163
76	V141	0.625
77	V141	0.647727272727273
78	V141	0.625
79	V141	0.556818181818182
80	V141	0.636363636363636
81	V141	0.579545454545455
82	V141	0.720930232558139
83	V141	0.568181818181818
84	V141	0.590909090909091
85	V141	0.659090909090909
86	V141	0.534090909090909
87	V141	0.556818181818182
88	V141	0.625
89	V141	0.534090909090909
90	V141	0.545454545454545
91	V141	0.545454545454545
92	V141	0.636363636363636
93	V141	0.590909090909091
94	V141	0.5
95	V141	0.647727272727273
96	V141	0.545454545454545
97	V141	0.704545454545455
98	V141	0.569767441860465
99	V141	0.616279069767442
100	V141	0.613636363636364
101	V141	0.613636363636364
102	V141	0.602272727272727
103	V141	0.579545454545455
104	V141	0.511363636363636
105	V141	0.545454545454545
106	V141	0.602272727272727
107	V141	0.534090909090909
108	V141	0.602272727272727
109	V141	0.602272727272727
110	V141	0.556818181818182
111	V141	0.625
112	V141	0.602272727272727
113	V141	0.636363636363636
114	V141	0.636363636363636
115	V141	0.556818181818182
116	V141	0.704545454545455
117	V141	0.613636363636364
118	V141	0.545454545454545
119	V141	0.602272727272727
120	V141	0.616279069767442
121	V141	0.511363636363636
122	V141	0.602272727272727
123	V141	0.761363636363636
124	V141	0.625
125	V141	0.602272727272727
126	V141	0.522727272727273
127	V141	0.625
128	V141	0.625
129	V141	0.602272727272727
130	V141	0.647727272727273
131	V141	0.670454545454545
132	V141	0.613636363636364
133	V141	0.568181818181818
134	V141	0.465909090909091
135	V141	0.636363636363636
136	V141	0.625
137	V141	0.545454545454545
138	V141	0.523255813953488
139	V141	0.625
140	V141	0.625
141	V141	1
142	V141	0.625
143	V141	0.613636363636364
144	V141	0.556818181818182
145	V141	0.647727272727273
146	V141	0.647727272727273
147	V141	0.602272727272727
148	V141	0.579545454545455
149	V141	0.647727272727273
1	V142	0.590909090909091
2	V142	0.545454545454545
3	V142	0.647727272727273
4	V142	0.670454545454545
5	V142	0.772727272727273
6	V142	0.647727272727273
7	V142	0.627906976744186
8	V142	0.715909090909091
9	V142	0.604651162790698
10	V142	0.625
11	V142	0.670454545454545
12	V142	0.670454545454545
13	V142	0.686046511627907
14	V142	0.636363636363636
15	V142	0.681818181818182
16	V142	0.625
17	V142	0.636363636363636
18	V142	0.686046511627907
19	V142	0.727272727272727
20	V142	0.715909090909091
21	V142	0.613636363636364
22	V142	0.693181818181818
23	V142	0.602272727272727
24	V142	0.704545454545455
25	V142	0.636363636363636
26	V142	0.625
27	V142	0.670454545454545
28	V142	0.704545454545455
29	V142	0.715909090909091
30	V142	0.715909090909091
31	V142	0.670454545454545
32	V142	0.590909090909091
33	V142	0.670454545454545
34	V142	0.579545454545455
35	V142	0.628205128205128
36	V142	0.666666666666667
37	V142	0.627906976744186
38	V142	0.738636363636364
39	V142	0.695121951219512
40	V142	0.65
41	V142	0.730769230769231
42	V142	0.692307692307692
43	V142	0.682926829268293
44	V142	0.666666666666667
45	V142	0.659090909090909
46	V142	0.636363636363636
47	V142	0.636363636363636
48	V142	0.662790697674419
49	V142	0.647727272727273
50	V142	0.636363636363636
51	V142	0.727272727272727
52	V142	0.686046511627907
53	V142	0.75
54	V142	0.63953488372093
55	V142	0.670454545454545
56	V142	0.590909090909091
57	V142	0.704545454545455
58	V142	0.602272727272727
59	V142	0.613636363636364
60	V142	0.659090909090909
61	V142	0.545454545454545
62	V142	0.590909090909091
63	V142	0.636363636363636
64	V142	0.625
65	V142	0.647727272727273
66	V142	0.579545454545455
67	V142	0.636363636363636
68	V142	0.659090909090909
69	V142	0.670454545454545
70	V142	0.647727272727273
71	V142	0.681818181818182
72	V142	0.670454545454545
73	V142	0.613636363636364
74	V142	0.625
75	V142	0.697674418604651
76	V142	0.681818181818182
77	V142	0.659090909090909
78	V142	0.659090909090909
79	V142	0.613636363636364
80	V142	0.602272727272727
81	V142	0.681818181818182
82	V142	0.686046511627907
83	V142	0.625
84	V142	0.670454545454545
85	V142	0.715909090909091
86	V142	0.659090909090909
87	V142	0.636363636363636
88	V142	0.613636363636364
89	V142	0.75
90	V142	0.625
91	V142	0.693181818181818
92	V142	0.670454545454545
93	V142	0.625
94	V142	0.625
95	V142	0.681818181818182
96	V142	0.670454545454545
97	V142	0.715909090909091
98	V142	0.627906976744186
99	V142	0.709302325581395
100	V142	0.647727272727273
101	V142	0.602272727272727
102	V142	0.636363636363636
103	V142	0.681818181818182
104	V142	0.590909090909091
105	V142	0.670454545454545
106	V142	0.681818181818182
107	V142	0.636363636363636
108	V142	0.659090909090909
109	V142	0.613636363636364
110	V142	0.659090909090909
111	V142	0.75
112	V142	0.659090909090909
113	V142	0.625
114	V142	0.602272727272727
115	V142	0.636363636363636
116	V142	0.670454545454545
117	V142	0.670454545454545
118	V142	0.693181818181818
119	V142	0.636363636363636
120	V142	0.697674418604651
121	V142	0.590909090909091
122	V142	0.704545454545455
123	V142	0.590909090909091
124	V142	0.704545454545455
125	V142	0.704545454545455
126	V142	0.647727272727273
127	V142	0.704545454545455
128	V142	0.704545454545455
129	V142	0.704545454545455
130	V142	0.659090909090909
131	V142	0.704545454545455
132	V142	0.647727272727273
133	V142	0.647727272727273
134	V142	0.659090909090909
135	V142	0.715909090909091
136	V142	0.636363636363636
137	V142	0.602272727272727
138	V142	0.744186046511628
139	V142	0.636363636363636
140	V142	0.613636363636364
141	V142	0.625
142	V142	1
143	V142	0.647727272727273
144	V142	0.613636363636364
145	V142	0.681818181818182
146	V142	0.613636363636364
147	V142	0.659090909090909
148	V142	0.659090909090909
149	V142	0.795454545454545
1	V143	0.647727272727273
2	V143	0.534090909090909
3	V143	0.613636363636364
4	V143	0.613636363636364
5	V143	0.647727272727273
6	V143	0.522727272727273
7	V143	0.593023255813954
8	V143	0.727272727272727
9	V143	0.697674418604651
10	V143	0.613636363636364
11	V143	0.659090909090909
12	V143	0.636363636363636
13	V143	0.604651162790698
14	V143	0.625
15	V143	0.579545454545455
16	V143	0.613636363636364
17	V143	0.670454545454545
18	V143	0.581395348837209
19	V143	0.602272727272727
20	V143	0.636363636363636
21	V143	0.693181818181818
22	V143	0.613636363636364
23	V143	0.545454545454545
24	V143	0.579545454545455
25	V143	0.579545454545455
26	V143	0.613636363636364
27	V143	0.613636363636364
28	V143	0.625
29	V143	0.659090909090909
30	V143	0.613636363636364
31	V143	0.659090909090909
32	V143	0.602272727272727
33	V143	0.681818181818182
34	V143	0.545454545454545
35	V143	0.743589743589744
36	V143	0.628205128205128
37	V143	0.523255813953488
38	V143	0.704545454545455
39	V143	0.548780487804878
40	V143	0.65
41	V143	0.666666666666667
42	V143	0.615384615384615
43	V143	0.658536585365854
44	V143	0.555555555555556
45	V143	0.647727272727273
46	V143	0.625
47	V143	0.602272727272727
48	V143	0.63953488372093
49	V143	0.590909090909091
50	V143	0.625
51	V143	0.534090909090909
52	V143	0.593023255813954
53	V143	0.693181818181818
54	V143	0.651162790697674
55	V143	0.636363636363636
56	V143	0.602272727272727
57	V143	0.693181818181818
58	V143	0.613636363636364
59	V143	0.625
60	V143	0.693181818181818
61	V143	0.693181818181818
62	V143	0.625
63	V143	0.579545454545455
64	V143	0.681818181818182
65	V143	0.659090909090909
66	V143	0.659090909090909
67	V143	0.625
68	V143	0.579545454545455
69	V143	0.613636363636364
70	V143	0.568181818181818
71	V143	0.602272727272727
72	V143	0.613636363636364
73	V143	0.693181818181818
74	V143	0.613636363636364
75	V143	0.709302325581395
76	V143	0.556818181818182
77	V143	0.647727272727273
78	V143	0.579545454545455
79	V143	0.670454545454545
80	V143	0.590909090909091
81	V143	0.625
82	V143	0.616279069767442
83	V143	0.659090909090909
84	V143	0.636363636363636
85	V143	0.636363636363636
86	V143	0.670454545454545
87	V143	0.693181818181818
88	V143	0.647727272727273
89	V143	0.625
90	V143	0.727272727272727
91	V143	0.568181818181818
92	V143	0.590909090909091
93	V143	0.590909090909091
94	V143	0.659090909090909
95	V143	0.602272727272727
96	V143	0.659090909090909
97	V143	0.681818181818182
98	V143	0.697674418604651
99	V143	0.651162790697674
100	V143	0.659090909090909
101	V143	0.590909090909091
102	V143	0.579545454545455
103	V143	0.602272727272727
104	V143	0.511363636363636
105	V143	0.659090909090909
106	V143	0.670454545454545
107	V143	0.602272727272727
108	V143	0.670454545454545
109	V143	0.625
110	V143	0.670454545454545
111	V143	0.625
112	V143	0.602272727272727
113	V143	0.636363636363636
114	V143	0.545454545454545
115	V143	0.579545454545455
116	V143	0.704545454545455
117	V143	0.545454545454545
118	V143	0.659090909090909
119	V143	0.693181818181818
120	V143	0.534883720930233
121	V143	0.579545454545455
122	V143	0.625
123	V143	0.670454545454545
124	V143	0.556818181818182
125	V143	0.670454545454545
126	V143	0.568181818181818
127	V143	0.625
128	V143	0.602272727272727
129	V143	0.647727272727273
130	V143	0.602272727272727
131	V143	0.670454545454545
132	V143	0.727272727272727
133	V143	0.613636363636364
134	V143	0.579545454545455
135	V143	0.704545454545455
136	V143	0.647727272727273
137	V143	0.590909090909091
138	V143	0.720930232558139
139	V143	0.647727272727273
140	V143	0.693181818181818
141	V143	0.613636363636364
142	V143	0.647727272727273
143	V143	1
144	V143	0.625
145	V143	0.693181818181818
146	V143	0.625
147	V143	0.670454545454545
148	V143	0.579545454545455
149	V143	0.534090909090909
1	V144	0.590909090909091
2	V144	0.568181818181818
3	V144	0.534090909090909
4	V144	0.579545454545455
5	V144	0.590909090909091
6	V144	0.602272727272727
7	V144	0.604651162790698
8	V144	0.647727272727273
9	V144	0.697674418604651
10	V144	0.625
11	V144	0.625
12	V144	0.579545454545455
13	V144	0.593023255813954
14	V144	0.681818181818182
15	V144	0.545454545454545
16	V144	0.647727272727273
17	V144	0.636363636363636
18	V144	0.616279069767442
19	V144	0.590909090909091
20	V144	0.579545454545455
21	V144	0.590909090909091
22	V144	0.602272727272727
23	V144	0.625
24	V144	0.590909090909091
25	V144	0.568181818181818
26	V144	0.602272727272727
27	V144	0.625
28	V144	0.590909090909091
29	V144	0.602272727272727
30	V144	0.579545454545455
31	V144	0.602272727272727
32	V144	0.5
33	V144	0.670454545454545
34	V144	0.556818181818182
35	V144	0.67948717948718
36	V144	0.615384615384615
37	V144	0.604651162790698
38	V144	0.647727272727273
39	V144	0.609756097560976
40	V144	0.6625
41	V144	0.67948717948718
42	V144	0.576923076923077
43	V144	0.634146341463415
44	V144	0.694444444444444
45	V144	0.568181818181818
46	V144	0.590909090909091
47	V144	0.613636363636364
48	V144	0.63953488372093
49	V144	0.556818181818182
50	V144	0.613636363636364
51	V144	0.659090909090909
52	V144	0.63953488372093
53	V144	0.613636363636364
54	V144	0.662790697674419
55	V144	0.670454545454545
56	V144	0.704545454545455
57	V144	0.636363636363636
58	V144	0.647727272727273
59	V144	0.636363636363636
60	V144	0.568181818181818
61	V144	0.522727272727273
62	V144	0.568181818181818
63	V144	0.659090909090909
64	V144	0.670454545454545
65	V144	0.625
66	V144	0.602272727272727
67	V144	0.681818181818182
68	V144	0.590909090909091
69	V144	0.647727272727273
70	V144	0.465909090909091
71	V144	0.636363636363636
72	V144	0.579545454545455
73	V144	0.659090909090909
74	V144	0.534090909090909
75	V144	0.651162790697674
76	V144	0.613636363636364
77	V144	0.704545454545455
78	V144	0.659090909090909
79	V144	0.613636363636364
80	V144	0.602272727272727
81	V144	0.613636363636364
82	V144	0.593023255813954
83	V144	0.602272727272727
84	V144	0.647727272727273
85	V144	0.625
86	V144	0.681818181818182
87	V144	0.704545454545455
88	V144	0.590909090909091
89	V144	0.545454545454545
90	V144	0.647727272727273
91	V144	0.534090909090909
92	V144	0.579545454545455
93	V144	0.647727272727273
94	V144	0.534090909090909
95	V144	0.613636363636364
96	V144	0.602272727272727
97	V144	0.625
98	V144	0.593023255813954
99	V144	0.63953488372093
100	V144	0.625
101	V144	0.579545454545455
102	V144	0.636363636363636
103	V144	0.590909090909091
104	V144	0.568181818181818
105	V144	0.465909090909091
106	V144	0.704545454545455
107	V144	0.522727272727273
108	V144	0.636363636363636
109	V144	0.681818181818182
110	V144	0.681818181818182
111	V144	0.568181818181818
112	V144	0.590909090909091
113	V144	0.579545454545455
114	V144	0.647727272727273
115	V144	0.545454545454545
116	V144	0.647727272727273
117	V144	0.693181818181818
118	V144	0.602272727272727
119	V144	0.636363636363636
120	V144	0.569767441860465
121	V144	0.659090909090909
122	V144	0.568181818181818
123	V144	0.590909090909091
124	V144	0.636363636363636
125	V144	0.613636363636364
126	V144	0.693181818181818
127	V144	0.659090909090909
128	V144	0.590909090909091
129	V144	0.613636363636364
130	V144	0.636363636363636
131	V144	0.568181818181818
132	V144	0.556818181818182
133	V144	0.602272727272727
134	V144	0.613636363636364
135	V144	0.670454545454545
136	V144	0.636363636363636
137	V144	0.534090909090909
138	V144	0.616279069767442
139	V144	0.659090909090909
140	V144	0.5
141	V144	0.556818181818182
142	V144	0.613636363636364
143	V144	0.625
144	V144	1
145	V144	0.613636363636364
146	V144	0.659090909090909
147	V144	0.636363636363636
148	V144	0.704545454545455
149	V144	0.522727272727273
1	V145	0.590909090909091
2	V145	0.522727272727273
3	V145	0.647727272727273
4	V145	0.602272727272727
5	V145	0.659090909090909
6	V145	0.647727272727273
7	V145	0.616279069767442
8	V145	0.693181818181818
9	V145	0.569767441860465
10	V145	0.625
11	V145	0.761363636363636
12	V145	0.670454545454545
13	V145	0.593023255813954
14	V145	0.636363636363636
15	V145	0.590909090909091
16	V145	0.602272727272727
17	V145	0.636363636363636
18	V145	0.604651162790698
19	V145	0.613636363636364
20	V145	0.670454545454545
21	V145	0.636363636363636
22	V145	0.625
23	V145	0.670454545454545
24	V145	0.659090909090909
25	V145	0.659090909090909
26	V145	0.670454545454545
27	V145	0.625
28	V145	0.681818181818182
29	V145	0.670454545454545
30	V145	0.670454545454545
31	V145	0.625
32	V145	0.613636363636364
33	V145	0.647727272727273
34	V145	0.670454545454545
35	V145	0.743589743589744
36	V145	0.666666666666667
37	V145	0.616279069767442
38	V145	0.693181818181818
39	V145	0.658536585365854
40	V145	0.65
41	V145	0.67948717948718
42	V145	0.705128205128205
43	V145	0.646341463414634
44	V145	0.583333333333333
45	V145	0.568181818181818
46	V145	0.636363636363636
47	V145	0.659090909090909
48	V145	0.720930232558139
49	V145	0.670454545454545
50	V145	0.704545454545455
51	V145	0.681818181818182
52	V145	0.674418604651163
53	V145	0.613636363636364
54	V145	0.616279069767442
55	V145	0.647727272727273
56	V145	0.568181818181818
57	V145	0.659090909090909
58	V145	0.602272727272727
59	V145	0.636363636363636
60	V145	0.659090909090909
61	V145	0.568181818181818
62	V145	0.613636363636364
63	V145	0.636363636363636
64	V145	0.579545454545455
65	V145	0.806818181818182
66	V145	0.579545454545455
67	V145	0.636363636363636
68	V145	0.613636363636364
69	V145	0.625
70	V145	0.602272727272727
71	V145	0.590909090909091
72	V145	0.602272727272727
73	V145	0.568181818181818
74	V145	0.647727272727273
75	V145	0.697674418604651
76	V145	0.636363636363636
77	V145	0.636363636363636
78	V145	0.590909090909091
79	V145	0.590909090909091
80	V145	0.556818181818182
81	V145	0.659090909090909
82	V145	0.697674418604651
83	V145	0.761363636363636
84	V145	0.715909090909091
85	V145	0.647727272727273
86	V145	0.659090909090909
87	V145	0.659090909090909
88	V145	0.704545454545455
89	V145	0.613636363636364
90	V145	0.647727272727273
91	V145	0.625
92	V145	0.693181818181818
93	V145	0.647727272727273
94	V145	0.556818181818182
95	V145	0.636363636363636
96	V145	0.579545454545455
97	V145	0.693181818181818
98	V145	0.616279069767442
99	V145	0.686046511627907
100	V145	0.625
101	V145	0.647727272727273
102	V145	0.545454545454545
103	V145	0.568181818181818
104	V145	0.431818181818182
105	V145	0.579545454545455
106	V145	0.659090909090909
107	V145	0.590909090909091
108	V145	0.590909090909091
109	V145	0.659090909090909
110	V145	0.704545454545455
111	V145	0.613636363636364
112	V145	0.681818181818182
113	V145	0.625
114	V145	0.602272727272727
115	V145	0.613636363636364
116	V145	0.670454545454545
117	V145	0.602272727272727
118	V145	0.625
119	V145	0.636363636363636
120	V145	0.593023255813954
121	V145	0.636363636363636
122	V145	0.636363636363636
123	V145	0.590909090909091
124	V145	0.659090909090909
125	V145	0.681818181818182
126	V145	0.602272727272727
127	V145	0.704545454545455
128	V145	0.681818181818182
129	V145	0.590909090909091
130	V145	0.636363636363636
131	V145	0.590909090909091
132	V145	0.647727272727273
133	V145	0.579545454545455
134	V145	0.636363636363636
135	V145	0.715909090909091
136	V145	0.636363636363636
137	V145	0.602272727272727
138	V145	0.662790697674419
139	V145	0.704545454545455
140	V145	0.636363636363636
141	V145	0.647727272727273
142	V145	0.681818181818182
143	V145	0.693181818181818
144	V145	0.613636363636364
145	V145	1
146	V145	0.681818181818182
147	V145	0.590909090909091
148	V145	0.636363636363636
149	V145	0.659090909090909
1	V146	0.545454545454545
2	V146	0.545454545454545
3	V146	0.625
4	V146	0.602272727272727
5	V146	0.659090909090909
6	V146	0.625
7	V146	0.534883720930233
8	V146	0.670454545454545
9	V146	0.604651162790698
10	V146	0.511363636363636
11	V146	0.625
12	V146	0.602272727272727
13	V146	0.581395348837209
14	V146	0.590909090909091
15	V146	0.568181818181818
16	V146	0.670454545454545
17	V146	0.636363636363636
18	V146	0.662790697674419
19	V146	0.568181818181818
20	V146	0.670454545454545
21	V146	0.659090909090909
22	V146	0.670454545454545
23	V146	0.579545454545455
24	V146	0.568181818181818
25	V146	0.590909090909091
26	V146	0.670454545454545
27	V146	0.534090909090909
28	V146	0.613636363636364
29	V146	0.602272727272727
30	V146	0.647727272727273
31	V146	0.625
32	V146	0.590909090909091
33	V146	0.625
34	V146	0.625
35	V146	0.67948717948718
36	V146	0.653846153846154
37	V146	0.651162790697674
38	V146	0.647727272727273
39	V146	0.634146341463415
40	V146	0.5625
41	V146	0.628205128205128
42	V146	0.641025641025641
43	V146	0.682926829268293
44	V146	0.541666666666667
45	V146	0.590909090909091
46	V146	0.613636363636364
47	V146	0.704545454545455
48	V146	0.604651162790698
49	V146	0.579545454545455
50	V146	0.636363636363636
51	V146	0.613636363636364
52	V146	0.674418604651163
53	V146	0.590909090909091
54	V146	0.651162790697674
55	V146	0.602272727272727
56	V146	0.613636363636364
57	V146	0.568181818181818
58	V146	0.625
59	V146	0.568181818181818
60	V146	0.590909090909091
61	V146	0.568181818181818
62	V146	0.545454545454545
63	V146	0.568181818181818
64	V146	0.625
65	V146	0.693181818181818
66	V146	0.602272727272727
67	V146	0.659090909090909
68	V146	0.659090909090909
69	V146	0.602272727272727
70	V146	0.579545454545455
71	V146	0.545454545454545
72	V146	0.556818181818182
73	V146	0.636363636363636
74	V146	0.556818181818182
75	V146	0.616279069767442
76	V146	0.681818181818182
77	V146	0.613636363636364
78	V146	0.590909090909091
79	V146	0.522727272727273
80	V146	0.556818181818182
81	V146	0.545454545454545
82	V146	0.616279069767442
83	V146	0.647727272727273
84	V146	0.647727272727273
85	V146	0.579545454545455
86	V146	0.681818181818182
87	V146	0.590909090909091
88	V146	0.659090909090909
89	V146	0.545454545454545
90	V146	0.647727272727273
91	V146	0.602272727272727
92	V146	0.647727272727273
93	V146	0.647727272727273
94	V146	0.534090909090909
95	V146	0.636363636363636
96	V146	0.602272727272727
97	V146	0.625
98	V146	0.581395348837209
99	V146	0.674418604651163
100	V146	0.602272727272727
101	V146	0.534090909090909
102	V146	0.568181818181818
103	V146	0.545454545454545
104	V146	0.522727272727273
105	V146	0.556818181818182
106	V146	0.681818181818182
107	V146	0.5
108	V146	0.590909090909091
109	V146	0.613636363636364
110	V146	0.590909090909091
111	V146	0.613636363636364
112	V146	0.636363636363636
113	V146	0.602272727272727
114	V146	0.670454545454545
115	V146	0.568181818181818
116	V146	0.715909090909091
117	V146	0.534090909090909
118	V146	0.602272727272727
119	V146	0.659090909090909
120	V146	0.534883720930233
121	V146	0.613636363636364
122	V146	0.590909090909091
123	V146	0.613636363636364
124	V146	0.636363636363636
125	V146	0.613636363636364
126	V146	0.625
127	V146	0.636363636363636
128	V146	0.659090909090909
129	V146	0.590909090909091
130	V146	0.568181818181818
131	V146	0.590909090909091
132	V146	0.579545454545455
133	V146	0.488636363636364
134	V146	0.477272727272727
135	V146	0.647727272727273
136	V146	0.590909090909091
137	V146	0.556818181818182
138	V146	0.558139534883721
139	V146	0.681818181818182
140	V146	0.545454545454545
141	V146	0.647727272727273
142	V146	0.613636363636364
143	V146	0.625
144	V146	0.659090909090909
145	V146	0.681818181818182
146	V146	1
147	V146	0.590909090909091
148	V146	0.681818181818182
149	V146	0.590909090909091
1	V147	0.636363636363636
2	V147	0.636363636363636
3	V147	0.670454545454545
4	V147	0.625
5	V147	0.681818181818182
6	V147	0.670454545454545
7	V147	0.674418604651163
8	V147	0.670454545454545
9	V147	0.697674418604651
10	V147	0.647727272727273
11	V147	0.647727272727273
12	V147	0.670454545454545
13	V147	0.732558139534884
14	V147	0.636363636363636
15	V147	0.545454545454545
16	V147	0.602272727272727
17	V147	0.704545454545455
18	V147	0.686046511627907
19	V147	0.613636363636364
20	V147	0.647727272727273
21	V147	0.613636363636364
22	V147	0.670454545454545
23	V147	0.602272727272727
24	V147	0.590909090909091
25	V147	0.659090909090909
26	V147	0.670454545454545
27	V147	0.715909090909091
28	V147	0.704545454545455
29	V147	0.670454545454545
30	V147	0.625
31	V147	0.625
32	V147	0.613636363636364
33	V147	0.625
34	V147	0.579545454545455
35	V147	0.641025641025641
36	V147	0.666666666666667
37	V147	0.604651162790698
38	V147	0.647727272727273
39	V147	0.621951219512195
40	V147	0.65
41	V147	0.615384615384615
42	V147	0.615384615384615
43	V147	0.695121951219512
44	V147	0.638888888888889
45	V147	0.659090909090909
46	V147	0.636363636363636
47	V147	0.590909090909091
48	V147	0.627906976744186
49	V147	0.647727272727273
50	V147	0.613636363636364
51	V147	0.659090909090909
52	V147	0.546511627906977
53	V147	0.636363636363636
54	V147	0.686046511627907
55	V147	0.625
56	V147	0.613636363636364
57	V147	0.659090909090909
58	V147	0.602272727272727
59	V147	0.681818181818182
60	V147	0.704545454545455
61	V147	0.636363636363636
62	V147	0.636363636363636
63	V147	0.613636363636364
64	V147	0.670454545454545
65	V147	0.670454545454545
66	V147	0.670454545454545
67	V147	0.727272727272727
68	V147	0.704545454545455
69	V147	0.579545454545455
70	V147	0.602272727272727
71	V147	0.727272727272727
72	V147	0.715909090909091
73	V147	0.659090909090909
74	V147	0.647727272727273
75	V147	0.697674418604651
76	V147	0.590909090909091
77	V147	0.727272727272727
78	V147	0.613636363636364
79	V147	0.704545454545455
80	V147	0.534090909090909
81	V147	0.659090909090909
82	V147	0.686046511627907
83	V147	0.625
84	V147	0.647727272727273
85	V147	0.670454545454545
86	V147	0.636363636363636
87	V147	0.636363636363636
88	V147	0.681818181818182
89	V147	0.659090909090909
90	V147	0.647727272727273
91	V147	0.693181818181818
92	V147	0.625
93	V147	0.715909090909091
94	V147	0.602272727272727
95	V147	0.613636363636364
96	V147	0.715909090909091
97	V147	0.715909090909091
98	V147	0.674418604651163
99	V147	0.732558139534884
100	V147	0.602272727272727
101	V147	0.693181818181818
102	V147	0.727272727272727
103	V147	0.636363636363636
104	V147	0.613636363636364
105	V147	0.670454545454545
106	V147	0.727272727272727
107	V147	0.704545454545455
108	V147	1
109	V147	0.704545454545455
110	V147	0.613636363636364
111	V147	0.636363636363636
112	V147	0.727272727272727
113	V147	0.670454545454545
114	V147	0.647727272727273
115	V147	0.590909090909091
116	V147	0.738636363636364
117	V147	0.693181818181818
118	V147	0.625
119	V147	0.659090909090909
120	V147	0.697674418604651
121	V147	0.681818181818182
122	V147	0.636363636363636
123	V147	0.636363636363636
124	V147	0.613636363636364
125	V147	0.727272727272727
126	V147	0.579545454545455
127	V147	0.659090909090909
128	V147	0.681818181818182
129	V147	0.659090909090909
130	V147	0.681818181818182
131	V147	0.704545454545455
132	V147	0.647727272727273
133	V147	0.579545454545455
134	V147	0.613636363636364
135	V147	0.625
136	V147	0.681818181818182
137	V147	0.602272727272727
138	V147	0.627906976744186
139	V147	0.636363636363636
140	V147	0.681818181818182
141	V147	0.602272727272727
142	V147	0.659090909090909
143	V147	0.670454545454545
144	V147	0.636363636363636
145	V147	0.590909090909091
146	V147	0.590909090909091
147	V147	1
148	V147	0.681818181818182
149	V147	0.636363636363636
1	V148	0.568181818181818
2	V148	0.613636363636364
3	V148	0.602272727272727
4	V148	0.602272727272727
5	V148	0.659090909090909
6	V148	0.625
7	V148	0.63953488372093
8	V148	0.693181818181818
9	V148	0.662790697674419
10	V148	0.579545454545455
11	V148	0.625
12	V148	0.625
13	V148	0.662790697674419
14	V148	0.681818181818182
15	V148	0.636363636363636
16	V148	0.625
17	V148	0.659090909090909
18	V148	0.604651162790698
19	V148	0.772727272727273
20	V148	0.647727272727273
21	V148	0.659090909090909
22	V148	0.602272727272727
23	V148	0.625
24	V148	0.590909090909091
25	V148	0.590909090909091
26	V148	0.625
27	V148	0.602272727272727
28	V148	0.704545454545455
29	V148	0.647727272727273
30	V148	0.625
31	V148	0.602272727272727
32	V148	0.568181818181818
33	V148	0.625
34	V148	0.670454545454545
35	V148	0.615384615384615
36	V148	0.666666666666667
37	V148	0.546511627906977
38	V148	0.625
39	V148	0.634146341463415
40	V148	0.7375
41	V148	0.692307692307692
42	V148	0.58974358974359
43	V148	0.597560975609756
44	V148	0.694444444444444
45	V148	0.636363636363636
46	V148	0.704545454545455
47	V148	0.659090909090909
48	V148	0.593023255813954
49	V148	0.670454545454545
50	V148	0.590909090909091
51	V148	0.659090909090909
52	V148	0.593023255813954
53	V148	0.636363636363636
54	V148	0.616279069767442
55	V148	0.579545454545455
56	V148	0.636363636363636
57	V148	0.568181818181818
58	V148	0.556818181818182
59	V148	0.590909090909091
60	V148	0.613636363636364
61	V148	0.568181818181818
62	V148	0.545454545454545
63	V148	0.613636363636364
64	V148	0.647727272727273
65	V148	0.647727272727273
66	V148	0.670454545454545
67	V148	0.704545454545455
68	V148	0.636363636363636
69	V148	0.647727272727273
70	V148	0.647727272727273
71	V148	0.704545454545455
72	V148	0.602272727272727
73	V148	0.568181818181818
74	V148	0.556818181818182
75	V148	0.627906976744186
76	V148	0.613636363636364
77	V148	0.681818181818182
78	V148	0.613636363636364
79	V148	0.545454545454545
80	V148	0.579545454545455
81	V148	0.568181818181818
82	V148	0.604651162790698
83	V148	0.556818181818182
84	V148	0.670454545454545
85	V148	0.647727272727273
86	V148	0.727272727272727
87	V148	0.636363636363636
88	V148	0.659090909090909
89	V148	0.613636363636364
90	V148	0.670454545454545
91	V148	0.602272727272727
92	V148	0.579545454545455
93	V148	0.693181818181818
94	V148	0.556818181818182
95	V148	0.613636363636364
96	V148	0.625
97	V148	0.670454545454545
98	V148	0.488372093023256
99	V148	0.732558139534884
100	V148	0.647727272727273
101	V148	0.579545454545455
102	V148	0.636363636363636
103	V148	0.636363636363636
104	V148	0.477272727272727
105	V148	0.579545454545455
106	V148	0.727272727272727
107	V148	0.613636363636364
108	V148	0.681818181818182
109	V148	0.659090909090909
110	V148	0.659090909090909
111	V148	0.659090909090909
112	V148	0.659090909090909
113	V148	0.625
114	V148	0.556818181818182
115	V148	0.636363636363636
116	V148	0.693181818181818
117	V148	0.625
118	V148	0.625
119	V148	0.636363636363636
120	V148	0.616279069767442
121	V148	0.681818181818182
122	V148	0.590909090909091
123	V148	0.522727272727273
124	V148	0.681818181818182
125	V148	0.659090909090909
126	V148	0.625
127	V148	0.636363636363636
128	V148	0.795454545454545
129	V148	0.704545454545455
130	V148	0.681818181818182
131	V148	0.613636363636364
132	V148	0.579545454545455
133	V148	0.625
134	V148	0.613636363636364
135	V148	0.670454545454545
136	V148	0.636363636363636
137	V148	0.602272727272727
138	V148	0.604651162790698
139	V148	0.659090909090909
140	V148	0.613636363636364
141	V148	0.579545454545455
142	V148	0.659090909090909
143	V148	0.579545454545455
144	V148	0.704545454545455
145	V148	0.636363636363636
146	V148	0.681818181818182
147	V148	0.681818181818182
148	V148	1
149	V148	0.568181818181818
1	V149	0.545454545454545
2	V149	0.568181818181818
3	V149	0.625
4	V149	0.670454545454545
5	V149	0.704545454545455
6	V149	0.602272727272727
7	V149	0.616279069767442
8	V149	0.579545454545455
9	V149	0.511627906976744
10	V149	0.602272727272727
11	V149	0.625
12	V149	0.647727272727273
13	V149	0.546511627906977
14	V149	0.568181818181818
15	V149	0.545454545454545
16	V149	0.625
17	V149	0.636363636363636
18	V149	0.651162790697674
19	V149	0.568181818181818
20	V149	0.738636363636364
21	V149	0.545454545454545
22	V149	0.647727272727273
23	V149	0.625
24	V149	0.613636363636364
25	V149	0.590909090909091
26	V149	0.647727272727273
27	V149	0.602272727272727
28	V149	0.636363636363636
29	V149	0.693181818181818
30	V149	0.670454545454545
31	V149	0.602272727272727
32	V149	0.568181818181818
33	V149	0.556818181818182
34	V149	0.625
35	V149	0.576923076923077
36	V149	0.564102564102564
37	V149	0.569767441860465
38	V149	0.602272727272727
39	V149	0.621951219512195
40	V149	0.6
41	V149	0.602564102564103
42	V149	0.653846153846154
43	V149	0.634146341463415
44	V149	0.625
45	V149	0.568181818181818
46	V149	0.568181818181818
47	V149	0.590909090909091
48	V149	0.63953488372093
49	V149	0.647727272727273
50	V149	0.659090909090909
51	V149	0.659090909090909
52	V149	0.662790697674419
53	V149	0.659090909090909
54	V149	0.569767441860465
55	V149	0.579545454545455
56	V149	0.545454545454545
57	V149	0.636363636363636
58	V149	0.647727272727273
59	V149	0.590909090909091
60	V149	0.568181818181818
61	V149	0.5
62	V149	0.545454545454545
63	V149	0.568181818181818
64	V149	0.534090909090909
65	V149	0.647727272727273
66	V149	0.556818181818182
67	V149	0.568181818181818
68	V149	0.704545454545455
69	V149	0.602272727272727
70	V149	0.625
71	V149	0.613636363636364
72	V149	0.602272727272727
73	V149	0.613636363636364
74	V149	0.579545454545455
75	V149	0.558139534883721
76	V149	0.613636363636364
77	V149	0.545454545454545
78	V149	0.568181818181818
79	V149	0.590909090909091
80	V149	0.511363636363636
81	V149	0.636363636363636
82	V149	0.686046511627907
83	V149	0.534090909090909
84	V149	0.647727272727273
85	V149	0.670454545454545
86	V149	0.681818181818182
87	V149	0.5
88	V149	0.522727272727273
89	V149	0.659090909090909
90	V149	0.556818181818182
91	V149	0.647727272727273
92	V149	0.625
93	V149	0.579545454545455
94	V149	0.579545454545455
95	V149	0.613636363636364
96	V149	0.602272727272727
97	V149	0.670454545454545
98	V149	0.534883720930233
99	V149	0.523255813953488
100	V149	0.625
101	V149	0.602272727272727
102	V149	0.545454545454545
103	V149	0.659090909090909
104	V149	0.636363636363636
105	V149	0.602272727272727
106	V149	0.636363636363636
107	V149	0.613636363636364
108	V149	0.636363636363636
109	V149	0.568181818181818
110	V149	0.590909090909091
111	V149	0.659090909090909
112	V149	0.659090909090909
113	V149	0.693181818181818
114	V149	0.625
115	V149	0.636363636363636
116	V149	0.625
117	V149	0.670454545454545
118	V149	0.670454545454545
119	V149	0.636363636363636
120	V149	0.720930232558139
121	V149	0.5
122	V149	0.727272727272727
123	V149	0.522727272727273
124	V149	0.659090909090909
125	V149	0.704545454545455
126	V149	0.534090909090909
127	V149	0.636363636363636
128	V149	0.681818181818182
129	V149	0.636363636363636
130	V149	0.681818181818182
131	V149	0.636363636363636
132	V149	0.579545454545455
133	V149	0.556818181818182
134	V149	0.613636363636364
135	V149	0.647727272727273
136	V149	0.545454545454545
137	V149	0.625
138	V149	0.674418604651163
139	V149	0.613636363636364
140	V149	0.568181818181818
141	V149	0.647727272727273
142	V149	0.795454545454545
143	V149	0.534090909090909
144	V149	0.522727272727273
145	V149	0.659090909090909
146	V149	0.590909090909091
147	V149	0.636363636363636
148	V149	0.568181818181818
149	V149	1
